{"wavelength": 1000, "bend_radius": 0.03, "cladding_n": 1.450417409406875, "core_n": 1.452417409406875, "trench_n": 1.445417409406875, "deltan_core": 0.002, "deltan_ring": 0.005, "core_radius": 4.15e-06, "trench_ID": 9.96e-06, "trench_OD": 1.4940000000000001e-05, "1": {"n": 1.450417409406875, "loss": 0.02970542846600716, "neff": 1.451239177308937, "mode_effective_area": 7.820503250388271e-11, "TE_polarization_fraction": 0.9999998911707852}, "2": {"n": 1.450417409406875, "loss": 0.029462615655288963, "neff": 1.4512376349983858, "mode_effective_area": 7.828378928951547e-11, "TE_polarization_fraction": 1.0849609744070469e-07}, "3": {"n": 1.450417409406875, "loss": 9.252111361446802, "neff": 1.449910280230309, "mode_effective_area": 1.3292488683129825e-10, "TE_polarization_fraction": 0.9976544530910336}, "4": {"n": 1.450417409406875, "loss": 9.336072995969392, "neff": 1.4499101848399314, "mode_effective_area": 1.3323756110548965e-10, "TE_polarization_fraction": 0.0037062467268614077}, "5": {"n": 1.450417409406875, "loss": 6.227658082085094, "neff": 1.4498998453986918, "mode_effective_area": 1.3469407701636246e-10, "TE_polarization_fraction": 0.9963447107483334}, "6": {"n": 1.450417409406875, "loss": 6.2599344000825345, "neff": 1.4498991024592214, "mode_effective_area": 1.3494291577211374e-10, "TE_polarization_fraction": 0.002390901223572233}}