{"wavelength": 1000, "bend_radius": 0.075, "cladding_n": 1.450417409406875, "core_n": 1.452417409406875, "trench_n": 1.445417409406875, "deltan_core": 0.002, "deltan_ring": 0.005, "core_radius": 4.15e-06, "trench_ID": 9.96e-06, "trench_OD": 1.4940000000000001e-05, "1": {"n": 1.450417409406875, "loss": 1.6898308159656698e-06, "neff": 1.4512298248663977, "mode_effective_area": 7.789825103406475e-11, "TE_polarization_fraction": 0.9999998969127029}, "2": {"n": 1.450417409406875, "loss": 1.768744795150816e-06, "neff": 1.451228262592769, "mode_effective_area": 7.79762392778497e-11, "TE_polarization_fraction": 1.0254895731563996e-07}, "3": {"n": 1.450417409406875, "loss": 5.875965961204381, "neff": 1.4498875676411425, "mode_effective_area": 1.7290275067442384e-10, "TE_polarization_fraction": 0.22121052120376586}, "4": {"n": 1.450417409406875, "loss": 5.903545486213857, "neff": 1.449887546017695, "mode_effective_area": 1.475587333036588e-10, "TE_polarization_fraction": 0.922048858069435}, "5": {"n": 1.450417409406875, "loss": 5.506759099603975, "neff": 1.4498860555722421, "mode_effective_area": 1.7282513691977446e-10, "TE_polarization_fraction": 0.7789387787862333}, "6": {"n": 1.450417409406875, "loss": 5.4270460319535, "neff": 1.4498854508146064, "mode_effective_area": 1.4798549135150214e-10, "TE_polarization_fraction": 0.07839280375054558}}