{"wavelength": 1000, "bend_radius": 0.01, "cladding_n": 1.450417409406875, "core_n": 1.452417409406875, "trench_n": 1.445417409406875, "deltan_core": 0.002, "deltan_ring": 0.005, "core_radius": 4.15e-06, "trench_ID": 9.96e-06, "trench_OD": 1.4940000000000001e-05, "1": {"n": 1.450417409406875, "loss": 1.5424026532926705, "neff": 1.4513309194980994, "mode_effective_area": 8.169974038580092e-11, "TE_polarization_fraction": 0.9999998398841463}, "2": {"n": 1.450417409406875, "loss": 1.5569257745425449, "neff": 1.4513295804333994, "mode_effective_area": 8.179853818844621e-11, "TE_polarization_fraction": 1.712868244742789e-07}, "3": {"n": 1.450417409406875, "loss": 56.200630310173416, "neff": 1.4501159803294732, "mode_effective_area": 1.2296967185896548e-10, "TE_polarization_fraction": 5.903363767064499e-05}, "4": {"n": 1.450417409406875, "loss": 56.060033099075454, "neff": 1.45011577069122, "mode_effective_area": 1.230557381235199e-10, "TE_polarization_fraction": 0.999981772274748}, "5": {"n": 1.450417409406875, "loss": 21.83862300047105, "neff": 1.4500304468531866, "mode_effective_area": 1.3958367907701887e-10, "TE_polarization_fraction": 0.9999466510630762}, "6": {"n": 1.450417409406875, "loss": 21.915280100058524, "neff": 1.4500298991099398, "mode_effective_area": 1.3996758866442465e-10, "TE_polarization_fraction": 2.2688766955202753e-05}}