{"wavelength": 1000, "bend_radius": 0.2, "cladding_n": 1.450417409406875, "core_n": 1.452417409406875, "trench_n": 1.445417409406875, "deltan_core": 0.002, "deltan_ring": 0.005, "core_radius": 4.15e-06, "trench_ID": 9.96e-06, "trench_OD": 1.4940000000000001e-05, "1": {"n": 1.450417409406875, "loss": -1.1632155160942816e-09, "neff": 1.4512282989542715, "mode_effective_area": 7.784935432111853e-11, "TE_polarization_fraction": 0.999999897858588}, "2": {"n": 1.450417409406875, "loss": 1.1072365948360441e-09, "neff": 1.4512267334430415, "mode_effective_area": 7.792724477341413e-11, "TE_polarization_fraction": 1.015839469443644e-07}, "3": {"n": 1.450417409406875, "loss": 5.1154929407945255, "neff": 1.4498845444140174, "mode_effective_area": 1.758877354284321e-10, "TE_polarization_fraction": 0.7581081809333519}, "4": {"n": 1.450417409406875, "loss": 5.038272896395445, "neff": 1.449884073659216, "mode_effective_area": 1.9729485049751377e-10, "TE_polarization_fraction": 0.5854735993420255}, "5": {"n": 1.450417409406875, "loss": 5.311212580945258, "neff": 1.449883078189953, "mode_effective_area": 1.7632937244388378e-10, "TE_polarization_fraction": 0.2417802875684467}, "6": {"n": 1.450417409406875, "loss": 5.105702392971852, "neff": 1.449882925675737, "mode_effective_area": 1.974401244001198e-10, "TE_polarization_fraction": 0.4151808597170513}}