{"wavelength": 1000, "bend_radius": 0.02, "cladding_n": 1.450417409406875, "core_n": 1.452417409406875, "trench_n": 1.445417409406875, "deltan_core": 0.002, "deltan_ring": 0.005, "core_radius": 4.15e-06, "trench_ID": 9.96e-06, "trench_OD": 1.4940000000000001e-05, "1": {"n": 1.450417409406875, "loss": 0.15662227514439225, "neff": 1.4512531906057133, "mode_effective_area": 7.868383321720571e-11, "TE_polarization_fraction": 0.9999998827362346}, "2": {"n": 1.450417409406875, "loss": 0.16057753375003145, "neff": 1.4512516784160405, "mode_effective_area": 7.876427668165554e-11, "TE_polarization_fraction": 1.1754073195099856e-07}, "3": {"n": 1.450417409406875, "loss": 15.702068562158313, "neff": 1.4499438969099894, "mode_effective_area": 1.3140339523301614e-10, "TE_polarization_fraction": 0.9995689201687153}, "4": {"n": 1.450417409406875, "loss": 15.783296435461647, "neff": 1.4499438568583436, "mode_effective_area": 1.3151186463002031e-10, "TE_polarization_fraction": 0.000699766152580416}, "5": {"n": 1.450417409406875, "loss": 8.14131707578303, "neff": 1.4499200321550183, "mode_effective_area": 1.3530535441211096e-10, "TE_polarization_fraction": 0.9993209081568178}, "6": {"n": 1.450417409406875, "loss": 8.180337833645902, "neff": 1.4499193151220584, "mode_effective_area": 1.3572781170974554e-10, "TE_polarization_fraction": 0.0004498657952406128}}