{"wavelength": 1000, "bend_radius": 0.005, "cladding_n": 1.450417409406875, "core_n": 1.452417409406875, "trench_n": 1.445417409406875, "deltan_core": 0.002, "deltan_ring": 0.005, "core_radius": 4.15e-06, "trench_ID": 9.96e-06, "trench_OD": 1.4940000000000001e-05, "1": {"n": 1.450417409406875, "loss": 31.701007684099533, "neff": 1.4516781078553918, "mode_effective_area": 9.73332543410811e-11, "TE_polarization_fraction": 0.9999997227920194}, "2": {"n": 1.450417409406875, "loss": 31.882570836910674, "neff": 1.4516776043944168, "mode_effective_area": 9.758620606530174e-11, "TE_polarization_fraction": 5.359107847503097e-07}, "3": {"n": 1.450417409406875, "loss": 283.4909114993792, "neff": 1.4506526613866855, "mode_effective_area": 1.1010460659860098e-10, "TE_polarization_fraction": 2.2114685356234633e-05}, "4": {"n": 1.450417409406875, "loss": 284.3812282486938, "neff": 1.4506523106827556, "mode_effective_area": 1.102951418289047e-10, "TE_polarization_fraction": 0.9999997007547705}, "5": {"n": 1.450417409406875, "loss": 134.25323646376393, "neff": 1.450479865142995, "mode_effective_area": 1.3341932066918316e-10, "TE_polarization_fraction": 2.8841780263431813e-06}, "6": {"n": 1.450417409406875, "loss": 134.11184324781033, "neff": 1.4504797702746741, "mode_effective_area": 1.3325505769953834e-10, "TE_polarization_fraction": 0.9999812727803357}}