{"wavelength": 1000, "bend_radius": 0.045, "cladding_n": 1.450417409406875, "core_n": 1.452417409406875, "trench_n": 1.445417409406875, "deltan_core": 0.002, "deltan_ring": 0.005, "core_radius": 4.15e-06, "trench_ID": 9.96e-06, "trench_OD": 1.4940000000000001e-05, "1": {"n": 1.450417409406875, "loss": 0.0017566567479016608, "neff": 1.4512329859910338, "mode_effective_area": 7.800056916354011e-11, "TE_polarization_fraction": 0.9999998949614389}, "2": {"n": 1.450417409406875, "loss": 0.0014662899925560178, "neff": 1.4512314304395217, "mode_effective_area": 7.80787644143452e-11, "TE_polarization_fraction": 1.0455222446820333e-07}, "3": {"n": 1.450417409406875, "loss": 6.42079366490209, "neff": 1.449895205029001, "mode_effective_area": 1.3509069761952517e-10, "TE_polarization_fraction": 0.9879288514372113}, "4": {"n": 1.450417409406875, "loss": 6.408890148646975, "neff": 1.449895102126358, "mode_effective_area": 1.3698462424225614e-10, "TE_polarization_fraction": 0.02243135712493592}, "5": {"n": 1.450417409406875, "loss": 5.565710286327178, "neff": 1.4498908614671784, "mode_effective_area": 1.3751121143722775e-10, "TE_polarization_fraction": 0.977713391927999}, "6": {"n": 1.450417409406875, "loss": 5.59894162565121, "neff": 1.4498901259963404, "mode_effective_area": 1.361796423276295e-10, "TE_polarization_fraction": 0.012180988369889501}}