{"wavelength": 1000, "bend_radius": 0.035, "cladding_n": 1.450417409406875, "core_n": 1.452417409406875, "trench_n": 1.445417409406875, "deltan_core": 0.002, "deltan_ring": 0.005, "core_radius": 4.15e-06, "trench_ID": 9.96e-06, "trench_OD": 1.4940000000000001e-05, "1": {"n": 1.450417409406875, "loss": 0.011145326797600698, "neff": 1.451236217835703, "mode_effective_area": 7.810666489394213e-11, "TE_polarization_fraction": 0.999999892977754}, "2": {"n": 1.450417409406875, "loss": 0.01181681254460245, "neff": 1.4512346691563265, "mode_effective_area": 7.818513816622127e-11, "TE_polarization_fraction": 1.0660702087778357e-07}, "3": {"n": 1.450417409406875, "loss": 7.911125726018261, "neff": 1.4499030851666173, "mode_effective_area": 1.3350084234292472e-10, "TE_polarization_fraction": 0.9955957938551532}, "4": {"n": 1.450417409406875, "loss": 7.950061412759012, "neff": 1.4499029821606597, "mode_effective_area": 1.3406659543699514e-10, "TE_polarization_fraction": 0.007221693299114963}, "5": {"n": 1.450417409406875, "loss": 5.888342086235777, "neff": 1.4498955641922244, "mode_effective_area": 1.3506965639481252e-10, "TE_polarization_fraction": 0.9928527574579762}, "6": {"n": 1.450417409406875, "loss": 5.918474102772532, "neff": 1.4498948194244168, "mode_effective_area": 1.3506748940144023e-10, "TE_polarization_fraction": 0.0044676721245004}}