{"wavelength": 1000, "bend_radius": 0.3, "cladding_n": 1.450417409406875, "core_n": 1.452417409406875, "trench_n": 1.445417409406875, "deltan_core": 0.002, "deltan_ring": 0.005, "core_radius": 4.15e-06, "trench_ID": 9.96e-06, "trench_OD": 1.4940000000000001e-05, "1": {"n": 1.450417409406875, "loss": -2.6669369594818654e-10, "neff": 1.451228160304287, "mode_effective_area": 7.784492562001141e-11, "TE_polarization_fraction": 0.9999998979446624}, "2": {"n": 1.450417409406875, "loss": 2.721996587673021e-10, "neff": 1.4512265944990863, "mode_effective_area": 7.792280748740728e-11, "TE_polarization_fraction": 1.0149632313373145e-07}, "3": {"n": 1.450417409406875, "loss": 5.035008966679483, "neff": 1.449884313221901, "mode_effective_area": 1.7050394076341862e-10, "TE_polarization_fraction": 0.7907403128652475}, "4": {"n": 1.450417409406875, "loss": 5.0497313590641015, "neff": 1.4498837974048147, "mode_effective_area": 1.9996661880196027e-10, "TE_polarization_fraction": 0.5242110193818651}, "5": {"n": 1.450417409406875, "loss": 5.1002104831108195, "neff": 1.449882769670026, "mode_effective_area": 1.7094508155938323e-10, "TE_polarization_fraction": 0.2092011205633192}, "6": {"n": 1.450417409406875, "loss": 5.0930255032696685, "neff": 1.449882664299352, "mode_effective_area": 2.00006383393146e-10, "TE_polarization_fraction": 0.47640919120850367}}