{"wavelength": 1000, "bend_radius": 0, "cladding_n": 1.450417409406875, "core_n": 1.452417409406875, "trench_n": 1.445417409406875, "deltan_core": 0.002, "deltan_ring": 0.005, "core_radius": 4.15e-06, "trench_ID": 9.96e-06, "trench_OD": 1.4940000000000001e-05, "1": {"n": 1.450417409406875, "loss": -3.161089387341487e-11, "neff": 1.4512280493925926, "mode_effective_area": 7.784138460436423e-11, "TE_polarization_fraction": 0.9999998980135321}, "2": {"n": 1.450417409406875, "loss": 2.865451419941026e-11, "neff": 1.4512264833522586, "mode_effective_area": 7.791925964450427e-11, "TE_polarization_fraction": 1.0142623649404705e-07}, "3": {"n": 1.450417409406875, "loss": 5.038630982746088, "neff": 1.4498841295338263, "mode_effective_area": 1.667840603210062e-10, "TE_polarization_fraction": 0.8124144542468541}, "4": {"n": 1.450417409406875, "loss": 5.146703447894537, "neff": 1.4498835747651606, "mode_effective_area": 1.9987837232365274e-10, "TE_polarization_fraction": 0.4705502441240948}, "5": {"n": 1.450417409406875, "loss": 5.011247455504982, "neff": 1.4498825210761561, "mode_effective_area": 1.6723337335733833e-10, "TE_polarization_fraction": 0.18752710204089587}, "6": {"n": 1.450417409406875, "loss": 5.177771633190381, "neff": 1.4498824404181854, "mode_effective_area": 1.9982821033117942e-10, "TE_polarization_fraction": 0.5300637690511883}}