{"wavelength": 1000, "bend_radius": 0.1, "cladding_n": 1.450417409406875, "core_n": 1.452417409406875, "trench_n": 1.445417409406875, "deltan_core": 0.002, "deltan_ring": 0.005, "core_radius": 4.15e-06, "trench_ID": 9.96e-06, "trench_OD": 1.4940000000000001e-05, "1": {"n": 1.450417409406875, "loss": -8.180954979496879e-08, "neff": 1.451229047863493, "mode_effective_area": 7.787331626488869e-11, "TE_polarization_fraction": 0.9999998973940308}, "2": {"n": 1.450417409406875, "loss": 8.085114090817288e-08, "neff": 1.4512274839407506, "mode_effective_area": 7.795125405529713e-11, "TE_polarization_fraction": 1.0205741487983568e-07}, "3": {"n": 1.450417409406875, "loss": 5.074133085797539, "neff": 1.4498859016767678, "mode_effective_area": 1.9937920987814674e-10, "TE_polarization_fraction": 0.49399512279269264}, "4": {"n": 1.450417409406875, "loss": 4.905155738443207, "neff": 1.4498856971478127, "mode_effective_area": 1.6611692346155213e-10, "TE_polarization_fraction": 0.8205277251474358}, "5": {"n": 1.450417409406875, "loss": 5.064756365871547, "neff": 1.449884646396649, "mode_effective_area": 1.9955815447036365e-10, "TE_polarization_fraction": 0.5061696457880313}, "6": {"n": 1.450417409406875, "loss": 5.160840184911577, "neff": 1.449884228624505, "mode_effective_area": 1.664267361470883e-10, "TE_polarization_fraction": 0.18009617922069043}}