{"wavelength": 1000, "bend_radius": 0.025, "cladding_n": 1.450417409406875, "core_n": 1.452417409406875, "trench_n": 1.445417409406875, "deltan_core": 0.002, "deltan_ring": 0.005, "core_radius": 4.15e-06, "trench_ID": 9.96e-06, "trench_OD": 1.4940000000000001e-05, "1": {"n": 1.450417409406875, "loss": 0.0674460345827601, "neff": 1.4512440968971658, "mode_effective_area": 7.837070509046109e-11, "TE_polarization_fraction": 0.9999998881864834}, "2": {"n": 1.450417409406875, "loss": 0.06839220733056334, "neff": 1.451242565071097, "mode_effective_area": 7.844993291360164e-11, "TE_polarization_fraction": 1.1165196554394258e-07}, "3": {"n": 1.450417409406875, "loss": 11.509415770855105, "neff": 1.4499221710452561, "mode_effective_area": 1.3232456631346953e-10, "TE_polarization_fraction": 0.9988969824346261}, "4": {"n": 1.450417409406875, "loss": 11.550106245417423, "neff": 1.4499220936001833, "mode_effective_area": 1.3250394122069686e-10, "TE_polarization_fraction": 0.0017253496427613502}, "5": {"n": 1.450417409406875, "loss": 6.868216516380244, "neff": 1.4499069436860967, "mode_effective_area": 1.347536466541731e-10, "TE_polarization_fraction": 0.9983081850939857}, "6": {"n": 1.450417409406875, "loss": 6.906353638965711, "neff": 1.44990620837309, "mode_effective_area": 1.35125186606646e-10, "TE_polarization_fraction": 0.0011335127763135615}}