{"wavelength": 1000, "bend_radius": 0.05, "cladding_n": 1.450417409406875, "core_n": 1.452417409406875, "trench_n": 1.445417409406875, "deltan_core": 0.002, "deltan_ring": 0.005, "core_radius": 4.15e-06, "trench_ID": 9.96e-06, "trench_OD": 1.4940000000000001e-05, "1": {"n": 1.450417409406875, "loss": 0.00046126661271591983, "neff": 1.4512320469047184, "mode_effective_area": 7.797000994288447e-11, "TE_polarization_fraction": 0.9999998955399423}, "2": {"n": 1.450417409406875, "loss": 0.0005724515107933051, "neff": 1.4512304893514585, "mode_effective_area": 7.804815209133524e-11, "TE_polarization_fraction": 1.0395647106044673e-07}, "3": {"n": 1.450417409406875, "loss": 5.984428113610501, "neff": 1.4498929160674427, "mode_effective_area": 1.3626448689808206e-10, "TE_polarization_fraction": 0.9817727837039817}, "4": {"n": 1.450417409406875, "loss": 6.013867082899659, "neff": 1.449892821064246, "mode_effective_area": 1.3960045673486136e-10, "TE_polarization_fraction": 0.036636442120538786}, "5": {"n": 1.450417409406875, "loss": 5.4982908758353854, "neff": 1.4498894786948777, "mode_effective_area": 1.3998518509205683e-10, "TE_polarization_fraction": 0.9635554968387333}, "6": {"n": 1.450417409406875, "loss": 5.525207317714595, "neff": 1.4498887538840723, "mode_effective_area": 1.3721331754198978e-10, "TE_polarization_fraction": 0.018365440063005396}}