{"wavelength": 1000, "bend_radius": 0.04, "cladding_n": 1.450417409406875, "core_n": 1.452417409406875, "trench_n": 1.445417409406875, "deltan_core": 0.002, "deltan_ring": 0.005, "core_radius": 4.15e-06, "trench_ID": 9.96e-06, "trench_OD": 1.4940000000000001e-05, "1": {"n": 1.450417409406875, "loss": 0.004239064272287048, "neff": 1.4512342997431151, "mode_effective_area": 7.804349285071524e-11, "TE_polarization_fraction": 0.9999998941537118}, "2": {"n": 1.450417409406875, "loss": 0.0044989181743117675, "neff": 1.451232747001613, "mode_effective_area": 7.812184254944193e-11, "TE_polarization_fraction": 1.0538661941392188e-07}, "3": {"n": 1.450417409406875, "loss": 7.036695812907692, "neff": 1.449898409647427, "mode_effective_area": 1.3419275175303664e-10, "TE_polarization_fraction": 0.9924479204767186}, "4": {"n": 1.450417409406875, "loss": 7.0220711791035475, "neff": 1.4498983042611038, "mode_effective_area": 1.3523374781782174e-10, "TE_polarization_fraction": 0.01309318192778803}, "5": {"n": 1.450417409406875, "loss": 5.688819538987073, "neff": 1.4498927795398513, "mode_effective_area": 1.3595338498787572e-10, "TE_polarization_fraction": 0.9870122974419745}, "6": {"n": 1.450417409406875, "loss": 5.722941011583841, "neff": 1.4498920374055604, "mode_effective_area": 1.3547481331784123e-10, "TE_polarization_fraction": 0.007637017274118405}}