{"wavelength": 1000, "bend_radius": 0.015, "cladding_n": 1.450417409406875, "core_n": 1.452417409406875, "trench_n": 1.445417409406875, "deltan_core": 0.002, "deltan_ring": 0.005, "core_radius": 4.15e-06, "trench_ID": 9.96e-06, "trench_OD": 1.4940000000000001e-05, "1": {"n": 1.450417409406875, "loss": 0.402618626525398, "neff": 1.4512730053017584, "mode_effective_area": 7.939661479269021e-11, "TE_polarization_fraction": 0.9999998711699857}, "2": {"n": 1.450417409406875, "loss": 0.4085738009593547, "neff": 1.4512715363101134, "mode_effective_area": 7.948025609540072e-11, "TE_polarization_fraction": 1.3062502054087205e-07}, "3": {"n": 1.450417409406875, "loss": 25.236056139146623, "neff": 1.4499900892435365, "mode_effective_area": 1.2935199971002058e-10, "TE_polarization_fraction": 0.00023209924110759143}, "4": {"n": 1.450417409406875, "loss": 25.1466945953483, "neff": 1.4499900537646495, "mode_effective_area": 1.2930850589139588e-10, "TE_polarization_fraction": 0.9998766299496885}, "5": {"n": 1.450417409406875, "loss": 11.169793034769427, "neff": 1.4499484362794546, "mode_effective_area": 1.366691013785812e-10, "TE_polarization_fraction": 0.9997794839864327}, "6": {"n": 1.450417409406875, "loss": 11.217135694421874, "neff": 1.4499477622894401, "mode_effective_area": 1.370983174174222e-10, "TE_polarization_fraction": 0.0001334803388543726}}