{"wavelength": 1010, "bend_radius": 0.075, "cladding_n": 1.4502917785835465, "core_n": 1.4522917785835465, "trench_n": 1.4452917785835466, "deltan_core": 0.002, "deltan_ring": 0.005, "core_radius": 4.15e-06, "trench_ID": 9.96e-06, "trench_OD": 1.4940000000000001e-05, "1": {"n": 1.4502917785835465, "loss": 4.5803096625665665e-06, "neff": 1.4510902008853883, "mode_effective_area": 7.884505225686346e-11, "TE_polarization_fraction": 0.9999998950725437}, "2": {"n": 1.4502917785835465, "loss": 2.9986700558694222e-06, "neff": 1.4510886533481024, "mode_effective_area": 7.892575833811796e-11, "TE_polarization_fraction": 1.0437755110035957e-07}, "3": {"n": 1.4502917785835465, "loss": 7.1348682747662515, "neff": 1.4497384010043133, "mode_effective_area": 1.7420103254440706e-10, "TE_polarization_fraction": 0.2137952475244919}, "4": {"n": 1.4502917785835465, "loss": 7.230211620645085, "neff": 1.4497383707027751, "mode_effective_area": 1.5052918603953717e-10, "TE_polarization_fraction": 0.9178454819645773}, "5": {"n": 1.4502917785835465, "loss": 6.430273876336361, "neff": 1.4497368499723549, "mode_effective_area": 1.7406295069798754e-10, "TE_polarization_fraction": 0.7861139269674445}, "6": {"n": 1.4502917785835465, "loss": 6.294289580399902, "neff": 1.449736293617154, "mode_effective_area": 1.508544600068723e-10, "TE_polarization_fraction": 0.08272258594980283}}