{"wavelength": 1010, "bend_radius": 0.01, "cladding_n": 1.4502917785835465, "core_n": 1.4522917785835465, "trench_n": 1.4452917785835466, "deltan_core": 0.002, "deltan_ring": 0.005, "core_radius": 4.15e-06, "trench_ID": 9.96e-06, "trench_OD": 1.4940000000000001e-05, "1": {"n": 1.4502917785835465, "loss": 1.7458195567835948, "neff": 1.4511918527839385, "mode_effective_area": 8.274410599785567e-11, "TE_polarization_fraction": 0.9999998376379511}, "2": {"n": 1.4502917785835465, "loss": 1.7619296801144069, "neff": 1.4511905286246756, "mode_effective_area": 8.284657555031313e-11, "TE_polarization_fraction": 1.7361810743310878e-07}, "3": {"n": 1.4502917785835465, "loss": 61.545725441888244, "neff": 1.449966320096328, "mode_effective_area": 1.240737723039994e-10, "TE_polarization_fraction": 6.229279904439474e-05}, "4": {"n": 1.4502917785835465, "loss": 61.40248828868632, "neff": 1.449966099723122, "mode_effective_area": 1.2416460642651366e-10, "TE_polarization_fraction": 0.9999807962773959}, "5": {"n": 1.4502917785835465, "loss": 24.245977215981814, "neff": 1.449881555261748, "mode_effective_area": 1.409941357259676e-10, "TE_polarization_fraction": 0.9999435974613995}, "6": {"n": 1.4502917785835465, "loss": 24.32542322304231, "neff": 1.449881049576248, "mode_effective_area": 1.4136454338160027e-10, "TE_polarization_fraction": 2.3833453019051993e-05}}