{"wavelength": 1010, "bend_radius": 0.3, "cladding_n": 1.4502917785835465, "core_n": 1.4522917785835465, "trench_n": 1.4452917785835466, "deltan_core": 0.002, "deltan_ring": 0.005, "core_radius": 4.15e-06, "trench_ID": 9.96e-06, "trench_OD": 1.4940000000000001e-05, "1": {"n": 1.4502917785835465, "loss": -5.07575415318936e-10, "neff": 1.4510885267583051, "mode_effective_area": 7.878977679116987e-11, "TE_polarization_fraction": 0.9999998961130152}, "2": {"n": 1.4502917785835465, "loss": 4.914583974793993e-10, "neff": 1.4510869756822435, "mode_effective_area": 7.887035740056834e-11, "TE_polarization_fraction": 1.0332536640632505e-07}, "3": {"n": 1.4502917785835465, "loss": 5.866674440349666, "neff": 1.4497351133708847, "mode_effective_area": 1.7498258053891483e-10, "TE_polarization_fraction": 0.778597267734716}, "4": {"n": 1.4502917785835465, "loss": 5.88378570236767, "neff": 1.4497346308944605, "mode_effective_area": 2.0296686667053218e-10, "TE_polarization_fraction": 0.5100915217314412}, "5": {"n": 1.4502917785835465, "loss": 5.8927035365874145, "neff": 1.449733581042008, "mode_effective_area": 1.7540648751413707e-10, "TE_polarization_fraction": 0.22136378928238706}, "6": {"n": 1.4502917785835465, "loss": 5.926638980858486, "neff": 1.449733481113204, "mode_effective_area": 2.029874541908672e-10, "TE_polarization_fraction": 0.49054764467150475}}