{"wavelength": 1010, "bend_radius": 0.02, "cladding_n": 1.4502917785835465, "core_n": 1.4522917785835465, "trench_n": 1.4452917785835466, "deltan_core": 0.002, "deltan_ring": 0.005, "core_radius": 4.15e-06, "trench_ID": 9.96e-06, "trench_OD": 1.4940000000000001e-05, "1": {"n": 1.4502917785835465, "loss": 0.18448200098103953, "neff": 1.451113700066827, "mode_effective_area": 7.965751675664363e-11, "TE_polarization_fraction": 0.9999998807831034}, "2": {"n": 1.4502917785835465, "loss": 0.1891623022355727, "neff": 1.4511122027070495, "mode_effective_area": 7.974096730497041e-11, "TE_polarization_fraction": 1.193986121323084e-07}, "3": {"n": 1.4502917785835465, "loss": 17.55778674781032, "neff": 1.4497947446147983, "mode_effective_area": 1.328601475349647e-10, "TE_polarization_fraction": 0.9995515796977988}, "4": {"n": 1.4502917785835465, "loss": 17.641417915555426, "neff": 1.4497947218423153, "mode_effective_area": 1.329672608199193e-10, "TE_polarization_fraction": 0.0007236841486674623}, "5": {"n": 1.4502917785835465, "loss": 9.26003851073796, "neff": 1.449770939727449, "mode_effective_area": 1.3706826927501403e-10, "TE_polarization_fraction": 0.9992974786416644}, "6": {"n": 1.4502917785835465, "loss": 9.301600224512118, "neff": 1.4497702768549907, "mode_effective_area": 1.3746981896396798e-10, "TE_polarization_fraction": 0.00046778093317957127}}