{"wavelength": 1010, "bend_radius": 0, "cladding_n": 1.4502917785835465, "core_n": 1.4522917785835465, "trench_n": 1.4452917785835466, "deltan_core": 0.002, "deltan_ring": 0.005, "core_radius": 4.15e-06, "trench_ID": 9.96e-06, "trench_OD": 1.4940000000000001e-05, "1": {"n": 1.4502917785835465, "loss": -5.684511414677536e-11, "neff": 1.4510884152092642, "mode_effective_area": 7.878610571767062e-11, "TE_polarization_fraction": 0.9999998961824558}, "2": {"n": 1.4502917785835465, "loss": 5.996175799665264e-11, "neff": 1.4510868638975856, "mode_effective_area": 7.886667820279114e-11, "TE_polarization_fraction": 1.0325531928139853e-07}, "3": {"n": 1.4502917785835465, "loss": 5.847151959347573, "neff": 1.4497349275795453, "mode_effective_area": 1.7111310459062528e-10, "TE_polarization_fraction": 0.8011686123476992}, "4": {"n": 1.4502917785835465, "loss": 5.890308590589874, "neff": 1.449734408429586, "mode_effective_area": 2.0226105338601364e-10, "TE_polarization_fraction": 0.4566287434544085}, "5": {"n": 1.4502917785835465, "loss": 5.822312088250237, "neff": 1.4497333335052323, "mode_effective_area": 1.7155224691353957e-10, "TE_polarization_fraction": 0.19877886298692177}, "6": {"n": 1.4502917785835465, "loss": 5.926441679283642, "neff": 1.4497332539573065, "mode_effective_area": 2.0219481163608622e-10, "TE_polarization_fraction": 0.5439616430562236}}