{"wavelength": 1010, "bend_radius": 0.015, "cladding_n": 1.4502917785835465, "core_n": 1.4522917785835465, "trench_n": 1.4452917785835466, "deltan_core": 0.002, "deltan_ring": 0.005, "core_radius": 4.15e-06, "trench_ID": 9.96e-06, "trench_OD": 1.4940000000000001e-05, "1": {"n": 1.4502917785835465, "loss": 0.46507722143759084, "neff": 1.4511336261235483, "mode_effective_area": 8.039114561238967e-11, "TE_polarization_fraction": 0.9999998691307308}, "2": {"n": 1.4502917785835465, "loss": 0.47190776844381793, "neff": 1.4511321720256494, "mode_effective_area": 8.047799871161064e-11, "TE_polarization_fraction": 1.3255363527901433e-07}, "3": {"n": 1.4502917785835465, "loss": 27.995431712468953, "neff": 1.4498408903917224, "mode_effective_area": 1.306218879804851e-10, "TE_polarization_fraction": 0.00024181365908041282}, "4": {"n": 1.4502917785835465, "loss": 27.900101896048042, "neff": 1.4498408395315352, "mode_effective_area": 1.3058275062630952e-10, "TE_polarization_fraction": 0.9998713550921855}, "5": {"n": 1.4502917785835465, "loss": 12.592231803812956, "neff": 1.44979942043307, "mode_effective_area": 1.38332620779033e-10, "TE_polarization_fraction": 0.9997700861483307}, "6": {"n": 1.4502917785835465, "loss": 12.642339860104512, "neff": 1.4497987973129223, "mode_effective_area": 1.3874303901567937e-10, "TE_polarization_fraction": 0.00013909640914586225}}