{"wavelength": 1010, "bend_radius": 0.005, "cladding_n": 1.4502917785835465, "core_n": 1.4522917785835465, "trench_n": 1.4452917785835466, "deltan_core": 0.002, "deltan_ring": 0.005, "core_radius": 4.15e-06, "trench_ID": 9.96e-06, "trench_OD": 1.4940000000000001e-05, "1": {"n": 1.4502917785835465, "loss": 34.318661430550335, "neff": 1.4515401479640981, "mode_effective_area": 9.828888520484643e-11, "TE_polarization_fraction": 0.9999997190290869}, "2": {"n": 1.4502917785835465, "loss": 34.5101211625883, "neff": 1.4515396535061351, "mode_effective_area": 9.854282951108193e-11, "TE_polarization_fraction": 5.427950540493565e-07}, "3": {"n": 1.4502917785835465, "loss": 303.97407685595596, "neff": 1.4504994073674213, "mode_effective_area": 1.1146376182426652e-10, "TE_polarization_fraction": 2.3699166535308995e-05}, "4": {"n": 1.4502917785835465, "loss": 304.95781937691805, "neff": 1.4504990535727982, "mode_effective_area": 1.1164645884631388e-10, "TE_polarization_fraction": 0.9999996687544497}, "5": {"n": 1.4502917785835465, "loss": 144.19668219967565, "neff": 1.4503300830304486, "mode_effective_area": 1.3456023137756484e-10, "TE_polarization_fraction": 2.980160013122481e-06}, "6": {"n": 1.4502917785835465, "loss": 144.06121764776094, "neff": 1.4503299796402846, "mode_effective_area": 1.3438468123889567e-10, "TE_polarization_fraction": 0.9999798224447048}}