{"wavelength": 1010, "bend_radius": 0.04, "cladding_n": 1.4502917785835465, "core_n": 1.4522917785835465, "trench_n": 1.4452917785835466, "deltan_core": 0.002, "deltan_ring": 0.005, "core_radius": 4.15e-06, "trench_ID": 9.96e-06, "trench_OD": 1.4940000000000001e-05, "1": {"n": 1.4502917785835465, "loss": 0.005659312092788514, "neff": 1.4510947014772917, "mode_effective_area": 7.899557049200895e-11, "TE_polarization_fraction": 0.9999998922911332}, "2": {"n": 1.4502917785835465, "loss": 0.006111921402655235, "neff": 1.4510931634952693, "mode_effective_area": 7.907670564809281e-11, "TE_polarization_fraction": 1.0721547949834585e-07}, "3": {"n": 1.4502917785835465, "loss": 8.0043860380765, "neff": 1.4497492449858056, "mode_effective_area": 1.3600443647822356e-10, "TE_polarization_fraction": 0.9921167180900298}, "4": {"n": 1.4502917785835465, "loss": 7.984879246043626, "neff": 1.4497491578558714, "mode_effective_area": 1.370328093042659e-10, "TE_polarization_fraction": 0.013277408652828808}, "5": {"n": 1.4502917785835465, "loss": 6.57297973036129, "neff": 1.449743595342776, "mode_effective_area": 1.3787265657727236e-10, "TE_polarization_fraction": 0.9868306929732454}, "6": {"n": 1.4502917785835465, "loss": 6.610706885095875, "neff": 1.449742910164348, "mode_effective_area": 1.3738741307490462e-10, "TE_polarization_fraction": 0.007969920817535336}}