{"wavelength": 1010, "bend_radius": 0.2, "cladding_n": 1.4502917785835465, "core_n": 1.4522917785835465, "trench_n": 1.4452917785835466, "deltan_core": 0.002, "deltan_ring": 0.005, "core_radius": 4.15e-06, "trench_ID": 9.96e-06, "trench_OD": 1.4940000000000001e-05, "1": {"n": 1.4502917785835465, "loss": -2.0713537625639188e-09, "neff": 1.4510886662050226, "mode_effective_area": 7.879436804087682e-11, "TE_polarization_fraction": 0.9999998960262284}, "2": {"n": 1.4502917785835465, "loss": 2.01535414074341e-09, "neff": 1.451087115423537, "mode_effective_area": 7.887495885625515e-11, "TE_polarization_fraction": 1.0341294248871645e-07}, "3": {"n": 1.4502917785835465, "loss": 5.926041904169427, "neff": 1.4497353467766094, "mode_effective_area": 1.804990965761615e-10, "TE_polarization_fraction": 0.7448112404310212}, "4": {"n": 1.4502917785835465, "loss": 5.794751478091503, "neff": 1.4497349063926321, "mode_effective_area": 2.0094666178353734e-10, "TE_polarization_fraction": 0.5709793779560728}, "5": {"n": 1.4502917785835465, "loss": 6.047745908158157, "neff": 1.4497338875189245, "mode_effective_area": 1.8091584094554443e-10, "TE_polarization_fraction": 0.25513012583312145}, "6": {"n": 1.4502917785835465, "loss": 5.857953374097981, "neff": 1.4497337458433228, "mode_effective_area": 2.0107112967229343e-10, "TE_polarization_fraction": 0.42966383570404604}}