{"wavelength": 1010, "bend_radius": 0.05, "cladding_n": 1.4502917785835465, "core_n": 1.4522917785835465, "trench_n": 1.4452917785835466, "deltan_core": 0.002, "deltan_ring": 0.005, "core_radius": 4.15e-06, "trench_ID": 9.96e-06, "trench_OD": 1.4940000000000001e-05, "1": {"n": 1.4502917785835465, "loss": 0.0007022403130688614, "neff": 1.451092435695968, "mode_effective_area": 7.891942592116128e-11, "TE_polarization_fraction": 0.9999998936885776}, "2": {"n": 1.4502917785835465, "loss": 0.0008282258885717942, "neff": 1.4510908928873176, "mode_effective_area": 7.900030883743802e-11, "TE_polarization_fraction": 1.0578490252173156e-07}, "3": {"n": 1.4502917785835465, "loss": 6.86819437475624, "neff": 1.4497437463566307, "mode_effective_area": 1.3824980317470578e-10, "TE_polarization_fraction": 0.9809160798958677}, "4": {"n": 1.4502917785835465, "loss": 6.9048872903730825, "neff": 1.4497436686008887, "mode_effective_area": 1.4148237362521255e-10, "TE_polarization_fraction": 0.0366637568413488}, "5": {"n": 1.4502917785835465, "loss": 6.367378088904331, "neff": 1.4497402819328813, "mode_effective_area": 1.419471325239073e-10, "TE_polarization_fraction": 0.9635310646694217}, "6": {"n": 1.4502917785835465, "loss": 6.398236259597237, "neff": 1.4497396135212026, "mode_effective_area": 1.3926105786708652e-10, "TE_polarization_fraction": 0.019224954295721106}}