{"wavelength": 1010, "bend_radius": 0.035, "cladding_n": 1.4502917785835465, "core_n": 1.4522917785835465, "trench_n": 1.4452917785835466, "deltan_core": 0.002, "deltan_ring": 0.005, "core_radius": 4.15e-06, "trench_ID": 9.96e-06, "trench_OD": 1.4940000000000001e-05, "1": {"n": 1.4502917785835465, "loss": 0.014522008536539645, "neff": 1.4510966305855277, "mode_effective_area": 7.906103097227097e-11, "TE_polarization_fraction": 0.9999998911057092}, "2": {"n": 1.4502917785835465, "loss": 0.01526388062186645, "neff": 1.451095096663449, "mode_effective_area": 7.914228958400208e-11, "TE_polarization_fraction": 1.0843676673923602e-07}, "3": {"n": 1.4502917785835465, "loss": 8.96725302755827, "neff": 1.4497539248797315, "mode_effective_area": 1.3524232804924735e-10, "TE_polarization_fraction": 0.9954096575108332}, "4": {"n": 1.4502917785835465, "loss": 9.005822845021013, "neff": 1.4497538403759866, "mode_effective_area": 1.3580683780937363e-10, "TE_polarization_fraction": 0.007361785070793755}, "5": {"n": 1.4502917785835465, "loss": 6.788144954477021, "neff": 1.4497463903123802, "mode_effective_area": 1.369560072976855e-10, "TE_polarization_fraction": 0.9927144845497877}, "6": {"n": 1.4502917785835465, "loss": 6.8210964329495685, "neff": 1.4497457023952112, "mode_effective_area": 1.3693554921622636e-10, "TE_polarization_fraction": 0.004655226862302183}}