{"wavelength": 1010, "bend_radius": 0.045, "cladding_n": 1.4502917785835465, "core_n": 1.4522917785835465, "trench_n": 1.4452917785835466, "deltan_core": 0.002, "deltan_ring": 0.005, "core_radius": 4.15e-06, "trench_ID": 9.96e-06, "trench_OD": 1.4940000000000001e-05, "1": {"n": 1.4502917785835465, "loss": 0.0024908330683025594, "neff": 1.4510933801792667, "mode_effective_area": 7.895109956142351e-11, "TE_polarization_fraction": 0.9999998931053904}, "2": {"n": 1.4502917785835465, "loss": 0.0020619623800754786, "neff": 1.4510918393760337, "mode_effective_area": 7.903204414380026e-11, "TE_polarization_fraction": 1.0638076451630885e-07}, "3": {"n": 1.4502917785835465, "loss": 7.332578085623496, "neff": 1.4497460373144542, "mode_effective_area": 1.369809309745081e-10, "TE_polarization_fraction": 0.9873797482281569}, "4": {"n": 1.4502917785835465, "loss": 7.32030311709642, "neff": 1.4497459522380711, "mode_effective_area": 1.3883396788453972e-10, "TE_polarization_fraction": 0.0226086917002514}, "5": {"n": 1.4502917785835465, "loss": 6.44054448421803, "neff": 1.4497416699917058, "mode_effective_area": 1.3945965651778938e-10, "TE_polarization_fraction": 0.9775392928049192}, "6": {"n": 1.4502917785835465, "loss": 6.4778814175436, "neff": 1.449740991339431, "mode_effective_area": 1.3815036786357911e-10, "TE_polarization_fraction": 0.012732165889511336}}