{"wavelength": 1010, "bend_radius": 0.025, "cladding_n": 1.4502917785835465, "core_n": 1.4522917785835465, "trench_n": 1.4452917785835466, "deltan_core": 0.002, "deltan_ring": 0.005, "core_radius": 4.15e-06, "trench_ID": 9.96e-06, "trench_OD": 1.4940000000000001e-05, "1": {"n": 1.4502917785835465, "loss": 0.08140624302023726, "neff": 1.4511045546949397, "mode_effective_area": 7.933422175238777e-11, "TE_polarization_fraction": 0.9999998862760531}, "2": {"n": 1.4502917785835465, "loss": 0.08254372917210659, "neff": 1.4511030376546492, "mode_effective_area": 7.941632929565742e-11, "TE_polarization_fraction": 1.13490535521301e-07}, "3": {"n": 1.4502917785835465, "loss": 12.938816553029065, "neff": 1.4497730221889644, "mode_effective_area": 1.3390591096692669e-10, "TE_polarization_fraction": 0.998852806934116}, "4": {"n": 1.4502917785835465, "loss": 12.986584188168775, "neff": 1.449772962541527, "mode_effective_area": 1.3408640784781032e-10, "TE_polarization_fraction": 0.001775183130642287}, "5": {"n": 1.4502917785835465, "loss": 7.858517395923496, "neff": 1.4497578096129007, "mode_effective_area": 1.3656911956129386e-10, "TE_polarization_fraction": 0.9982591145701336}, "6": {"n": 1.4502917785835465, "loss": 7.900083275132797, "neff": 1.449757129985227, "mode_effective_area": 1.3691864336939022e-10, "TE_polarization_fraction": 0.001178536468798869}}