{"wavelength": 1010, "bend_radius": 0.1, "cladding_n": 1.4502917785835465, "core_n": 1.4522917785835465, "trench_n": 1.4452917785835466, "deltan_core": 0.002, "deltan_ring": 0.005, "core_radius": 4.15e-06, "trench_ID": 9.96e-06, "trench_OD": 1.4940000000000001e-05, "1": {"n": 1.4502917785835465, "loss": -1.3765829646685615e-07, "neff": 1.4510894194176223, "mode_effective_area": 7.881920738717414e-11, "TE_polarization_fraction": 0.9999998955578323}, "2": {"n": 1.4502917785835465, "loss": 1.3779181989016315e-07, "neff": 1.4510878702278909, "mode_effective_area": 7.88998542903663e-11, "TE_polarization_fraction": 1.0388618479153524e-07}, "3": {"n": 1.4502917785835465, "loss": 5.722434652225963, "neff": 1.4497367235673493, "mode_effective_area": 2.0190769336790552e-10, "TE_polarization_fraction": 0.4748089544512467}, "4": {"n": 1.4502917785835465, "loss": 5.490697340880438, "neff": 1.4497365307436616, "mode_effective_area": 1.6981402539733993e-10, "TE_polarization_fraction": 0.8125075478307423}, "5": {"n": 1.4502917785835465, "loss": 5.7325165045644235, "neff": 1.4497354500305415, "mode_effective_area": 2.020645324220923e-10, "TE_polarization_fraction": 0.5254870690865924}, "6": {"n": 1.4502917785835465, "loss": 5.97432616299648, "neff": 1.4497350642766333, "mode_effective_area": 1.7016377119840276e-10, "TE_polarization_fraction": 0.1880557212322242}}