{"wavelength": 1010, "bend_radius": 0.03, "cladding_n": 1.4502917785835465, "core_n": 1.4522917785835465, "trench_n": 1.4452917785835466, "deltan_core": 0.002, "deltan_ring": 0.005, "core_radius": 4.15e-06, "trench_ID": 9.96e-06, "trench_OD": 1.4940000000000001e-05, "1": {"n": 1.4502917785835465, "loss": 0.03698371195999923, "neff": 1.4510996070019326, "mode_effective_area": 7.916287308997506e-11, "TE_polarization_fraction": 0.9999998892842368}, "2": {"n": 1.4502917785835465, "loss": 0.036736818903085784, "neff": 1.451098079475322, "mode_effective_area": 7.924446407879315e-11, "TE_polarization_fraction": 1.1032828955930688e-07}, "3": {"n": 1.4502917785835465, "loss": 10.446683404168878, "neff": 1.4497611257098473, "mode_effective_area": 1.3459422975750704e-10, "TE_polarization_fraction": 0.9975585159068223}, "4": {"n": 1.4502917785835465, "loss": 10.541293327682848, "neff": 1.4497610486671852, "mode_effective_area": 1.349090508795166e-10, "TE_polarization_fraction": 0.0037959363442903902}, "5": {"n": 1.4502917785835465, "loss": 7.1564860740213545, "neff": 1.4497506869104049, "mode_effective_area": 1.3654688374358804e-10, "TE_polarization_fraction": 0.9962561962146446}, "6": {"n": 1.4502917785835465, "loss": 7.191524795704625, "neff": 1.4497500004497965, "mode_effective_area": 1.3677385782068454e-10, "TE_polarization_fraction": 0.0024879751586923938}}