{"wavelength": 1020, "bend_radius": 0.045, "cladding_n": 1.450167267865247, "core_n": 1.452167267865247, "trench_n": 1.4451672678652472, "deltan_core": 0.002, "deltan_ring": 0.005, "core_radius": 4.15e-06, "trench_ID": 9.96e-06, "trench_OD": 1.4940000000000001e-05, "1": {"n": 1.450167267865247, "loss": 0.0034796280800333994, "neff": 1.450954934755692, "mode_effective_area": 7.990855032935705e-11, "TE_polarization_fraction": 0.9999998912709184}, "2": {"n": 1.450167267865247, "loss": 0.002872737077335825, "neff": 1.450953408754364, "mode_effective_area": 7.999219876340704e-11, "TE_polarization_fraction": 1.0819217471555503e-07}, "3": {"n": 1.450167267865247, "loss": 8.353655381434718, "neff": 1.4495980490322304, "mode_effective_area": 1.3885883903531033e-10, "TE_polarization_fraction": 0.9867871531155391}, "4": {"n": 1.450167267865247, "loss": 8.34093786168551, "neff": 1.4495979813263382, "mode_effective_area": 1.4067798404711933e-10, "TE_polarization_fraction": 0.022881207423208816}, "5": {"n": 1.450167267865247, "loss": 7.42355736506823, "neff": 1.4495936649744106, "mode_effective_area": 1.413982141045454e-10, "TE_polarization_fraction": 0.9772703920022179}, "6": {"n": 1.450167267865247, "loss": 7.465295090766201, "neff": 1.4495930412867497, "mode_effective_area": 1.4010433405239408e-10, "TE_polarization_fraction": 0.013326984636825856}}