{"wavelength": 1020, "bend_radius": 0.3, "cladding_n": 1.450167267865247, "core_n": 1.452167267865247, "trench_n": 1.4451672678652472, "deltan_core": 0.002, "deltan_ring": 0.005, "core_radius": 4.15e-06, "trench_ID": 9.96e-06, "trench_OD": 1.4940000000000001e-05, "1": {"n": 1.450167267865247, "loss": -9.08081748361946e-10, "neff": 1.4509500536196205, "mode_effective_area": 7.974170786001865e-11, "TE_polarization_fraction": 0.9999998943018013}, "2": {"n": 1.450167267865247, "loss": 8.96496954948457e-10, "neff": 1.450948517327259, "mode_effective_area": 7.982494308435392e-11, "TE_polarization_fraction": 1.0513429789016561e-07}, "3": {"n": 1.450167267865247, "loss": 6.807808102700557, "neff": 1.44958710351682, "mode_effective_area": 1.7946074488560806e-10, "TE_polarization_fraction": 0.7663418868993012}, "4": {"n": 1.450167267865247, "loss": 6.8165413359569405, "neff": 1.449586652382418, "mode_effective_area": 2.0576827763868214e-10, "TE_polarization_fraction": 0.496522085789221}, "5": {"n": 1.450167267865247, "loss": 6.793297987252947, "neff": 1.4495855797960733, "mode_effective_area": 1.7986732669495524e-10, "TE_polarization_fraction": 0.2336420261819874}, "6": {"n": 1.450167267865247, "loss": 6.864583651835311, "neff": 1.4495854852572878, "mode_effective_area": 2.0577131964402824e-10, "TE_polarization_fraction": 0.504142265947626}}