{"wavelength": 1020, "bend_radius": 0.035, "cladding_n": 1.450167267865247, "core_n": 1.452167267865247, "trench_n": 1.4451672678652472, "deltan_core": 0.002, "deltan_ring": 0.005, "core_radius": 4.15e-06, "trench_ID": 9.96e-06, "trench_OD": 1.4940000000000001e-05, "1": {"n": 1.450167267865247, "loss": 0.01877105774930539, "neff": 1.4509582037027942, "mode_effective_area": 8.002222264069128e-11, "TE_polarization_fraction": 0.9999998892559481}, "2": {"n": 1.450167267865247, "loss": 0.01955601386041349, "neff": 1.450956684583394, "mode_effective_area": 8.010621703811758e-11, "TE_polarization_fraction": 1.1025144850124256e-07}, "3": {"n": 1.450167267865247, "loss": 10.135827874791813, "neff": 1.4496059376331911, "mode_effective_area": 1.369653739608269e-10, "TE_polarization_fraction": 0.9952073453528775}, "4": {"n": 1.450167267865247, "loss": 10.172898495995803, "neff": 1.449605871163034, "mode_effective_area": 1.3753051822785785e-10, "TE_polarization_fraction": 0.007532166359889568}, "5": {"n": 1.450167267865247, "loss": 7.79772322397225, "neff": 1.449598401203766, "mode_effective_area": 1.388207757190944e-10, "TE_polarization_fraction": 0.9925462069286761}, "6": {"n": 1.450167267865247, "loss": 7.833616153467118, "neff": 1.4495977682357468, "mode_effective_area": 1.3878027422672636e-10, "TE_polarization_fraction": 0.00485901285566072}}