{"wavelength": 1020, "bend_radius": 0.2, "cladding_n": 1.450167267865247, "core_n": 1.452167267865247, "trench_n": 1.4451672678652472, "deltan_core": 0.002, "deltan_ring": 0.005, "core_radius": 4.15e-06, "trench_ID": 9.96e-06, "trench_OD": 1.4940000000000001e-05, "1": {"n": 1.450167267865247, "loss": -3.645025477504805e-09, "neff": 1.4509501938626121, "mode_effective_area": 7.97464566175377e-11, "TE_polarization_fraction": 0.9999998942143348}, "2": {"n": 1.450167267865247, "loss": 3.545474102377092e-09, "neff": 1.4509486578653052, "mode_effective_area": 7.982970363994642e-11, "TE_polarization_fraction": 1.052219113955165e-07}, "3": {"n": 1.450167267865247, "loss": 6.840272472711074, "neff": 1.4495873390502345, "mode_effective_area": 1.8508281315836418e-10, "TE_polarization_fraction": 0.7314140568838822}, "4": {"n": 1.450167267865247, "loss": 6.6749429971696035, "neff": 1.4495869277023534, "mode_effective_area": 2.0438928302811854e-10, "TE_polarization_fraction": 0.5572219046223316}, "5": {"n": 1.450167267865247, "loss": 6.89149537287098, "neff": 1.4495858843841405, "mode_effective_area": 1.8547558541359723e-10, "TE_polarization_fraction": 0.2685790336276151}, "6": {"n": 1.450167267865247, "loss": 6.734865109020223, "neff": 1.4495857536927712, "mode_effective_area": 2.0449383532036052e-10, "TE_polarization_fraction": 0.4434147150151101}}