{"wavelength": 1020, "bend_radius": 0.04, "cladding_n": 1.450167267865247, "core_n": 1.452167267865247, "trench_n": 1.4451672678652472, "deltan_core": 0.002, "deltan_ring": 0.005, "core_radius": 4.15e-06, "trench_ID": 9.96e-06, "trench_OD": 1.4940000000000001e-05, "1": {"n": 1.450167267865247, "loss": 0.007488737624583811, "neff": 1.450956263592629, "mode_effective_area": 7.995452649994931e-11, "TE_polarization_fraction": 0.999999890450425}, "2": {"n": 1.450167267865247, "loss": 0.008220581702019447, "neff": 1.4509547404196774, "mode_effective_area": 8.003840683281401e-11, "TE_polarization_fraction": 1.0902803649369904e-07}, "3": {"n": 1.450167267865247, "loss": 9.080655803498958, "neff": 1.4496012570911392, "mode_effective_area": 1.3779965247471336e-10, "TE_polarization_fraction": 0.9917578217549218}, "4": {"n": 1.450167267865247, "loss": 9.055297983166716, "neff": 1.4496011877424932, "mode_effective_area": 1.3881913142529617e-10, "TE_polarization_fraction": 0.013516808537220253}, "5": {"n": 1.450167267865247, "loss": 7.566156450821958, "neff": 1.4495955969511316, "mode_effective_area": 1.3977496247533304e-10, "TE_polarization_fraction": 0.9865943127103514}, "6": {"n": 1.450167267865247, "loss": 7.607707275763083, "neff": 1.4495949668417234, "mode_effective_area": 1.392794003454767e-10, "TE_polarization_fraction": 0.00833058374687936}}