{"wavelength": 1020, "bend_radius": 0.03, "cladding_n": 1.450167267865247, "core_n": 1.452167267865247, "trench_n": 1.4451672678652472, "deltan_core": 0.002, "deltan_ring": 0.005, "core_radius": 4.15e-06, "trench_ID": 9.96e-06, "trench_OD": 1.4940000000000001e-05, "1": {"n": 1.450167267865247, "loss": 0.04574527264373436, "neff": 1.4509611970274126, "mode_effective_area": 8.012744007673333e-11, "TE_polarization_fraction": 0.9999998874205684}, "2": {"n": 1.450167267865247, "loss": 0.04551054079319392, "neff": 1.450959684331186, "mode_effective_area": 8.02118215095043e-11, "TE_polarization_fraction": 1.1214738798744605e-07}, "3": {"n": 1.450167267865247, "loss": 11.762104846742176, "neff": 1.449613138769244, "mode_effective_area": 1.3624532746537232e-10, "TE_polarization_fraction": 0.9974540242684601}, "4": {"n": 1.450167267865247, "loss": 11.867837417588754, "neff": 1.4496130796085045, "mode_effective_area": 1.3656322085507326e-10, "TE_polarization_fraction": 0.0039011236279191275}, "5": {"n": 1.450167267865247, "loss": 8.196270033437019, "neff": 1.4496027115478765, "mode_effective_area": 1.3837520297964564e-10, "TE_polarization_fraction": 0.9961523523825907}, "6": {"n": 1.450167267865247, "loss": 8.23411903847722, "neff": 1.4496020796603304, "mode_effective_area": 1.3857966467846743e-10, "TE_polarization_fraction": 0.0025936605314034558}}