{"wavelength": 1020, "bend_radius": 0, "cladding_n": 1.450167267865247, "core_n": 1.452167267865247, "trench_n": 1.4451672678652472, "deltan_core": 0.002, "deltan_ring": 0.005, "core_radius": 4.15e-06, "trench_ID": 9.96e-06, "trench_OD": 1.4940000000000001e-05, "1": {"n": 1.450167267865247, "loss": -1.060349239313368e-10, "neff": 1.450949941433596, "mode_effective_area": 7.973791076516356e-11, "TE_polarization_fraction": 0.9999998943717856}, "2": {"n": 1.450167267865247, "loss": 1.0765779661216256e-10, "neff": 1.4509484049052337, "mode_effective_area": 7.982113659145725e-11, "TE_polarization_fraction": 1.050642221564854e-07}, "3": {"n": 1.450167267865247, "loss": 6.760226476272724, "neff": 1.449586915847866, "mode_effective_area": 1.7546732922939822e-10, "TE_polarization_fraction": 0.7897275461313338}, "4": {"n": 1.450167267865247, "loss": 6.723544997958152, "neff": 1.4495864305959982, "mode_effective_area": 2.044769335494287e-10, "TE_polarization_fraction": 0.44363027876547223}, "5": {"n": 1.450167267865247, "loss": 6.740249503124949, "neff": 1.4495853335581548, "mode_effective_area": 1.7589590742435614e-10, "TE_polarization_fraction": 0.21022571477408802}, "6": {"n": 1.450167267865247, "loss": 6.764802682748212, "neff": 1.449585255472374, "mode_effective_area": 2.043969346280983e-10, "TE_polarization_fraction": 0.5569364505342009}}