{"wavelength": 1020, "bend_radius": 0.025, "cladding_n": 1.450167267865247, "core_n": 1.452167267865247, "trench_n": 1.4451672678652472, "deltan_core": 0.002, "deltan_ring": 0.005, "core_radius": 4.15e-06, "trench_ID": 9.96e-06, "trench_OD": 1.4940000000000001e-05, "1": {"n": 1.450167267865247, "loss": 0.09777479160002156, "neff": 1.4509661727556618, "mode_effective_area": 8.030429565964796e-11, "TE_polarization_fraction": 0.999999884389406}, "2": {"n": 1.450167267865247, "loss": 0.0991410348642841, "neff": 1.4509646705389183, "mode_effective_area": 8.038923511985356e-11, "TE_polarization_fraction": 1.1531928976350267e-07}, "3": {"n": 1.450167267865247, "loss": 14.504876096427859, "neff": 1.4496250324410516, "mode_effective_area": 1.3547181243010449e-10, "TE_polarization_fraction": 0.9988046358854241}, "4": {"n": 1.450167267865247, "loss": 14.561360681665906, "neff": 1.4496249900811369, "mode_effective_area": 1.3565383600957455e-10, "TE_polarization_fraction": 0.001832222532921346}, "5": {"n": 1.450167267865247, "loss": 8.963040645767027, "neff": 1.449609855921499, "mode_effective_area": 1.3835842184584128e-10, "TE_polarization_fraction": 0.9982029288906341}, "6": {"n": 1.450167267865247, "loss": 9.008175873517684, "neff": 1.4496092300896752, "mode_effective_area": 1.386859329187714e-10, "TE_polarization_fraction": 0.0012276077177777087}}