{"wavelength": 1020, "bend_radius": 0.1, "cladding_n": 1.450167267865247, "core_n": 1.452167267865247, "trench_n": 1.4451672678652472, "deltan_core": 0.002, "deltan_ring": 0.005, "core_radius": 4.15e-06, "trench_ID": 9.96e-06, "trench_OD": 1.4940000000000001e-05, "1": {"n": 1.450167267865247, "loss": -2.286607467693175e-07, "neff": 1.4509509513760008, "mode_effective_area": 7.97721462757111e-11, "TE_polarization_fraction": 0.99999989374228}, "2": {"n": 1.450167267865247, "loss": 2.324510842684583e-07, "neff": 1.4509494169730373, "mode_effective_area": 7.985545797900294e-11, "TE_polarization_fraction": 1.0569538785807212e-07}, "3": {"n": 1.450167267865247, "loss": 6.552747267695378, "neff": 1.4495887347214385, "mode_effective_area": 2.041610298413847e-10, "TE_polarization_fraction": 0.45691045751284115}, "4": {"n": 1.450167267865247, "loss": 6.44183849250966, "neff": 1.449588552904478, "mode_effective_area": 1.7353654955269028e-10, "TE_polarization_fraction": 0.8048902681749783}, "5": {"n": 1.450167267865247, "loss": 6.580495521790463, "neff": 1.4495874407420435, "mode_effective_area": 2.0430160361938546e-10, "TE_polarization_fraction": 0.5434193239389504}, "6": {"n": 1.450167267865247, "loss": 6.970647764184911, "neff": 1.4495870866303935, "mode_effective_area": 1.7385621515735092e-10, "TE_polarization_fraction": 0.19572560743167458}}