{"wavelength": 1020, "bend_radius": 0.01, "cladding_n": 1.450167267865247, "core_n": 1.452167267865247, "trench_n": 1.4451672678652472, "deltan_core": 0.002, "deltan_ring": 0.005, "core_radius": 4.15e-06, "trench_ID": 9.96e-06, "trench_OD": 1.4940000000000001e-05, "1": {"n": 1.450167267865247, "loss": 1.9709700406494997, "neff": 1.4510539423013058, "mode_effective_area": 8.379142957469026e-11, "TE_polarization_fraction": 0.9999998354231892}, "2": {"n": 1.450167267865247, "loss": 1.988876366329227, "neff": 1.4510526329973683, "mode_effective_area": 8.389750024834929e-11, "TE_polarization_fraction": 1.759926790872597e-07}, "3": {"n": 1.450167267865247, "loss": 67.26931941552785, "neff": 1.4498177388515165, "mode_effective_area": 1.2519995848260538e-10, "TE_polarization_fraction": 6.581647479704972e-05}, "4": {"n": 1.450167267865247, "loss": 67.1233813401042, "neff": 1.4498175079249436, "mode_effective_area": 1.2529532329002117e-10, "TE_polarization_fraction": 0.9999797311061996}, "5": {"n": 1.450167267865247, "loss": 26.85808802735863, "neff": 1.4497338040044894, "mode_effective_area": 1.423885917578215e-10, "TE_polarization_fraction": 0.9999402866049125}, "6": {"n": 1.450167267865247, "loss": 26.940076364372118, "neff": 1.4497333390227718, "mode_effective_area": 1.427463368914601e-10, "TE_polarization_fraction": 2.5078195281716676e-05}}