{"wavelength": 1020, "bend_radius": 0.075, "cladding_n": 1.450167267865247, "core_n": 1.452167267865247, "trench_n": 1.4451672678652472, "deltan_core": 0.002, "deltan_ring": 0.005, "core_radius": 4.15e-06, "trench_ID": 9.96e-06, "trench_OD": 1.4940000000000001e-05, "1": {"n": 1.450167267865247, "loss": 1.0826636982782726e-05, "neff": 1.4509517373058636, "mode_effective_area": 7.979887381548697e-11, "TE_polarization_fraction": 0.9999998932532167}, "2": {"n": 1.450167267865247, "loss": 5.044642720649363e-06, "neff": 1.4509502045579519, "mode_effective_area": 7.988225304004194e-11, "TE_polarization_fraction": 1.0618705510292758e-07}, "3": {"n": 1.450167267865247, "loss": 8.608537245349114, "neff": 1.4495904148010037, "mode_effective_area": 1.7594249315757654e-10, "TE_polarization_fraction": 0.20910349175554613}, "4": {"n": 1.450167267865247, "loss": 8.81333648083741, "neff": 1.4495903746077796, "mode_effective_area": 1.5370613600757152e-10, "TE_polarization_fraction": 0.9128632526425821}, "5": {"n": 1.450167267865247, "loss": 7.463716510263707, "neff": 1.4495888303253324, "mode_effective_area": 1.7571871668599502e-10, "TE_polarization_fraction": 0.7904475200170795}, "6": {"n": 1.450167267865247, "loss": 7.277123118805143, "neff": 1.4495883221930268, "mode_effective_area": 1.5388259874558093e-10, "TE_polarization_fraction": 0.08791559550994286}}