{"wavelength": 1020, "bend_radius": 0.05, "cladding_n": 1.450167267865247, "core_n": 1.452167267865247, "trench_n": 1.4451672678652472, "deltan_core": 0.002, "deltan_ring": 0.005, "core_radius": 4.15e-06, "trench_ID": 9.96e-06, "trench_OD": 1.4940000000000001e-05, "1": {"n": 1.450167267865247, "loss": 0.0010578233095169486, "neff": 1.4509539848811006, "mode_effective_area": 7.987579148506879e-11, "TE_polarization_fraction": 0.9999998918585723}, "2": {"n": 1.450167267865247, "loss": 0.0011831124953832356, "neff": 1.450952456867459, "mode_effective_area": 7.99593678424632e-11, "TE_polarization_fraction": 1.0759561468002168e-07}, "3": {"n": 1.450167267865247, "loss": 7.867663711485422, "neff": 1.4495957580607648, "mode_effective_area": 1.402292985861024e-10, "TE_polarization_fraction": 0.9799963774726552}, "4": {"n": 1.450167267865247, "loss": 7.912199258670543, "neff": 1.4495956971437283, "mode_effective_area": 1.4337104274312543e-10, "TE_polarization_fraction": 0.03684872700382074}, "5": {"n": 1.450167267865247, "loss": 7.343321385060554, "neff": 1.449592272050994, "mode_effective_area": 1.4390975370930963e-10, "TE_polarization_fraction": 0.9633488861871086}, "6": {"n": 1.450167267865247, "loss": 7.378452340252941, "neff": 1.4495916582314112, "mode_effective_area": 1.4129710029053737e-10, "TE_polarization_fraction": 0.020147948721632978}}