{"wavelength": 1020, "bend_radius": 0.015, "cladding_n": 1.450167267865247, "core_n": 1.452167267865247, "trench_n": 1.4451672678652472, "deltan_core": 0.002, "deltan_ring": 0.005, "core_radius": 4.15e-06, "trench_ID": 9.96e-06, "trench_OD": 1.4940000000000001e-05, "1": {"n": 1.450167267865247, "loss": 0.535571063183266, "neff": 1.4509954064117156, "mode_effective_area": 8.13911295378892e-11, "TE_polarization_fraction": 0.999999867119583}, "2": {"n": 1.450167267865247, "loss": 0.5433232235279933, "neff": 1.4509939672080263, "mode_effective_area": 8.148114237503496e-11, "TE_polarization_fraction": 1.344915618774155e-07}, "3": {"n": 1.450167267865247, "loss": 30.982913699795855, "neff": 1.449692811115979, "mode_effective_area": 1.318962024663509e-10, "TE_polarization_fraction": 0.00025250810808570014}, "4": {"n": 1.450167267865247, "loss": 30.88030974609843, "neff": 1.449692745298148, "mode_effective_area": 1.3186124675484042e-10, "TE_polarization_fraction": 0.9998656048259302}, "5": {"n": 1.450167267865247, "loss": 14.157564067062506, "neff": 1.4496515697401553, "mode_effective_area": 1.3997053006714705e-10, "TE_polarization_fraction": 0.9997597276395999}, "6": {"n": 1.450167267865247, "loss": 14.210499422872696, "neff": 1.449650995769331, "mode_effective_area": 1.4036279849331735e-10, "TE_polarization_fraction": 0.00014521192568207357}}