{"wavelength": 1020, "bend_radius": 0.02, "cladding_n": 1.450167267865247, "core_n": 1.452167267865247, "trench_n": 1.4451672678652472, "deltan_core": 0.002, "deltan_ring": 0.005, "core_radius": 4.15e-06, "trench_ID": 9.96e-06, "trench_OD": 1.4940000000000001e-05, "1": {"n": 1.450167267865247, "loss": 0.2164926801226798, "neff": 1.4509753696044074, "mode_effective_area": 8.063742477268218e-11, "TE_polarization_fraction": 0.9999998788553066}, "2": {"n": 1.450167267865247, "loss": 0.22199202146320068, "neff": 1.4509738871068347, "mode_effective_area": 8.072383721766418e-11, "TE_polarization_fraction": 1.2125280561113587e-07}, "3": {"n": 1.450167267865247, "loss": 19.580322160637756, "neff": 1.4496467373069746, "mode_effective_area": 1.343081290815508e-10, "TE_polarization_fraction": 0.9995326652541089}, "4": {"n": 1.450167267865247, "loss": 19.66514858436888, "neff": 1.4496467313343666, "mode_effective_area": 1.3441396076355514e-10, "TE_polarization_fraction": 0.0007505203732901753}, "5": {"n": 1.450167267865247, "loss": 10.501315688759723, "neff": 1.4496230226919857, "mode_effective_area": 1.3880437452681014e-10, "TE_polarization_fraction": 0.9992711760295371}, "6": {"n": 1.450167267865247, "loss": 10.545373201415307, "neff": 1.4496224121372783, "mode_effective_area": 1.391853963211532e-10, "TE_polarization_fraction": 0.0004873097521967699}}