{"wavelength": 1020, "bend_radius": 0.005, "cladding_n": 1.450167267865247, "core_n": 1.452167267865247, "trench_n": 1.4451672678652472, "deltan_core": 0.002, "deltan_ring": 0.005, "core_radius": 4.15e-06, "trench_ID": 9.96e-06, "trench_OD": 1.4940000000000001e-05, "1": {"n": 1.450167267865247, "loss": 37.09187013407828, "neff": 1.4514033103431283, "mode_effective_area": 9.924254740480014e-11, "TE_polarization_fraction": 0.9999997152232964}, "2": {"n": 1.450167267865247, "loss": 37.2934538932639, "neff": 1.4514028246904607, "mode_effective_area": 9.949751073838353e-11, "TE_polarization_fraction": 5.497847761813947e-07}, "3": {"n": 1.450167267865247, "loss": 325.4859009773688, "neff": 1.4503472523636656, "mode_effective_area": 1.1284867538703842e-10, "TE_polarization_fraction": 2.5409899214289753e-05}, "4": {"n": 1.450167267865247, "loss": 326.5707348838494, "neff": 1.4503468952986687, "mode_effective_area": 1.130233238531704e-10, "TE_polarization_fraction": 0.9999996297428034}, "5": {"n": 1.450167267865247, "loss": 154.6729289454247, "neff": 1.4501814014991037, "mode_effective_area": 1.3572029276232498e-10, "TE_polarization_fraction": 3.0879671757561463e-06}, "6": {"n": 1.450167267865247, "loss": 154.54469711814147, "neff": 1.4501812895894277, "mode_effective_area": 1.3553322938535826e-10, "TE_polarization_fraction": 0.9999782467691608}}