{"wavelength": 1030, "bend_radius": 0.005, "cladding_n": 1.4500438058602083, "core_n": 1.4520438058602083, "trench_n": 1.4450438058602084, "deltan_core": 0.002, "deltan_ring": 0.005, "core_radius": 4.15e-06, "trench_ID": 9.96e-06, "trench_OD": 1.4940000000000001e-05, "1": {"n": 1.4500438058602083, "loss": 40.0267073923657, "neff": 1.4512675230839611, "mode_effective_area": 1.0019468390669606e-10, "TE_polarization_fraction": 0.9999997113706749}, "2": {"n": 1.4500438058602083, "loss": 40.23855885623749, "neff": 1.4512670460476216, "mode_effective_area": 1.0045069700464145e-10, "TE_polarization_fraction": 5.56881391965494e-07}, "3": {"n": 1.4500438058602083, "loss": 348.04968445759755, "neff": 1.4501961265578704, "mode_effective_area": 1.1426063929561024e-10, "TE_polarization_fraction": 2.7258163003912565e-05}, "4": {"n": 1.4500438058602083, "loss": 349.2432798274049, "neff": 1.450195766075451, "mode_effective_area": 1.1442703186032459e-10, "TE_polarization_fraction": 0.9999995824055012}, "5": {"n": 1.4500438058602083, "loss": 165.6986346779522, "neff": 1.4500337490522586, "mode_effective_area": 1.3690021728536736e-10, "TE_polarization_fraction": 3.209356010557124e-06}, "6": {"n": 1.4500438058602083, "loss": 165.5790238050162, "neff": 1.4500336286358122, "mode_effective_area": 1.3670140916244846e-10, "TE_polarization_fraction": 0.9999765338046495}}