{"wavelength": 1030, "bend_radius": 0.025, "cladding_n": 1.4500438058602083, "core_n": 1.4520438058602083, "trench_n": 1.4450438058602084, "deltan_core": 0.002, "deltan_ring": 0.005, "core_radius": 4.15e-06, "trench_ID": 9.96e-06, "trench_OD": 1.4940000000000001e-05, "1": {"n": 1.4500438058602083, "loss": 0.11688201620107284, "neff": 1.4508288793312216, "mode_effective_area": 8.128070638625272e-11, "TE_polarization_fraction": 0.9999998825267996}, "2": {"n": 1.4500438058602083, "loss": 0.11852189319551236, "neff": 1.4508273919654233, "mode_effective_area": 8.136842902305151e-11, "TE_polarization_fraction": 1.1713785709667094e-07}, "3": {"n": 1.4500438058602083, "loss": 16.21671889333953, "neff": 1.4494781263949248, "mode_effective_area": 1.3702391391495894e-10, "TE_polarization_fraction": 0.9987521965068485}, "4": {"n": 1.4500438058602083, "loss": 16.283805904761262, "neff": 1.4494781008467559, "mode_effective_area": 1.3720791173542573e-10, "TE_polarization_fraction": 0.001896718086101422}, "5": {"n": 1.4500438058602083, "loss": 10.191568748017819, "neff": 1.4494630059398728, "mode_effective_area": 1.4012300414122657e-10, "TE_polarization_fraction": 0.9981393819289598}, "6": {"n": 1.4500438058602083, "loss": 10.240398264121731, "neff": 1.449462432064788, "mode_effective_area": 1.4042853645209684e-10, "TE_polarization_fraction": 0.0012809992624418494}}