{"wavelength": 1030, "bend_radius": 0.01, "cladding_n": 1.4500438058602083, "core_n": 1.4520438058602083, "trench_n": 1.4450438058602084, "deltan_core": 0.002, "deltan_ring": 0.005, "core_radius": 4.15e-06, "trench_ID": 9.96e-06, "trench_OD": 1.4940000000000001e-05, "1": {"n": 1.4500438058602083, "loss": 2.219553382980605, "neff": 1.4509171158094705, "mode_effective_area": 8.484151820104548e-11, "TE_polarization_fraction": 0.9999998332386344}, "2": {"n": 1.4500438058602083, "loss": 2.239502703044587, "neff": 1.4509158213050528, "mode_effective_area": 8.495111973146162e-11, "TE_polarization_fraction": 1.784104324655962e-07}, "3": {"n": 1.4500438058602083, "loss": 73.38719494909499, "neff": 1.4496701665805534, "mode_effective_area": 1.2634872177874398e-10, "TE_polarization_fraction": 6.962453572350409e-05}, "4": {"n": 1.4500438058602083, "loss": 73.23811558318064, "neff": 1.4496699252723313, "mode_effective_area": 1.2644837175175292e-10, "TE_polarization_fraction": 0.9999785691236773}, "5": {"n": 1.4500438058602083, "loss": 29.68707788585079, "neff": 1.4495871185224583, "mode_effective_area": 1.4376922461958279e-10, "TE_polarization_fraction": 0.999936698497237}, "6": {"n": 1.4500438058602083, "loss": 29.771342268611537, "neff": 1.4495866929324563, "mode_effective_area": 1.4411513247356356e-10, "TE_polarization_fraction": 2.6431394268484422e-05}}