{"wavelength": 1030, "bend_radius": 0.035, "cladding_n": 1.4500438058602083, "core_n": 1.4520438058602083, "trench_n": 1.4450438058602084, "deltan_core": 0.002, "deltan_ring": 0.005, "core_radius": 4.15e-06, "trench_ID": 9.96e-06, "trench_OD": 1.4940000000000001e-05, "1": {"n": 1.4500438058602083, "loss": 0.024075739409924985, "neff": 1.4508208654975847, "mode_effective_area": 8.09900205459634e-11, "TE_polarization_fraction": 0.9999998874288577}, "2": {"n": 1.4500438058602083, "loss": 0.024859148758828626, "neff": 1.4508193612155802, "mode_effective_area": 8.107669904019176e-11, "TE_polarization_fraction": 1.1205061868946935e-07}, "3": {"n": 1.4500438058602083, "loss": 11.426128229109713, "neff": 1.4494590472780673, "mode_effective_area": 1.3867185706880507e-10, "TE_polarization_fraction": 0.9949877523238821}, "4": {"n": 1.4500438058602083, "loss": 11.460350571160811, "neff": 1.4494589984017288, "mode_effective_area": 1.392394175960019e-10, "TE_polarization_fraction": 0.007732863913441729}, "5": {"n": 1.4500438058602083, "loss": 8.926908609732669, "neff": 1.44945151999007, "mode_effective_area": 1.4066533594044714e-10, "TE_polarization_fraction": 0.9923479074356414}, "6": {"n": 1.4500438058602083, "loss": 8.965869456861347, "neff": 1.4494509401081053, "mode_effective_area": 1.406031811238928e-10, "TE_polarization_fraction": 0.005080132511501863}}