{"wavelength": 1030, "bend_radius": 0.2, "cladding_n": 1.4500438058602083, "core_n": 1.4520438058602083, "trench_n": 1.4450438058602084, "deltan_core": 0.002, "deltan_ring": 0.005, "core_radius": 4.15e-06, "trench_ID": 9.96e-06, "trench_OD": 1.4940000000000001e-05, "1": {"n": 1.4500438058602083, "loss": -6.311648085769678e-09, "neff": 1.4508128102939115, "mode_effective_area": 8.070539522148847e-11, "TE_polarization_fraction": 0.9999998924233988}, "2": {"n": 1.4500438058602083, "loss": 6.169543062219789e-09, "neff": 1.450811289124558, "mode_effective_area": 8.079125342649547e-11, "TE_polarization_fraction": 1.0701036393145856e-07}, "3": {"n": 1.4500438058602083, "loss": 7.8641524240185685, "neff": 1.4494404441007942, "mode_effective_area": 1.896141200621802e-10, "TE_polarization_fraction": 0.7180092856991848}, "4": {"n": 1.4500438058602083, "loss": 7.6916966429765505, "neff": 1.449440060264506, "mode_effective_area": 2.0763939812448106e-10, "TE_polarization_fraction": 0.5441395614816515}, "5": {"n": 1.4500438058602083, "loss": 7.855148958032853, "neff": 1.4494389916836645, "mode_effective_area": 1.8998399130363095e-10, "TE_polarization_fraction": 0.28202867479190435}, "6": {"n": 1.4500438058602083, "loss": 7.748553144823018, "neff": 1.4494388720206326, "mode_effective_area": 2.0772528789365824e-10, "TE_polarization_fraction": 0.4565066291549795}}