{"wavelength": 1030, "bend_radius": 0.02, "cladding_n": 1.4500438058602083, "core_n": 1.4520438058602083, "trench_n": 1.4450438058602084, "deltan_core": 0.002, "deltan_ring": 0.005, "core_radius": 4.15e-06, "trench_ID": 9.96e-06, "trench_OD": 1.4940000000000001e-05, "1": {"n": 1.4500438058602083, "loss": 0.2531495963644771, "neff": 1.4508381274052389, "mode_effective_area": 8.162333600267232e-11, "TE_polarization_fraction": 0.9999998769529512}, "2": {"n": 1.4500438058602083, "loss": 0.25956528581400223, "neff": 1.4508366597928988, "mode_effective_area": 8.171266463659248e-11, "TE_polarization_fraction": 1.2310301991839796e-07}, "3": {"n": 1.4500438058602083, "loss": 21.86442669067117, "neff": 1.4494998107848307, "mode_effective_area": 1.358536022488818e-10, "TE_polarization_fraction": 0.0007804137921950782}, "4": {"n": 1.4500438058602083, "loss": 21.779736660200864, "neff": 1.4494998004125628, "mode_effective_area": 1.3574895742485225e-10, "TE_polarization_fraction": 0.9995120698424649}, "5": {"n": 1.4500438058602083, "loss": 11.875083426902249, "neff": 1.4494762046084864, "mode_effective_area": 1.4051525754585922e-10, "TE_polarization_fraction": 0.9992418629394516}, "6": {"n": 1.4500438058602083, "loss": 11.921573036561394, "neff": 1.4494756445786618, "mode_effective_area": 1.4087615947712483e-10, "TE_polarization_fraction": 0.0005085604793217046}}