{"wavelength": 1030, "bend_radius": 0.015, "cladding_n": 1.4500438058602083, "core_n": 1.4520438058602083, "trench_n": 1.4450438058602084, "deltan_core": 0.002, "deltan_ring": 0.005, "core_radius": 4.15e-06, "trench_ID": 9.96e-06, "trench_OD": 1.4940000000000001e-05, "1": {"n": 1.4500438058602083, "loss": 0.6149096623421063, "neff": 1.45085827422216, "mode_effective_area": 8.239634527788141e-11, "TE_polarization_fraction": 0.9999998651363223}, "2": {"n": 1.4500438058602083, "loss": 0.6236107286530662, "neff": 1.4508568499233274, "mode_effective_area": 8.248946444091803e-11, "TE_polarization_fraction": 1.364386106438319e-07}, "3": {"n": 1.4500438058602083, "loss": 34.21074929868254, "neff": 1.4495457784655241, "mode_effective_area": 1.3317628405123942e-10, "TE_polarization_fraction": 0.0002642422203362541}, "4": {"n": 1.4500438058602083, "loss": 34.09924175129077, "neff": 1.4495456980839418, "mode_effective_area": 1.3314530655237352e-10, "TE_polarization_fraction": 0.9998593452173538}, "5": {"n": 1.4500438058602083, "loss": 15.8762178151812, "neff": 1.4495048082520832, "mode_effective_area": 1.4158470254932447e-10, "TE_polarization_fraction": 0.9997483489292787}, "6": {"n": 1.4500438058602083, "loss": 15.932061229141558, "neff": 1.4495042817598403, "mode_effective_area": 1.4195949130636704e-10, "TE_polarization_fraction": 0.00015186206735020295}}