{"wavelength": 1030, "bend_radius": 0.03, "cladding_n": 1.4500438058602083, "core_n": 1.4520438058602083, "trench_n": 1.4450438058602084, "deltan_core": 0.002, "deltan_ring": 0.005, "core_radius": 4.15e-06, "trench_ID": 9.96e-06, "trench_OD": 1.4940000000000001e-05, "1": {"n": 1.4500438058602083, "loss": 0.056229603043200994, "neff": 1.4508238756729221, "mode_effective_area": 8.109851315943836e-11, "TE_polarization_fraction": 0.9999998855801205}, "2": {"n": 1.4500438058602083, "loss": 0.0560297439920091, "neff": 1.4508223778436973, "mode_effective_area": 8.118564099853056e-11, "TE_polarization_fraction": 1.1395297830610588e-07}, "3": {"n": 1.4500438058602083, "loss": 13.207382685369293, "neff": 1.4494662435359158, "mode_effective_area": 1.3787987822678308e-10, "TE_polarization_fraction": 0.9973403875161357}, "4": {"n": 1.4500438058602083, "loss": 13.324540409803388, "neff": 1.4494662018272197, "mode_effective_area": 1.3820177092921125e-10, "TE_polarization_fraction": 0.004022112605129388}, "5": {"n": 1.4500438058602083, "loss": 9.35685830939683, "neff": 1.4494558425109292, "mode_effective_area": 1.4018043799816036e-10, "TE_polarization_fraction": 0.9960328838003606}, "6": {"n": 1.4500438058602083, "loss": 9.397543556295373, "neff": 1.449455263339787, "mode_effective_area": 1.4036179049680812e-10, "TE_polarization_fraction": 0.0027085457655435423}}