{"wavelength": 1030, "bend_radius": 0.05, "cladding_n": 1.4500438058602083, "core_n": 1.4520438058602083, "trench_n": 1.4450438058602084, "deltan_core": 0.002, "deltan_ring": 0.005, "core_radius": 4.15e-06, "trench_ID": 9.96e-06, "trench_OD": 1.4940000000000001e-05, "1": {"n": 1.4500438058602083, "loss": 0.0015757044772365266, "neff": 1.4508166228005295, "mode_effective_area": 8.083888433881426e-11, "TE_polarization_fraction": 0.9999998900503766}, "2": {"n": 1.4500438058602083, "loss": 0.0016700902295837142, "neff": 1.4508151096216446, "mode_effective_area": 8.092510480442974e-11, "TE_polarization_fraction": 1.0938812741427796e-07}, "3": {"n": 1.4500438058602083, "loss": 8.998510843572449, "neff": 1.4494488746586642, "mode_effective_area": 1.422067890001907e-10, "TE_polarization_fraction": 0.9790109082282547}, "4": {"n": 1.4500438058602083, "loss": 9.051328841116774, "neff": 1.4494488301824364, "mode_effective_area": 1.4526791151908274e-10, "TE_polarization_fraction": 0.03717726039204933}, "5": {"n": 1.4500438058602083, "loss": 8.434758016026702, "neff": 1.449445372051989, "mode_effective_area": 1.458727183746641e-10, "TE_polarization_fraction": 0.9630226368556158}, "6": {"n": 1.4500438058602083, "loss": 8.47465112660675, "neff": 1.4494448110555733, "mode_effective_area": 1.4332356569343594e-10, "TE_polarization_fraction": 0.021137451544090396}}