{"wavelength": 1030, "bend_radius": 0.045, "cladding_n": 1.4500438058602083, "core_n": 1.4520438058602083, "trench_n": 1.4450438058602084, "deltan_core": 0.002, "deltan_ring": 0.005, "core_radius": 4.15e-06, "trench_ID": 9.96e-06, "trench_OD": 1.4940000000000001e-05, "1": {"n": 1.4500438058602083, "loss": 0.004791791123518011, "neff": 1.4508175780541077, "mode_effective_area": 8.08726989496841e-11, "TE_polarization_fraction": 0.9999998894584615}, "2": {"n": 1.4500438058602083, "loss": 0.003966285336894003, "neff": 1.4508160668981984, "mode_effective_area": 8.095900556718134e-11, "TE_polarization_fraction": 1.0998598050178233e-07}, "3": {"n": 1.4500438058602083, "loss": 9.496015492281815, "neff": 1.449451163744353, "mode_effective_area": 1.4072725891858347e-10, "TE_polarization_fraction": 0.9861486000882218}, "4": {"n": 1.4500438058602083, "loss": 9.482757226819214, "neff": 1.4494511129714986, "mode_effective_area": 1.4251851525735878e-10, "TE_polarization_fraction": 0.023243749307833142}, "5": {"n": 1.4500438058602083, "loss": 8.524014121010758, "neff": 1.449446769445842, "mode_effective_area": 1.4332769907820324e-10, "TE_polarization_fraction": 0.9769117376081216}, "6": {"n": 1.4500438058602083, "loss": 8.57053455741825, "neff": 1.4494461989086962, "mode_effective_area": 1.4204342254744757e-10, "TE_polarization_fraction": 0.013967974835164453}}