{"wavelength": 1030, "bend_radius": 0.04, "cladding_n": 1.4500438058602083, "core_n": 1.4520438058602083, "trench_n": 1.4450438058602084, "deltan_core": 0.002, "deltan_ring": 0.005, "core_radius": 4.15e-06, "trench_ID": 9.96e-06, "trench_OD": 1.4940000000000001e-05, "1": {"n": 1.4500438058602083, "loss": 0.009826300304650133, "neff": 1.450818914413263, "mode_effective_area": 8.092013926319633e-11, "TE_polarization_fraction": 0.999999888632005}, "2": {"n": 1.4500438058602083, "loss": 0.01094913785092096, "neff": 1.450817406088456, "mode_effective_area": 8.10067246991719e-11, "TE_polarization_fraction": 1.1082382354153889e-07}, "3": {"n": 1.4500438058602083, "loss": 10.275629041979096, "neff": 1.4494543696416229, "mode_effective_area": 1.3958063560540714e-10, "TE_polarization_fraction": 0.9913694413081381}, "4": {"n": 1.4500438058602083, "loss": 10.24336964292874, "neff": 1.4494543176224182, "mode_effective_area": 1.405945959942671e-10, "TE_polarization_fraction": 0.013810090532799468}, "5": {"n": 1.4500438058602083, "loss": 8.678001057522613, "neff": 1.449448707426548, "mode_effective_area": 1.4166155668159837e-10, "TE_polarization_fraction": 0.9863044353837798}, "6": {"n": 1.4500438058602083, "loss": 8.723631507291527, "neff": 1.4494481305440046, "mode_effective_area": 1.411524399507746e-10, "TE_polarization_fraction": 0.008720805222047557}}