{"wavelength": 1030, "bend_radius": 0.3, "cladding_n": 1.4500438058602083, "core_n": 1.4520438058602083, "trench_n": 1.4450438058602084, "deltan_core": 0.002, "deltan_ring": 0.005, "core_radius": 4.15e-06, "trench_ID": 9.96e-06, "trench_OD": 1.4940000000000001e-05, "1": {"n": 1.4500438058602083, "loss": -1.6099396434599745e-09, "neff": 1.4508126692561298, "mode_effective_area": 8.070049404079233e-11, "TE_polarization_fraction": 0.9999998925115131}, "2": {"n": 1.4500438058602083, "loss": 1.584169313252578e-09, "neff": 1.4508111477913617, "mode_effective_area": 8.078633888551588e-11, "TE_polarization_fraction": 1.0692262764321179e-07}, "3": {"n": 1.4500438058602083, "loss": 7.86748916981106, "neff": 1.4494402064564424, "mode_effective_area": 1.839255428279833e-10, "TE_polarization_fraction": 0.7540091499708215}, "4": {"n": 1.4500438058602083, "loss": 7.849732840087512, "neff": 1.4494397848066047, "mode_effective_area": 2.083825582223846e-10, "TE_polarization_fraction": 0.4834375125706744}, "5": {"n": 1.4500438058602083, "loss": 7.811230493849967, "neff": 1.4494386888836701, "mode_effective_area": 1.8431487178299095e-10, "TE_polarization_fraction": 0.24600175351893003}, "6": {"n": 1.4500438058602083, "loss": 7.909630558242918, "neff": 1.4494385997217092, "mode_effective_area": 2.083695570824405e-10, "TE_polarization_fraction": 0.5172515522768989}}