{"wavelength": 1030, "bend_radius": 0.075, "cladding_n": 1.4500438058602083, "core_n": 1.4520438058602083, "trench_n": 1.4450438058602084, "deltan_core": 0.002, "deltan_ring": 0.005, "core_radius": 4.15e-06, "trench_ID": 9.96e-06, "trench_OD": 1.4940000000000001e-05, "1": {"n": 1.4500438058602083, "loss": 2.2920984481347512e-05, "neff": 1.4508143624836112, "mode_effective_area": 8.075949073828052e-11, "TE_polarization_fraction": 0.9999998914551971}, "2": {"n": 1.4500438058602083, "loss": 8.424364719112404e-06, "neff": 1.4508128445675235, "mode_effective_area": 8.084549748964467e-11, "TE_polarization_fraction": 1.0797698211100311e-07}, "3": {"n": 1.4500438058602083, "loss": 10.008005959756701, "neff": 1.4494435291199856, "mode_effective_area": 1.781676030422524e-10, "TE_polarization_fraction": 0.2076745243998266}, "4": {"n": 1.4500438058602083, "loss": 10.329048624278727, "neff": 1.4494434765993638, "mode_effective_area": 1.5713054242026593e-10, "TE_polarization_fraction": 0.9065404299210345}, "5": {"n": 1.4500438058602083, "loss": 8.541009586410953, "neff": 1.4494419191778924, "mode_effective_area": 1.7787572192184238e-10, "TE_polarization_fraction": 0.7915747313424805}, "6": {"n": 1.4500438058602083, "loss": 8.359169447198514, "neff": 1.4494414590711904, "mode_effective_area": 1.5716982229753762e-10, "TE_polarization_fraction": 0.09446903583156763}}