{"wavelength": 1030, "bend_radius": 0.1, "cladding_n": 1.4500438058602083, "core_n": 1.4520438058602083, "trench_n": 1.4450438058602084, "deltan_core": 0.002, "deltan_ring": 0.005, "core_radius": 4.15e-06, "trench_ID": 9.96e-06, "trench_OD": 1.4940000000000001e-05, "1": {"n": 1.4500438058602083, "loss": -3.7480157256696487e-07, "neff": 1.4508135721000137, "mode_effective_area": 8.073190791844458e-11, "TE_polarization_fraction": 0.9999998919478575}, "2": {"n": 1.4500438058602083, "loss": 3.8834850023981744e-07, "neff": 1.4508120525269461, "mode_effective_area": 8.081783923464435e-11, "TE_polarization_fraction": 1.0748453549463894e-07}, "3": {"n": 1.4500438058602083, "loss": 7.567902300141983, "neff": 1.449441857582735, "mode_effective_area": 2.0620179567615644e-10, "TE_polarization_fraction": 0.44056507187126226}, "4": {"n": 1.4500438058602083, "loss": 7.866794365816112, "neff": 1.44944168509939, "mode_effective_area": 1.7737633944495658e-10, "TE_polarization_fraction": 0.7974398978006052}, "5": {"n": 1.4500438058602083, "loss": 7.592813849236229, "neff": 1.449440541354458, "mode_effective_area": 2.063280744636518e-10, "TE_polarization_fraction": 0.5597224268380727}, "6": {"n": 1.4500438058602083, "loss": 8.187097081776823, "neff": 1.4494402180036075, "mode_effective_area": 1.7757265312137432e-10, "TE_polarization_fraction": 0.20344419331884522}}