{"wavelength": 1030, "bend_radius": 0, "cladding_n": 1.4500438058602083, "core_n": 1.4520438058602083, "trench_n": 1.4450438058602084, "deltan_core": 0.002, "deltan_ring": 0.005, "core_radius": 4.15e-06, "trench_ID": 9.96e-06, "trench_OD": 1.4940000000000001e-05, "1": {"n": 1.4500438058602083, "loss": -1.9455455877084105e-10, "neff": 1.4508125564343044, "mode_effective_area": 8.069657499779556e-11, "TE_polarization_fraction": 0.9999998925820159}, "2": {"n": 1.4500438058602083, "loss": 1.886307286052e-10, "neff": 1.4508110347332484, "mode_effective_area": 8.07824091947162e-11, "TE_polarization_fraction": 1.0685245501060236e-07}, "3": {"n": 1.4500438058602083, "loss": 7.788992055825884, "neff": 1.4494400172135173, "mode_effective_area": 1.798327065404617e-10, "TE_polarization_fraction": 0.7781436411301499}, "4": {"n": 1.4500438058602083, "loss": 7.656141517615527, "neff": 1.449439564203041, "mode_effective_area": 2.0655189589044617e-10, "TE_polarization_fraction": 0.43150514037923055}, "5": {"n": 1.4500438058602083, "loss": 7.776192283161812, "neff": 1.4494384441818495, "mode_effective_area": 1.8025034405679375e-10, "TE_polarization_fraction": 0.2218150019749094}, "6": {"n": 1.4500438058602083, "loss": 7.702407299917925, "neff": 1.4494383679968101, "mode_effective_area": 2.064602515281861e-10, "TE_polarization_fraction": 0.5690376611799263}}