{"wavelength": 1040, "bend_radius": 0.045, "cladding_n": 1.4499213245971632, "core_n": 1.4519213245971632, "trench_n": 1.4449213245971633, "deltan_core": 0.002, "deltan_ring": 0.005, "core_radius": 4.15e-06, "trench_ID": 9.96e-06, "trench_OD": 1.4940000000000001e-05, "1": {"n": 1.4499213245971632, "loss": 0.006509207558786305, "neff": 1.4506812417865584, "mode_effective_area": 8.184332241009601e-11, "TE_polarization_fraction": 0.999999887668357}, "2": {"n": 1.4499213245971632, "loss": 0.00542810429360293, "neff": 1.4506797455052978, "mode_effective_area": 8.193224183619819e-11, "TE_polarization_fraction": 1.11761801843921e-07}, "3": {"n": 1.4499213245971632, "loss": 10.77327514904077, "neff": 1.449305308732054, "mode_effective_area": 1.4258940397336687e-10, "TE_polarization_fraction": 0.9854616332994784}, "4": {"n": 1.4499213245971632, "loss": 10.759354091546035, "neff": 1.449305274473162, "mode_effective_area": 1.4435789344574434e-10, "TE_polarization_fraction": 0.02369216607494718}, "5": {"n": 1.4499213245971632, "loss": 9.751493309074812, "neff": 1.4493009101381564, "mode_effective_area": 1.4524922484014406e-10, "TE_polarization_fraction": 0.9764673294624059}, "6": {"n": 1.4499213245971632, "loss": 9.80328644955613, "neff": 1.449300390979353, "mode_effective_area": 1.4396970067083417e-10, "TE_polarization_fraction": 0.014657690635423335}}