{"wavelength": 1040, "bend_radius": 0.04, "cladding_n": 1.4499213245971632, "core_n": 1.4519213245971632, "trench_n": 1.4449213245971633, "deltan_core": 0.002, "deltan_ring": 0.005, "core_radius": 4.15e-06, "trench_ID": 9.96e-06, "trench_OD": 1.4940000000000001e-05, "1": {"n": 1.4499213245971632, "loss": 0.01279024752974733, "neff": 1.4506825856426884, "mode_effective_area": 8.189218714103629e-11, "TE_polarization_fraction": 0.9999998868361891}, "2": {"n": 1.4499213245971632, "loss": 0.014444806130386656, "neff": 1.4506810921948943, "mode_effective_area": 8.198143793983347e-11, "TE_polarization_fraction": 1.1260246846517818e-07}, "3": {"n": 1.4499213245971632, "loss": 11.600400583438443, "neff": 1.4493085100304512, "mode_effective_area": 1.4134985442561083e-10, "TE_polarization_fraction": 0.9909496961608497}, "4": {"n": 1.4499213245971632, "loss": 11.560118886210871, "neff": 1.4493084749108456, "mode_effective_area": 1.4236136994589268e-10, "TE_polarization_fraction": 0.01415649977008155}, "5": {"n": 1.4499213245971632, "loss": 9.918599993176196, "neff": 1.4493028535416759, "mode_effective_area": 1.4353392695130392e-10, "TE_polarization_fraction": 0.9859617947940876}, "6": {"n": 1.4499213245971632, "loss": 9.968613220168494, "neff": 1.4493023280901531, "mode_effective_area": 1.4300837416554325e-10, "TE_polarization_fraction": 0.009142482536949704}}