{"wavelength": 1040, "bend_radius": 0.03, "cladding_n": 1.4499213245971632, "core_n": 1.4519213245971632, "trench_n": 1.4449213245971633, "deltan_core": 0.002, "deltan_ring": 0.005, "core_radius": 4.15e-06, "trench_ID": 9.96e-06, "trench_OD": 1.4940000000000001e-05, "1": {"n": 1.4499213245971632, "loss": 0.06870431396967576, "neff": 1.450687574607402, "mode_effective_area": 8.207587251835905e-11, "TE_polarization_fraction": 0.9999998837631263}, "2": {"n": 1.4499213245971632, "loss": 0.0685698333296323, "neff": 1.4506860916724436, "mode_effective_area": 8.216570263109936e-11, "TE_polarization_fraction": 1.1574474337255585e-07}, "3": {"n": 1.4499213245971632, "loss": 14.792007650432986, "neff": 1.4493203678414828, "mode_effective_area": 1.3949964717669872e-10, "TE_polarization_fraction": 0.9972169551865019}, "4": {"n": 1.4499213245971632, "loss": 14.920677955424521, "neff": 1.4493203431892672, "mode_effective_area": 1.3982647860536036e-10, "TE_polarization_fraction": 0.004159352517198008}, "5": {"n": 1.4499213245971632, "loss": 10.648637294949548, "neff": 1.4493100067058433, "mode_effective_area": 1.419641567725022e-10, "TE_polarization_fraction": 0.9958973514030709}, "6": {"n": 1.4499213245971632, "loss": 10.692161038746752, "neff": 1.4493094784445304, "mode_effective_area": 1.4212183194361515e-10, "TE_polarization_fraction": 0.0028332788636897103}}