{"wavelength": 1040, "bend_radius": 0.025, "cladding_n": 1.4499213245971632, "core_n": 1.4519213245971632, "trench_n": 1.4449213245971633, "deltan_core": 0.002, "deltan_ring": 0.005, "core_radius": 4.15e-06, "trench_ID": 9.96e-06, "trench_OD": 1.4940000000000001e-05, "1": {"n": 1.4499213245971632, "loss": 0.13909125662366037, "neff": 1.4506926060571843, "mode_effective_area": 8.226323459670128e-11, "TE_polarization_fraction": 0.9999998806883788}, "2": {"n": 1.4499213245971632, "loss": 0.14105851322317411, "neff": 1.4506911335597261, "mode_effective_area": 8.235369083558882e-11, "TE_polarization_fraction": 1.1894596259643131e-07}, "3": {"n": 1.4499213245971632, "loss": 18.083831102948025, "neff": 1.4493322323353195, "mode_effective_area": 1.385638580699245e-10, "TE_polarization_fraction": 0.9986951857202983}, "4": {"n": 1.4499213245971632, "loss": 18.16364490641, "neff": 1.4493322231567247, "mode_effective_area": 1.3875032661301022e-10, "TE_polarization_fraction": 0.0019689858982209563}, "5": {"n": 1.4499213245971632, "loss": 11.554407369948633, "neff": 1.4493171867024837, "mode_effective_area": 1.418644569664897e-10, "TE_polarization_fraction": 0.9980681626446802}, "6": {"n": 1.4499213245971632, "loss": 11.607036077607884, "neff": 1.4493166629960859, "mode_effective_area": 1.42148059316956e-10, "TE_polarization_fraction": 0.0013390139542284096}}