{"wavelength": 1040, "bend_radius": 0.3, "cladding_n": 1.4499213245971632, "core_n": 1.4519213245971632, "trench_n": 1.4449213245971633, "deltan_core": 0.002, "deltan_ring": 0.005, "core_radius": 4.15e-06, "trench_ID": 9.96e-06, "trench_OD": 1.4940000000000001e-05, "1": {"n": 1.4499213245971632, "loss": -2.793426598224396e-09, "neff": 1.4506763054118808, "mode_effective_area": 8.166590880207076e-11, "TE_polarization_fraction": 0.9999998907425462}, "2": {"n": 1.4499213245971632, "loss": 2.7611945234487942e-09, "neff": 1.450674798808356, "mode_effective_area": 8.175431745938178e-11, "TE_polarization_fraction": 1.0868996225455878e-07}, "3": {"n": 1.4499213245971632, "loss": 9.051801879296507, "neff": 1.4492943486994057, "mode_effective_area": 1.8836445793086787e-10, "TE_polarization_fraction": 0.741628635457461}, "4": {"n": 1.4499213245971632, "loss": 8.98759645568786, "neff": 1.449293954864122, "mode_effective_area": 2.1082143395523093e-10, "TE_polarization_fraction": 0.47082335333943465}, "5": {"n": 1.4499213245971632, "loss": 8.954807329124437, "neff": 1.4492928349621803, "mode_effective_area": 1.8873678528272864e-10, "TE_polarization_fraction": 0.25841225078245744}, "6": {"n": 1.4499213245971632, "loss": 9.065732607327767, "neff": 1.4492927512380136, "mode_effective_area": 2.1079383745397917e-10, "TE_polarization_fraction": 0.5298840777487192}}