{"wavelength": 1040, "bend_radius": 0.015, "cladding_n": 1.4499213245971632, "core_n": 1.4519213245971632, "trench_n": 1.4449213245971633, "deltan_core": 0.002, "deltan_ring": 0.005, "core_radius": 4.15e-06, "trench_ID": 9.96e-06, "trench_OD": 1.4940000000000001e-05, "1": {"n": 1.4499213245971632, "loss": 0.7039589242766927, "neff": 1.4507221610076573, "mode_effective_area": 8.340657619042065e-11, "TE_polarization_fraction": 0.999999863180605}, "2": {"n": 1.4499213245971632, "loss": 0.7136125676045383, "neff": 1.4507207516098308, "mode_effective_area": 8.35027468464836e-11, "TE_polarization_fraction": 1.3839467723954834e-07}, "3": {"n": 1.4499213245971632, "loss": 37.69132156126303, "neff": 1.44939972308819, "mode_effective_area": 1.3446338061238673e-10, "TE_polarization_fraction": 0.0002770834230509706}, "4": {"n": 1.4499213245971632, "loss": 37.56898999383399, "neff": 1.449399628507226, "mode_effective_area": 1.3443614956845557e-10, "TE_polarization_fraction": 0.9998525385460587}, "5": {"n": 1.4499213245971632, "loss": 17.759073532635895, "neff": 1.4493590637298084, "mode_effective_area": 1.4317706987873115e-10, "TE_polarization_fraction": 0.9997358827527599}, "6": {"n": 1.4499213245971632, "loss": 17.817924502909843, "neff": 1.4493585830949753, "mode_effective_area": 1.435350633488496e-10, "TE_polarization_fraction": 0.00015908589098269664}}