{"wavelength": 1040, "bend_radius": 0.01, "cladding_n": 1.4499213245971632, "core_n": 1.4519213245971632, "trench_n": 1.4449213245971633, "deltan_core": 0.002, "deltan_ring": 0.005, "core_radius": 4.15e-06, "trench_ID": 9.96e-06, "trench_OD": 1.4940000000000001e-05, "1": {"n": 1.4499213245971632, "loss": 2.493338357392059, "neff": 1.4507813044901627, "mode_effective_area": 8.589419061062233e-11, "TE_polarization_fraction": 0.9999998310829389}, "2": {"n": 1.4499213245971632, "loss": 2.5156123612922174, "neff": 1.45078002472432, "mode_effective_area": 8.600725342845039e-11, "TE_polarization_fraction": 1.808713368091796e-07}, "3": {"n": 1.4499213245971632, "loss": 79.9148664720815, "neff": 1.4495235367108903, "mode_effective_area": 1.2752053741406302e-10, "TE_polarization_fraction": 7.373876380608319e-05}, "4": {"n": 1.4499213245971632, "loss": 79.76183473628967, "neff": 1.4495232851816364, "mode_effective_area": 1.2762421722195925e-10, "TE_polarization_fraction": 0.9999773018765964}, "5": {"n": 1.4499213245971632, "loss": 32.745426663455284, "neff": 1.4494414279181351, "mode_effective_area": 1.4513816659982153e-10, "TE_polarization_fraction": 0.9999328112005682}, "6": {"n": 1.4499213245971632, "loss": 32.83169608770495, "neff": 1.4494410404481837, "mode_effective_area": 1.4547304627167644e-10, "TE_polarization_fraction": 2.7902327441384467e-05}}