{"wavelength": 1040, "bend_radius": 0.1, "cladding_n": 1.4499213245971632, "core_n": 1.4519213245971632, "trench_n": 1.4449213245971633, "deltan_core": 0.002, "deltan_ring": 0.005, "core_radius": 4.15e-06, "trench_ID": 9.96e-06, "trench_OD": 1.4940000000000001e-05, "1": {"n": 1.4499213245971632, "loss": -6.057756167921119e-07, "neff": 1.4506772133276697, "mode_effective_area": 8.169826570462977e-11, "TE_polarization_fraction": 0.9999998901749501}, "2": {"n": 1.4499213245971632, "loss": 6.428631801062415e-07, "neff": 1.450675708617419, "mode_effective_area": 8.178677062612424e-11, "TE_polarization_fraction": 1.0925323483291293e-07}, "3": {"n": 1.4499213245971632, "loss": 8.778467959782237, "neff": 1.4492960184855266, "mode_effective_area": 2.0811358753814962e-10, "TE_polarization_fraction": 0.4261707664304752}, "4": {"n": 1.4499213245971632, "loss": 9.888625283537825, "neff": 1.4492958457061609, "mode_effective_area": 1.8176519873948594e-10, "TE_polarization_fraction": 0.7879287510287883}, "5": {"n": 1.4499213245971632, "loss": 8.760448822357503, "neff": 1.4492946787322978, "mode_effective_area": 2.0822574775911522e-10, "TE_polarization_fraction": 0.5739802074140183}, "6": {"n": 1.4499213245971632, "loss": 9.655415778827207, "neff": 1.4492943824880677, "mode_effective_area": 1.8176304984977047e-10, "TE_polarization_fraction": 0.21368908245878426}}