{"wavelength": 1040, "bend_radius": 0.02, "cladding_n": 1.4499213245971632, "core_n": 1.4519213245971632, "trench_n": 1.4449213245971633, "deltan_core": 0.002, "deltan_ring": 0.005, "core_radius": 4.15e-06, "trench_ID": 9.96e-06, "trench_OD": 1.4940000000000001e-05, "1": {"n": 1.4499213245971632, "loss": 0.29499152693397784, "neff": 1.4507019050438756, "mode_effective_area": 8.261503140604152e-11, "TE_polarization_fraction": 0.9999998750760323}, "2": {"n": 1.4499213245971632, "loss": 0.3024221553118413, "neff": 1.4507004523309794, "mode_effective_area": 8.270723007364306e-11, "TE_polarization_fraction": 1.2494905735380843e-07}, "3": {"n": 1.4499213245971632, "loss": 24.249514575373794, "neff": 1.4493538893071953, "mode_effective_area": 1.3728776340296968e-10, "TE_polarization_fraction": 0.0008135288682977351}, "4": {"n": 1.4499213245971632, "loss": 24.16636071945421, "neff": 1.449353863024148, "mode_effective_area": 1.3718418759656207e-10, "TE_polarization_fraction": 0.9994896742747412}, "5": {"n": 1.4499213245971632, "loss": 13.391777591014158, "neff": 1.4493304127412645, "mode_effective_area": 1.4220261687311643e-10, "TE_polarization_fraction": 0.9992093769110286}, "6": {"n": 1.4499213245971632, "loss": 13.44062063896936, "neff": 1.4493299014934755, "mode_effective_area": 1.4254382414433486e-10, "TE_polarization_fraction": 0.0005316535537396814}}