{"wavelength": 1040, "bend_radius": 0.035, "cladding_n": 1.4499213245971632, "core_n": 1.4519213245971632, "trench_n": 1.4449213245971633, "deltan_core": 0.002, "deltan_ring": 0.005, "core_radius": 4.15e-06, "trench_ID": 9.96e-06, "trench_OD": 1.4940000000000001e-05, "1": {"n": 1.4499213245971632, "loss": 0.030647816402302092, "neff": 1.4506845476605992, "mode_effective_area": 8.196420573489944e-11, "TE_polarization_fraction": 0.9999998856247234}, "2": {"n": 1.4499213245971632, "loss": 0.03136311777331358, "neff": 1.4506830582404466, "mode_effective_area": 8.205351432453522e-11, "TE_polarization_fraction": 1.1383392622527835e-07}, "3": {"n": 1.4499213245971632, "loss": 12.848082677878434, "neff": 1.4493131813773228, "mode_effective_area": 1.4036379460588098e-10, "TE_polarization_fraction": 0.9947496820288172}, "4": {"n": 1.4499213245971632, "loss": 12.877882654140771, "neff": 1.4493131496819625, "mode_effective_area": 1.4093548218565624e-10, "TE_polarization_fraction": 0.007964193024547756}, "5": {"n": 1.4499213245971632, "loss": 10.18604034058804, "neff": 1.4493056734915273, "mode_effective_area": 1.424912558459335e-10, "TE_polarization_fraction": 0.9921192806910222}, "6": {"n": 1.4499213245971632, "loss": 10.228202503422194, "neff": 1.4493051448902654, "mode_effective_area": 1.4240594678836534e-10, "TE_polarization_fraction": 0.005319780633450227}}