{"wavelength": 1040, "bend_radius": 0.075, "cladding_n": 1.4499213245971632, "core_n": 1.4519213245971632, "trench_n": 1.4449213245971633, "deltan_core": 0.002, "deltan_ring": 0.005, "core_radius": 4.15e-06, "trench_ID": 9.96e-06, "trench_OD": 1.4940000000000001e-05, "1": {"n": 1.4499213245971632, "loss": 4.388298696015273e-05, "neff": 1.4506780081514545, "mode_effective_area": 8.17266765707074e-11, "TE_polarization_fraction": 0.9999998896788602}, "2": {"n": 1.4499213245971632, "loss": 1.397167882373053e-05, "neff": 1.4506765050995059, "mode_effective_area": 8.181526444833377e-11, "TE_polarization_fraction": 1.0974694000560963e-07}, "3": {"n": 1.4499213245971632, "loss": 10.938512212403802, "neff": 1.4492976759234741, "mode_effective_area": 1.8051725699299952e-10, "TE_polarization_fraction": 0.20812775769316233}, "4": {"n": 1.4499213245971632, "loss": 11.2356701451389, "neff": 1.4492976086089795, "mode_effective_area": 1.6062199704933304e-10, "TE_polarization_fraction": 0.899023773167087}, "5": {"n": 1.4499213245971632, "loss": 9.575831936552431, "neff": 1.4492960448021535, "mode_effective_area": 1.8023668923451753e-10, "TE_polarization_fraction": 0.7912036291753599}, "6": {"n": 1.4499213245971632, "loss": 9.49525846412552, "neff": 1.4492956313248437, "mode_effective_area": 1.6064872380164046e-10, "TE_polarization_fraction": 0.10202054863556967}}