{"wavelength": 1040, "bend_radius": 0.2, "cladding_n": 1.4499213245971632, "core_n": 1.4519213245971632, "trench_n": 1.4449213245971633, "deltan_core": 0.002, "deltan_ring": 0.005, "core_radius": 4.15e-06, "trench_ID": 9.96e-06, "trench_OD": 1.4940000000000001e-05, "1": {"n": 1.4499213245971632, "loss": -1.0782779105619056e-08, "neff": 1.4506764472420177, "mode_effective_area": 8.167095729780784e-11, "TE_polarization_fraction": 0.999999890653815}, "2": {"n": 1.4499213245971632, "loss": 1.054597790110132e-08, "neff": 1.4506749409341526, "mode_effective_area": 8.175938084707581e-11, "TE_polarization_fraction": 1.0877790676416861e-07}, "3": {"n": 1.4499213245971632, "loss": 9.006461607255803, "neff": 1.4492945885645976, "mode_effective_area": 1.940656185993037e-10, "TE_polarization_fraction": 0.7047191199973154}, "4": {"n": 1.4499213245971632, "loss": 8.85160948862112, "neff": 1.449294230473793, "mode_effective_area": 2.107144862998158e-10, "TE_polarization_fraction": 0.5315738532332032}, "5": {"n": 1.4499213245971632, "loss": 8.949325503410586, "neff": 1.4492931360654049, "mode_effective_area": 1.9441359583736726e-10, "TE_polarization_fraction": 0.2953547185406925}, "6": {"n": 1.4499213245971632, "loss": 8.907472304540795, "neff": 1.4492930273352942, "mode_effective_area": 2.1078295115935477e-10, "TE_polarization_fraction": 0.46910190494099735}}