{"wavelength": 1040, "bend_radius": 0, "cladding_n": 1.4499213245971632, "core_n": 1.4519213245971632, "trench_n": 1.4449213245971633, "deltan_core": 0.002, "deltan_ring": 0.005, "core_radius": 4.15e-06, "trench_ID": 9.96e-06, "trench_OD": 1.4940000000000001e-05, "1": {"n": 1.4499213245971632, "loss": -3.255883040147424e-10, "neff": 1.4506761919562006, "mode_effective_area": 8.166187190500063e-11, "TE_polarization_fraction": 0.9999998908135432}, "2": {"n": 1.4499213245971632, "loss": 3.4040269286705864e-10, "neff": 1.4506746851161916, "mode_effective_area": 8.17502686893029e-11, "TE_polarization_fraction": 1.0861962437102846e-07}, "3": {"n": 1.4499213245971632, "loss": 8.944269913395003, "neff": 1.4492941582438352, "mode_effective_area": 1.8419445444790495e-10, "TE_polarization_fraction": 0.766471720368037}, "4": {"n": 1.4499213245971632, "loss": 8.69880594042939, "neff": 1.449293735906487, "mode_effective_area": 2.085094429931704e-10, "TE_polarization_fraction": 0.4202049269924137}, "5": {"n": 1.4499213245971632, "loss": 8.940806438794375, "neff": 1.4492925920220379, "mode_effective_area": 1.846007908069067e-10, "TE_polarization_fraction": 0.23349166543165809}, "6": {"n": 1.4499213245971632, "loss": 8.749762657102934, "neff": 1.449292518270376, "mode_effective_area": 2.0840804799433717e-10, "TE_polarization_fraction": 0.5803134670021153}}