{"wavelength": 1040, "bend_radius": 0.005, "cladding_n": 1.4499213245971632, "core_n": 1.4519213245971632, "trench_n": 1.4449213245971633, "deltan_core": 0.002, "deltan_ring": 0.005, "core_radius": 4.15e-06, "trench_ID": 9.96e-06, "trench_OD": 1.4940000000000001e-05, "1": {"n": 1.4499213245971632, "loss": 43.129733674423534, "neff": 1.4511327177402815, "mode_effective_area": 1.0114573683268091e-10, "TE_polarization_fraction": 0.9999997074669672}, "2": {"n": 1.4499213245971632, "loss": 43.351894482401484, "neff": 1.4511322491389602, "mode_effective_area": 1.0140283411954621e-10, "TE_polarization_fraction": 5.64086523622757e-07}, "3": {"n": 1.4499213245971632, "loss": 371.6846116664025, "neff": 1.4500459634995138, "mode_effective_area": 1.1570088374213176e-10, "TE_polarization_fraction": 2.925640490042151e-05}, "4": {"n": 1.4499213245971632, "loss": 372.99453334465886, "neff": 1.4500455994833967, "mode_effective_area": 1.1585881549837631e-10, "TE_polarization_fraction": 0.9999995252165965}, "5": {"n": 1.4499213245971632, "loss": 177.29044705873508, "neff": 1.449887057630478, "mode_effective_area": 1.381007397317562e-10, "TE_polarization_fraction": 3.3463406651376044e-06}, "6": {"n": 1.4499213245971632, "loss": 177.1809188413044, "neff": 1.4498869287301561, "mode_effective_area": 1.3788995008565226e-10, "TE_polarization_fraction": 0.9999746703358705}}