{"wavelength": 1040, "bend_radius": 0.05, "cladding_n": 1.4499213245971632, "core_n": 1.4519213245971632, "trench_n": 1.4449213245971633, "deltan_core": 0.002, "deltan_ring": 0.005, "core_radius": 4.15e-06, "trench_ID": 9.96e-06, "trench_OD": 1.4940000000000001e-05, "1": {"n": 1.4499213245971632, "loss": 0.0023194765093655784, "neff": 1.450680281172935, "mode_effective_area": 8.180848189932419e-11, "TE_polarization_fraction": 0.9999998882643412}, "2": {"n": 1.4499213245971632, "loss": 0.002331504635123831, "neff": 1.4506787828583612, "mode_effective_area": 8.189729491137677e-11, "TE_polarization_fraction": 1.111620551835369e-07}, "3": {"n": 1.4499213245971632, "loss": 10.279478612759897, "neff": 1.4493030233431397, "mode_effective_area": 1.4418678132525206e-10, "TE_polarization_fraction": 0.9779571272601933}, "4": {"n": 1.4499213245971632, "loss": 10.340830185995454, "neff": 1.449302994922827, "mode_effective_area": 1.4717539763845962e-10, "TE_polarization_fraction": 0.037637421167933}, "5": {"n": 1.4499213245971632, "loss": 9.650520820069287, "neff": 1.4492995086509874, "mode_effective_area": 1.4783616552361844e-10, "TE_polarization_fraction": 0.9625636551309417}, "6": {"n": 1.4499213245971632, "loss": 9.695859979592589, "neff": 1.449298998741353, "mode_effective_area": 1.4534276589702498e-10, "TE_polarization_fraction": 0.022196403891013048}}