{"wavelength": 1050, "bend_radius": 0.01, "cladding_n": 1.4497997593262841, "core_n": 1.4517997593262841, "trench_n": 1.4447997593262842, "deltan_core": 0.002, "deltan_ring": 0.005, "core_radius": 4.15e-06, "trench_ID": 9.96e-06, "trench_OD": 1.4940000000000001e-05, "1": {"n": 1.4497997593262841, "loss": 2.79416387793744, "neff": 1.450646442750352, "mode_effective_area": 8.694927750765559e-11, "TE_polarization_fraction": 0.9999998289546437}, "2": {"n": 1.4497997593262841, "loss": 2.8190724559981577, "neff": 1.4506451776575564, "mode_effective_area": 8.706573298370158e-11, "TE_polarization_fraction": 1.8337543588470233e-07}, "3": {"n": 1.4497997593262841, "loss": 86.86753800259659, "neff": 1.4493777859005712, "mode_effective_area": 1.2871586601953788e-10, "TE_polarization_fraction": 7.818302111430341e-05}, "4": {"n": 1.4497997593262841, "loss": 86.70943442837996, "neff": 1.4493775242981795, "mode_effective_area": 1.2882331023142597e-10, "TE_polarization_fraction": 0.9999759200115943}, "5": {"n": 1.4497997593262841, "loss": 36.04596408718789, "neff": 1.4492966647012098, "mode_effective_area": 1.4649750534975852e-10, "TE_polarization_fraction": 0.9999286006641466}, "6": {"n": 1.4497997593262841, "loss": 36.1339786368501, "neff": 1.449296314118695, "mode_effective_area": 1.468221484301052e-10, "TE_polarization_fraction": 2.950123728464741e-05}}