{"wavelength": 1050, "bend_radius": 0.3, "cladding_n": 1.4497997593262841, "core_n": 1.4517997593262841, "trench_n": 1.4447997593262842, "deltan_core": 0.002, "deltan_ring": 0.005, "core_radius": 4.15e-06, "trench_ID": 9.96e-06, "trench_OD": 1.4940000000000001e-05, "1": {"n": 1.4497997593262841, "loss": -4.776442187320469e-09, "neff": 1.450540897011354, "mode_effective_area": 8.263772446526727e-11, "TE_polarization_fraction": 0.9999998889952023}, "2": {"n": 1.4497997593262841, "loss": 4.729229654466923e-09, "neff": 1.450539405292897, "mode_effective_area": 8.272865037179759e-11, "TE_polarization_fraction": 1.1043600201816136e-07}, "3": {"n": 1.4497997593262841, "loss": 10.365417587855173, "neff": 1.4491494603036157, "mode_effective_area": 1.9276377490645707e-10, "TE_polarization_fraction": 0.7292366077819049}, "4": {"n": 1.4497997593262841, "loss": 10.23722116421991, "neff": 1.4491490927815325, "mode_effective_area": 2.130986434242268e-10, "TE_polarization_fraction": 0.4587020353517547}, "5": {"n": 1.4497997593262841, "loss": 10.231774066291734, "neff": 1.449147948210641, "mode_effective_area": 1.9311950211479298e-10, "TE_polarization_fraction": 0.27083492244665425}, "6": {"n": 1.4497997593262841, "loss": 10.338668519965346, "neff": 1.4491478700691123, "mode_effective_area": 2.1305789827138178e-10, "TE_polarization_fraction": 0.5420138427682769}}