{"wavelength": 1050, "bend_radius": 0.05, "cladding_n": 1.4497997593262841, "core_n": 1.4517997593262841, "trench_n": 1.4447997593262842, "deltan_core": 0.002, "deltan_ring": 0.005, "core_radius": 4.15e-06, "trench_ID": 9.96e-06, "trench_OD": 1.4940000000000001e-05, "1": {"n": 1.4497997593262841, "loss": 0.0033718648667170827, "neff": 1.450544894899508, "mode_effective_area": 8.278436203330112e-11, "TE_polarization_fraction": 0.9999998865007219}, "2": {"n": 1.4497997593262841, "loss": 0.003221318154096597, "neff": 1.4505434114691131, "mode_effective_area": 8.287571361856302e-11, "TE_polarization_fraction": 1.1291710474585661e-07}, "3": {"n": 1.4497997593262841, "loss": 11.73342026105147, "neff": 1.44915813480434, "mode_effective_area": 1.4617471212706916e-10, "TE_polarization_fraction": 0.9768327273258619}, "4": {"n": 1.4497997593262841, "loss": 11.803328747691763, "neff": 1.449158122069996, "mode_effective_area": 1.4909707494652567e-10, "TE_polarization_fraction": 0.038218954125057075}, "5": {"n": 1.4497997593262841, "loss": 10.999656990682407, "neff": 1.4491546120629881, "mode_effective_area": 1.4980065788030016e-10, "TE_polarization_fraction": 0.9619813182611726}, "6": {"n": 1.4497997593262841, "loss": 11.051345344008348, "neff": 1.4491541515401225, "mode_effective_area": 1.473572085837876e-10, "TE_polarization_fraction": 0.023327723178740326}}