{"wavelength": 1050, "bend_radius": 0.2, "cladding_n": 1.4497997593262841, "core_n": 1.4517997593262841, "trench_n": 1.4447997593262842, "deltan_core": 0.002, "deltan_ring": 0.005, "core_radius": 4.15e-06, "trench_ID": 9.96e-06, "trench_OD": 1.4940000000000001e-05, "1": {"n": 1.4497997593262841, "loss": -1.8140480715899518e-08, "neff": 1.450541039630532, "mode_effective_area": 8.26429151668061e-11, "TE_polarization_fraction": 0.9999998889058825}, "2": {"n": 1.4497997593262841, "loss": 1.780812891903872e-08, "neff": 1.4505395482078727, "mode_effective_area": 8.273385746604737e-11, "TE_polarization_fraction": 1.1052424013714107e-07}, "3": {"n": 1.4497997593262841, "loss": 10.280226094380012, "neff": 1.4491497025692794, "mode_effective_area": 1.984135584402065e-10, "TE_polarization_fraction": 0.6916617318234558}, "4": {"n": 1.4497997593262841, "loss": 10.156721591995035, "neff": 1.4491493682862204, "mode_effective_area": 2.136267513099186e-10, "TE_polarization_fraction": 0.5193483451594526}, "5": {"n": 1.4497997593262841, "loss": 10.184624661814471, "neff": 1.449148247698397, "mode_effective_area": 1.9874062003921984e-10, "TE_polarization_fraction": 0.3084416771551561}, "6": {"n": 1.4497997593262841, "loss": 10.21687051324756, "neff": 1.4491481496694074, "mode_effective_area": 2.1367883755956768e-10, "TE_polarization_fraction": 0.481373507079615}}