{"wavelength": 1050, "bend_radius": 0.045, "cladding_n": 1.4497997593262841, "core_n": 1.4517997593262841, "trench_n": 1.4447997593262842, "deltan_core": 0.002, "deltan_ring": 0.005, "core_radius": 4.15e-06, "trench_ID": 9.96e-06, "trench_OD": 1.4940000000000001e-05, "1": {"n": 1.4497997593262841, "loss": 0.008728517266128293, "neff": 1.4505458608484652, "mode_effective_area": 8.282019791033543e-11, "TE_polarization_fraction": 0.9999998859008448}, "2": {"n": 1.4497997593262841, "loss": 0.007365088831418248, "neff": 1.4505443794619362, "mode_effective_area": 8.291168565285696e-11, "TE_polarization_fraction": 1.1351935098537341e-07}, "3": {"n": 1.4497997593262841, "loss": 12.201073284326512, "neff": 1.4491604147862869, "mode_effective_area": 1.4444892786400813e-10, "TE_polarization_fraction": 0.984723862177843}, "4": {"n": 1.4497997593262841, "loss": 12.186348915777266, "neff": 1.4491603966405853, "mode_effective_area": 1.4619897213917582e-10, "TE_polarization_fraction": 0.024223011267528974}, "5": {"n": 1.4497997593262841, "loss": 11.115849759098541, "neff": 1.4491560172811422, "mode_effective_area": 1.4716415402291693e-10, "TE_polarization_fraction": 0.975940396446104}, "6": {"n": 1.4497997593262841, "loss": 11.173532539915387, "neff": 1.4491555477717468, "mode_effective_area": 1.4588540495100579e-10, "TE_polarization_fraction": 0.01539867121646774}}