{"wavelength": 1050, "bend_radius": 0.005, "cladding_n": 1.4497997593262841, "core_n": 1.4517997593262841, "trench_n": 1.4447997593262842, "deltan_core": 0.002, "deltan_ring": 0.005, "core_radius": 4.15e-06, "trench_ID": 9.96e-06, "trench_OD": 1.4940000000000001e-05, "1": {"n": 1.4497997593262841, "loss": 46.40785941365871, "neff": 1.450998829130131, "mode_effective_area": 1.0209614773720497e-10, "TE_polarization_fraction": 0.9999997035076755}, "2": {"n": 1.4497997593262841, "loss": 46.64025972910158, "neff": 1.4509983687889285, "mode_effective_area": 1.0235436668632361e-10, "TE_polarization_fraction": 5.71402074608272e-07}, "3": {"n": 1.4497997593262841, "loss": 396.40547576355095, "neff": 1.4498966998837743, "mode_effective_area": 1.1717056574636352e-10, "TE_polarization_fraction": 3.141838986455762e-05}, "4": {"n": 1.4497997593262841, "loss": 397.8390816064664, "neff": 1.4498963322458724, "mode_effective_area": 1.1731983338605542e-10, "TE_polarization_fraction": 0.9999994564056829}, "5": {"n": 1.4497997593262841, "loss": 189.4648867150824, "neff": 1.449741262411127, "mode_effective_area": 1.3932261539482588e-10, "TE_polarization_fraction": 3.5012309789771473e-06}, "6": {"n": 1.4497997593262841, "loss": 189.366964493703, "neff": 1.4497411250596488, "mode_effective_area": 1.3909960239923524e-10, "TE_polarization_fraction": 0.9999726417275832}}