{"wavelength": 1050, "bend_radius": 0.075, "cladding_n": 1.4497997593262841, "core_n": 1.4517997593262841, "trench_n": 1.4447997593262842, "deltan_core": 0.002, "deltan_ring": 0.005, "core_radius": 4.15e-06, "trench_ID": 9.96e-06, "trench_OD": 1.4940000000000001e-05, "1": {"n": 1.4497997593262841, "loss": 7.673942660116556e-05, "neff": 1.4505426092235467, "mode_effective_area": 8.270020400127701e-11, "TE_polarization_fraction": 0.9999998879244901}, "2": {"n": 1.4497997593262841, "loss": 2.302157004461851e-05, "neff": 1.4505411210583647, "mode_effective_area": 8.279132599642524e-11, "TE_polarization_fraction": 1.1149662896145508e-07}, "3": {"n": 1.4497997593262841, "loss": 11.531173208005978, "neff": 1.4491527958436727, "mode_effective_area": 1.825252043308406e-10, "TE_polarization_fraction": 0.20774331994745288}, "4": {"n": 1.4497997593262841, "loss": 11.60163029389925, "neff": 1.449152714932518, "mode_effective_area": 1.638964834730926e-10, "TE_polarization_fraction": 0.8916514157734108}, "5": {"n": 1.4497997593262841, "loss": 10.619675634648933, "neff": 1.4491511401727324, "mode_effective_area": 1.8234085818686256e-10, "TE_polarization_fraction": 0.7919627595001714}, "6": {"n": 1.4497997593262841, "loss": 10.696464756686165, "neff": 1.4491507705877074, "mode_effective_area": 1.6405372998523546e-10, "TE_polarization_fraction": 0.1091966317986408}}