{"wavelength": 1050, "bend_radius": 0.1, "cladding_n": 1.4497997593262841, "core_n": 1.4517997593262841, "trench_n": 1.4447997593262842, "deltan_core": 0.002, "deltan_ring": 0.005, "core_radius": 4.15e-06, "trench_ID": 9.96e-06, "trench_OD": 1.4940000000000001e-05, "1": {"n": 1.4497997593262841, "loss": -9.642451479232367e-07, "neff": 1.4505418099778846, "mode_effective_area": 8.267099204257273e-11, "TE_polarization_fraction": 0.9999998884238487}, "2": {"n": 1.4497997593262841, "loss": 1.0549685853501473e-06, "neff": 1.4505403201535836, "mode_effective_area": 8.276202379740034e-11, "TE_polarization_fraction": 1.1100118590821551e-07}, "3": {"n": 1.4497997593262841, "loss": 10.208182977550843, "neff": 1.4491511472730634, "mode_effective_area": 2.1002179188400347e-10, "TE_polarization_fraction": 0.4145615698800952}, "4": {"n": 1.4497997593262841, "loss": 11.591279247888705, "neff": 1.4491509548652832, "mode_effective_area": 1.8689889351478112e-10, "TE_polarization_fraction": 0.7727653152605297}, "5": {"n": 1.4497997593262841, "loss": 10.099989944063518, "neff": 1.4491497835952791, "mode_effective_area": 2.101201185842991e-10, "TE_polarization_fraction": 0.5853476382000308}, "6": {"n": 1.4497997593262841, "loss": 11.103359130063742, "neff": 1.4491495072642684, "mode_effective_area": 1.8683446964504527e-10, "TE_polarization_fraction": 0.22918508830725254}}