{"wavelength": 1050, "bend_radius": 0.015, "cladding_n": 1.4497997593262841, "core_n": 1.4517997593262841, "trench_n": 1.4447997593262842, "deltan_core": 0.002, "deltan_ring": 0.005, "core_radius": 4.15e-06, "trench_ID": 9.96e-06, "trench_OD": 1.4940000000000001e-05, "1": {"n": 1.4497997593262841, "loss": 0.8036427010018653, "neff": 1.4505870014217173, "mode_effective_area": 8.442161098732768e-11, "TE_polarization_fraction": 0.9999998612519676}, "2": {"n": 1.4497997593262841, "loss": 0.8142246098307885, "neff": 1.450585606913098, "mode_effective_area": 8.452077679894924e-11, "TE_polarization_fraction": 1.4035974141207037e-07}, "3": {"n": 1.4497997593262841, "loss": 41.437110828073564, "neff": 1.4492545790190285, "mode_effective_area": 1.357586564123275e-10, "TE_polarization_fraction": 0.00029110735174118243}, "4": {"n": 1.4497997593262841, "loss": 41.301805145098825, "neff": 1.4492544705735382, "mode_effective_area": 1.3573491275921038e-10, "TE_polarization_fraction": 0.9998451429783567}, "5": {"n": 1.4497997593262841, "loss": 19.81746565257437, "neff": 1.4492142674114963, "mode_effective_area": 1.4474961058351938e-10, "TE_polarization_fraction": 0.9997222537038919}, "6": {"n": 1.4497997593262841, "loss": 19.87943892592421, "neff": 1.4492138310621097, "mode_effective_area": 1.4509150004927572e-10, "TE_polarization_fraction": 0.0001669266578725237}}