{"wavelength": 1050, "bend_radius": 0.035, "cladding_n": 1.4497997593262841, "core_n": 1.4517997593262841, "trench_n": 1.4447997593262842, "deltan_core": 0.002, "deltan_ring": 0.005, "core_radius": 4.15e-06, "trench_ID": 9.96e-06, "trench_OD": 1.4940000000000001e-05, "1": {"n": 1.4497997593262841, "loss": 0.03873007096285813, "neff": 1.4505491850649348, "mode_effective_area": 8.294456038720853e-11, "TE_polarization_fraction": 0.9999998838437295}, "2": {"n": 1.4497997593262841, "loss": 0.03928369102916254, "neff": 1.4505477105212443, "mode_effective_area": 8.303644256608013e-11, "TE_polarization_fraction": 1.1560111488159934e-07}, "3": {"n": 1.4497997593262841, "loss": 14.412338106109122, "neff": 1.4491682709955098, "mode_effective_area": 1.420433489457481e-10, "TE_polarization_fraction": 0.9944918463063062}, "4": {"n": 1.4497997593262841, "loss": 14.435910974754712, "neff": 1.4491682560931858, "mode_effective_area": 1.4262082363533787e-10, "TE_polarization_fraction": 0.008226717716402796}, "5": {"n": 1.4497997593262841, "loss": 11.585956130838742, "neff": 1.4491607920350758, "mode_effective_area": 1.4430027746727286e-10, "TE_polarization_fraction": 0.9918597718382602}, "6": {"n": 1.4497997593262841, "loss": 11.63146292197418, "neff": 1.4491603129556867, "mode_effective_area": 1.4419039478946746e-10, "TE_polarization_fraction": 0.005579245515925555}}