{"wavelength": 1050, "bend_radius": 0.04, "cladding_n": 1.4497997593262841, "core_n": 1.4517997593262841, "trench_n": 1.4447997593262842, "deltan_core": 0.002, "deltan_ring": 0.005, "core_radius": 4.15e-06, "trench_ID": 9.96e-06, "trench_OD": 1.4940000000000001e-05, "1": {"n": 1.4497997593262841, "loss": 0.01652088882546421, "neff": 1.4505472121680127, "mode_effective_area": 8.287044922849443e-11, "TE_polarization_fraction": 0.9999998850631961}, "2": {"n": 1.4497997593262841, "loss": 0.018880112610770026, "neff": 1.4505457336161736, "mode_effective_area": 8.296232606181972e-11, "TE_polarization_fraction": 1.1436369176863667e-07}, "3": {"n": 1.4497997593262841, "loss": 13.06719527142166, "neff": 1.4491636091590168, "mode_effective_area": 1.43110029084896e-10, "TE_polarization_fraction": 0.9904966320267724}, "4": {"n": 1.4497997593262841, "loss": 13.017715452994858, "neff": 1.4491635905298281, "mode_effective_area": 1.441219104173294e-10, "TE_polarization_fraction": 0.014555695156942619}, "5": {"n": 1.4497997593262841, "loss": 11.298449594735935, "neff": 1.449157965563949, "mode_effective_area": 1.453937659811933e-10, "TE_polarization_fraction": 0.9855666971588841}, "6": {"n": 1.4497997593262841, "loss": 11.353205171358146, "neff": 1.449157489794986, "mode_effective_area": 1.4484920900094552e-10, "TE_polarization_fraction": 0.009597597871883017}}