{"wavelength": 1050, "bend_radius": 0.02, "cladding_n": 1.4497997593262841, "core_n": 1.4517997593262841, "trench_n": 1.4447997593262842, "deltan_core": 0.002, "deltan_ring": 0.005, "core_radius": 4.15e-06, "trench_ID": 9.96e-06, "trench_OD": 1.4940000000000001e-05, "1": {"n": 1.4497997593262841, "loss": 0.3426029787702367, "neff": 1.4505666372866903, "mode_effective_area": 8.361229490320941e-11, "TE_polarization_fraction": 0.9999998732244293}, "2": {"n": 1.4497997593262841, "loss": 0.3511458632709828, "neff": 1.4505651994790942, "mode_effective_area": 8.370731705874551e-11, "TE_polarization_fraction": 1.2679081376720687e-07}, "3": {"n": 1.4497997593262841, "loss": 26.831004918296316, "neff": 1.4492088994620143, "mode_effective_area": 1.3871796784644512e-10, "TE_polarization_fraction": 0.0008500561309638101}, "4": {"n": 1.4497997593262841, "loss": 26.750786181664562, "neff": 1.4492088576845217, "mode_effective_area": 1.3861531647583944e-10, "TE_polarization_fraction": 0.999465346186}, "5": {"n": 1.4497997593262841, "loss": 15.062339547383688, "neff": 1.4491855778494616, "mode_effective_area": 1.4386824737795497e-10, "TE_polarization_fraction": 0.9991735298634851}, "6": {"n": 1.4497997593262841, "loss": 15.1134470011334, "neff": 1.449185113690779, "mode_effective_area": 1.4419019189214359e-10, "TE_polarization_fraction": 0.0005567225878863607}}