{"wavelength": 1050, "bend_radius": 0, "cladding_n": 1.4497997593262841, "core_n": 1.4517997593262841, "trench_n": 1.4447997593262842, "deltan_core": 0.002, "deltan_ring": 0.005, "core_radius": 4.15e-06, "trench_ID": 9.96e-06, "trench_OD": 1.4940000000000001e-05, "1": {"n": 1.4497997593262841, "loss": -5.694301017883566e-10, "neff": 1.4505407829244705, "mode_effective_area": 8.263357381163809e-11, "TE_polarization_fraction": 0.9999998890666706}, "2": {"n": 1.4497997593262841, "loss": 5.747463508458236e-10, "neff": 1.45053929096942, "mode_effective_area": 8.272448664487306e-11, "TE_polarization_fraction": 1.1036543057378717e-07}, "3": {"n": 1.4497997593262841, "loss": 10.236539504179744, "neff": 1.4491492690000134, "mode_effective_area": 1.885375046899897e-10, "TE_polarization_fraction": 0.7547677757178278}, "4": {"n": 1.4497997593262841, "loss": 9.863172762228452, "neff": 1.4491488758663336, "mode_effective_area": 2.1037071038759101e-10, "TE_polarization_fraction": 0.40968302075708846}, "5": {"n": 1.4497997593262841, "loss": 10.244294315282879, "neff": 1.449147707223138, "mode_effective_area": 1.8893220007159353e-10, "TE_polarization_fraction": 0.2451995222900634}, "6": {"n": 1.4497997593262841, "loss": 9.918296105601874, "neff": 1.4491476365266227, "mode_effective_area": 2.102612431717475e-10, "TE_polarization_fraction": 0.590810387403059}}