{"wavelength": 1050, "bend_radius": 0.025, "cladding_n": 1.4497997593262841, "core_n": 1.4517997593262841, "trench_n": 1.4447997593262842, "deltan_core": 0.002, "deltan_ring": 0.005, "core_radius": 4.15e-06, "trench_ID": 9.96e-06, "trench_OD": 1.4940000000000001e-05, "1": {"n": 1.4497997593262841, "loss": 0.16480077102840018, "neff": 1.4505572877569322, "mode_effective_area": 8.325166276598013e-11, "TE_polarization_fraction": 0.9999998788741796}, "2": {"n": 1.4497997593262841, "loss": 0.16715969133695854, "neff": 1.4505558301355657, "mode_effective_area": 8.334480231268533e-11, "TE_polarization_fraction": 1.2074342613373456e-07}, "3": {"n": 1.4497997593262841, "loss": 20.210960170674642, "neff": 1.4491872888061448, "mode_effective_area": 1.4028277760278823e-10, "TE_polarization_fraction": 0.002049406832988076}, "4": {"n": 1.4497997593262841, "loss": 20.116072979002155, "neff": 1.4491872820242848, "mode_effective_area": 1.400932874051226e-10, "TE_polarization_fraction": 0.9986332678455603}, "5": {"n": 1.4497997593262841, "loss": 13.062391596486924, "neff": 1.4491723287416074, "mode_effective_area": 1.435844948575203e-10, "TE_polarization_fraction": 0.9979888962440354}, "6": {"n": 1.4497997593262841, "loss": 13.11889951259029, "neff": 1.4491718534672766, "mode_effective_area": 1.4384621593456977e-10, "TE_polarization_fraction": 0.0014019870225190237}}