{"wavelength": 1050, "bend_radius": 0.03, "cladding_n": 1.4497997593262841, "core_n": 1.4517997593262841, "trench_n": 1.4447997593262842, "deltan_core": 0.002, "deltan_ring": 0.005, "core_radius": 4.15e-06, "trench_ID": 9.96e-06, "trench_OD": 1.4940000000000001e-05, "1": {"n": 1.4497997593262841, "loss": 0.08346711235693371, "neff": 1.45055222868537, "mode_effective_area": 8.305929953185874e-11, "TE_polarization_fraction": 0.9999998819697159}, "2": {"n": 1.4497997593262841, "loss": 0.08343775309406416, "neff": 1.450550760663065, "mode_effective_area": 8.315178788933115e-11, "TE_polarization_fraction": 1.1752246184792223e-07}, "3": {"n": 1.4497997593262841, "loss": 16.525984132405622, "neff": 1.4491754430098918, "mode_effective_area": 1.4110646656708507e-10, "TE_polarization_fraction": 0.9970830135404236}, "4": {"n": 1.4497997593262841, "loss": 16.665994332173184, "neff": 1.4491754350512158, "mode_effective_area": 1.4143919763960872e-10, "TE_polarization_fraction": 0.004313427986174054}, "5": {"n": 1.4497997593262841, "loss": 12.082533253632999, "neff": 1.4491651345373124, "mode_effective_area": 1.437280752981759e-10, "TE_polarization_fraction": 0.9957451822476812}, "6": {"n": 1.4497997593262841, "loss": 12.128872720773398, "neff": 1.449164655429912, "mode_effective_area": 1.4386151365199091e-10, "TE_polarization_fraction": 0.00296857092930865}}