{"wavelength": 800, "bend_radius": 0.03, "cladding_n": 1.4533172548587419, "core_n": 1.4553172548587419, "trench_n": 1.448317254858742, "deltan_core": 0.002, "deltan_ring": 0.005, "core_radius": 4.15e-06, "trench_ID": 9.96e-06, "trench_OD": 1.4940000000000001e-05, "1": {"n": 1.4533172548587419, "loss": 5.605723304059303e-05, "neff": 1.4544262564524353, "mode_effective_area": 6.077281492791089e-11, "TE_polarization_fraction": 0.9999999321717641}, "2": {"n": 1.4533172548587419, "loss": 5.5891532487986976e-05, "neff": 1.4544244472505619, "mode_effective_area": 6.0787107472429e-11, "TE_polarization_fraction": 7.062353814687229e-08}, "3": {"n": 1.4533172548587419, "loss": 0.34291169989026077, "neff": 1.4533004225490593, "mode_effective_area": 9.419707798535987e-11, "TE_polarization_fraction": 0.9982451664612964}, "4": {"n": 1.4533172548587419, "loss": 0.3444617861462435, "neff": 1.453299801181521, "mode_effective_area": 9.505302110697291e-11, "TE_polarization_fraction": 0.008606582524593481}, "5": {"n": 1.4533172548587419, "loss": 0.1439690830495922, "neff": 1.4532944471176268, "mode_effective_area": 9.28596138710579e-11, "TE_polarization_fraction": 0.9914665259528356}, "6": {"n": 1.4533172548587419, "loss": 0.14499917649115548, "neff": 1.453292138511337, "mode_effective_area": 9.285054536487231e-11, "TE_polarization_fraction": 0.0017917620564766325}}