{"wavelength": 800, "bend_radius": 0.005, "cladding_n": 1.4533172548587419, "core_n": 1.4553172548587419, "trench_n": 1.448317254858742, "deltan_core": 0.002, "deltan_ring": 0.005, "core_radius": 4.15e-06, "trench_ID": 9.96e-06, "trench_OD": 1.4940000000000001e-05, "1": {"n": 1.4533172548587419, "loss": 4.218069820220198, "neff": 1.4548262420795535, "mode_effective_area": 7.703043955545551e-11, "TE_polarization_fraction": 0.9999997943428401}, "2": {"n": 1.4533172548587419, "loss": 4.261826934949604, "neff": 1.4548254957367754, "mode_effective_area": 7.725798156230935e-11, "TE_polarization_fraction": 4.1828580042047047e-07}, "3": {"n": 1.4533172548587419, "loss": 48.466302680053275, "neff": 1.4540976502854275, "mode_effective_area": 8.622778042451597e-11, "TE_polarization_fraction": 6.104691332057575e-06}, "4": {"n": 1.4533172548587419, "loss": 48.53348474799687, "neff": 1.4540972736981128, "mode_effective_area": 8.651834905060988e-11, "TE_polarization_fraction": 0.9999998391263977}, "5": {"n": 1.4533172548587419, "loss": 22.614465833170303, "neff": 1.4538590694053957, "mode_effective_area": 1.1372955979458772e-10, "TE_polarization_fraction": 0.9999952108299631}, "6": {"n": 1.4533172548587419, "loss": 22.71656143897279, "neff": 1.4538590103475508, "mode_effective_area": 1.1370529718723366e-10, "TE_polarization_fraction": 2.042477968639994e-06}}