{"wavelength": 800, "bend_radius": 0.075, "cladding_n": 1.4533172548587419, "core_n": 1.4553172548587419, "trench_n": 1.448317254858742, "deltan_core": 0.002, "deltan_ring": 0.005, "core_radius": 4.15e-06, "trench_ID": 9.96e-06, "trench_OD": 1.4940000000000001e-05, "1": {"n": 1.4533172548587419, "loss": -8.010974471447538e-12, "neff": 1.4544178464846524, "mode_effective_area": 6.07436287075177e-11, "TE_polarization_fraction": 0.9999999364416106}, "2": {"n": 1.4533172548587419, "loss": 3.471941878421418e-12, "neff": 1.4544160205741463, "mode_effective_area": 6.075954611762957e-11, "TE_polarization_fraction": 6.361115115172198e-08}, "3": {"n": 1.4533172548587419, "loss": 0.06713004884609428, "neff": 1.4532835819597385, "mode_effective_area": 1.0634634134241606e-10, "TE_polarization_fraction": 0.8714720415794074}, "4": {"n": 1.4533172548587419, "loss": 0.1070467604117873, "neff": 1.4532830435923356, "mode_effective_area": 9.482193211879432e-11, "TE_polarization_fraction": 0.9716003083668756}, "5": {"n": 1.4533172548587419, "loss": 0.1008602174773091, "neff": 1.4532820790625287, "mode_effective_area": 1.0721417708176462e-10, "TE_polarization_fraction": 0.12847890153624866}, "6": {"n": 1.4533172548587419, "loss": 0.06453175671672885, "neff": 1.4532809275542473, "mode_effective_area": 9.488823540535133e-11, "TE_polarization_fraction": 0.028613600876381165}}