{"wavelength": 800, "bend_radius": 0.04, "cladding_n": 1.4533172548587419, "core_n": 1.4553172548587419, "trench_n": 1.448317254858742, "deltan_core": 0.002, "deltan_ring": 0.005, "core_radius": 4.15e-06, "trench_ID": 9.96e-06, "trench_OD": 1.4940000000000001e-05, "1": {"n": 1.4533172548587419, "loss": 8.231388241755843e-07, "neff": 1.4544218720585027, "mode_effective_area": 6.075582011418321e-11, "TE_polarization_fraction": 0.9999999343959632}, "2": {"n": 1.4533172548587419, "loss": 8.226199066027636e-07, "neff": 1.4544200541232013, "mode_effective_area": 6.077092472494771e-11, "TE_polarization_fraction": 6.698140300079171e-08}, "3": {"n": 1.4533172548587419, "loss": 0.22038101623288378, "neff": 1.4532912890762977, "mode_effective_area": 9.322286248578631e-11, "TE_polarization_fraction": 0.9950818978837279}, "4": {"n": 1.4533172548587419, "loss": 0.2157709014320685, "neff": 1.4532907044792762, "mode_effective_area": 9.976181675950852e-11, "TE_polarization_fraction": 0.057897252936681666}, "5": {"n": 1.4533172548587419, "loss": 0.10966499238267786, "neff": 1.453288568758739, "mode_effective_area": 9.829431506660337e-11, "TE_polarization_fraction": 0.9423103268378681}, "6": {"n": 1.4533172548587419, "loss": 0.10533059211503333, "neff": 1.4532862957675443, "mode_effective_area": 9.258690266091937e-11, "TE_polarization_fraction": 0.0049867135945137675}}