{"wavelength": 800, "bend_radius": 0.01, "cladding_n": 1.4533172548587419, "core_n": 1.4553172548587419, "trench_n": 1.448317254858742, "deltan_core": 0.002, "deltan_ring": 0.005, "core_radius": 4.15e-06, "trench_ID": 9.96e-06, "trench_OD": 1.4940000000000001e-05, "1": {"n": 1.4533172548587419, "loss": 0.06455250646115675, "neff": 1.454508288489683, "mode_effective_area": 6.180673115893544e-11, "TE_polarization_fraction": 0.9999998918516209}, "2": {"n": 1.4533172548587419, "loss": 0.06545008177055865, "neff": 1.4545066531084838, "mode_effective_area": 6.18198203465625e-11, "TE_polarization_fraction": 1.3456168315668998e-07}, "3": {"n": 1.4533172548587419, "loss": 5.283670032114608, "neff": 1.4534866927552932, "mode_effective_area": 1.0435220926195679e-10, "TE_polarization_fraction": 0.9999892578887413}, "4": {"n": 1.4533172548587419, "loss": 5.318929270057245, "neff": 1.4534866115578287, "mode_effective_area": 1.0441505615586147e-10, "TE_polarization_fraction": 3.170213904372795e-05}, "5": {"n": 1.4533172548587419, "loss": 1.3959487714158576, "neff": 1.4534072572942163, "mode_effective_area": 1.0458388733898861e-10, "TE_polarization_fraction": 0.9999714822521274}, "6": {"n": 1.4533172548587419, "loss": 1.4123856763996876, "neff": 1.4534055096046266, "mode_effective_area": 1.0536896436385216e-10, "TE_polarization_fraction": 1.338125485802201e-05}}