{"wavelength": 800, "bend_radius": 0.3, "cladding_n": 1.4533172548587419, "core_n": 1.4553172548587419, "trench_n": 1.448317254858742, "deltan_core": 0.002, "deltan_ring": 0.005, "core_radius": 4.15e-06, "trench_ID": 9.96e-06, "trench_OD": 1.4940000000000001e-05, "1": {"n": 1.4533172548587419, "loss": 7.30148161604922e-12, "neff": 1.4544163482215628, "mode_effective_area": 6.073992500640426e-11, "TE_polarization_fraction": 0.9999999372037524}, "2": {"n": 1.4533172548587419, "loss": 4.194993949896714e-12, "neff": 1.4544145193532234, "mode_effective_area": 6.075616140114812e-11, "TE_polarization_fraction": 6.23502299251681e-08}, "3": {"n": 1.4533172548587419, "loss": 0.03419464421795471, "neff": 1.4532815305790214, "mode_effective_area": 9.57925441355014e-11, "TE_polarization_fraction": 0.9548352484296956}, "4": {"n": 1.4533172548587419, "loss": 0.037187660702856964, "neff": 1.453280049720699, "mode_effective_area": 1.036112126805797e-10, "TE_polarization_fraction": 0.8972387229631994}, "5": {"n": 1.4533172548587419, "loss": 0.046615369780069534, "neff": 1.4532790992828277, "mode_effective_area": 9.6326077266076e-11, "TE_polarization_fraction": 0.045079243801332276}, "6": {"n": 1.4533172548587419, "loss": 0.036353070522729215, "neff": 1.453278889469809, "mode_effective_area": 1.0396582786887523e-10, "TE_polarization_fraction": 0.10326348695774057}}