{"wavelength": 800, "bend_radius": 0, "cladding_n": 1.4533172548587419, "core_n": 1.4553172548587419, "trench_n": 1.448317254858742, "deltan_core": 0.002, "deltan_ring": 0.005, "core_radius": 4.15e-06, "trench_ID": 9.96e-06, "trench_OD": 1.4940000000000001e-05, "1": {"n": 1.4533172548587419, "loss": 2.824448103783444e-13, "neff": 1.4544162483745948, "mode_effective_area": 6.073969426099738e-11, "TE_polarization_fraction": 0.9999999372545568}, "2": {"n": 1.4533172548587419, "loss": -5.357744330224966e-12, "neff": 1.4544144193093391, "mode_effective_area": 6.075595223158898e-11, "TE_polarization_fraction": 6.226607177673201e-08}, "3": {"n": 1.4533172548587419, "loss": 0.045685928485409505, "neff": 1.453281396395134, "mode_effective_area": 9.548747634746097e-11, "TE_polarization_fraction": 0.9572786485245037}, "4": {"n": 1.4533172548587419, "loss": 0.02168609716585336, "neff": 1.4532798547561807, "mode_effective_area": 1.051009232212871e-10, "TE_polarization_fraction": 0.8850850070742389}, "5": {"n": 1.4533172548587419, "loss": 0.04467646579724998, "neff": 1.4532788991003196, "mode_effective_area": 9.599991650520018e-11, "TE_polarization_fraction": 0.04263548554258558}, "6": {"n": 1.4533172548587419, "loss": 0.02263353810440468, "neff": 1.4532787499091968, "mode_effective_area": 1.0547243881629468e-10, "TE_polarization_fraction": 0.1154554056497577}}