{"wavelength": 800, "bend_radius": 0.035, "cladding_n": 1.4533172548587419, "core_n": 1.4553172548587419, "trench_n": 1.448317254858742, "deltan_core": 0.002, "deltan_ring": 0.005, "core_radius": 4.15e-06, "trench_ID": 9.96e-06, "trench_OD": 1.4940000000000001e-05, "1": {"n": 1.4533172548587419, "loss": 6.8812305749601995e-06, "neff": 1.4544235965930217, "mode_effective_area": 6.076204210891954e-11, "TE_polarization_fraction": 0.9999999335206131}, "2": {"n": 1.4533172548587419, "loss": 7.355108924485045e-06, "neff": 1.4544217820869436, "mode_effective_area": 6.077681825683394e-11, "TE_polarization_fraction": 6.841748080752592e-08}, "3": {"n": 1.4533172548587419, "loss": 0.2673860032480845, "neff": 1.4532948652231739, "mode_effective_area": 9.354051501811904e-11, "TE_polarization_fraction": 0.9969072980575793}, "4": {"n": 1.4533172548587419, "loss": 0.2680927991065349, "neff": 1.4532942495560242, "mode_effective_area": 9.592349386491076e-11, "TE_polarization_fraction": 0.022474636187668807}, "5": {"n": 1.4533172548587419, "loss": 0.12190598135260149, "neff": 1.4532908956241335, "mode_effective_area": 9.416369771809216e-11, "TE_polarization_fraction": 0.9776497580440823}, "6": {"n": 1.4533172548587419, "loss": 0.1210502985043177, "neff": 1.4532885920801686, "mode_effective_area": 9.261848204044864e-11, "TE_polarization_fraction": 0.0031443953363734017}}