{"wavelength": 800, "bend_radius": 0.05, "cladding_n": 1.4533172548587419, "core_n": 1.4553172548587419, "trench_n": 1.448317254858742, "deltan_core": 0.002, "deltan_ring": 0.005, "core_radius": 4.15e-06, "trench_ID": 9.96e-06, "trench_OD": 1.4940000000000001e-05, "1": {"n": 1.4533172548587419, "loss": 1.387805244608652e-08, "neff": 1.4544198458079338, "mode_effective_area": 6.074927550507289e-11, "TE_polarization_fraction": 0.9999999354252328}, "2": {"n": 1.4533172548587419, "loss": 9.386918242392762e-09, "neff": 1.4544180238532263, "mode_effective_area": 6.076478117991701e-11, "TE_polarization_fraction": 6.528819251041592e-08}, "3": {"n": 1.4533172548587419, "loss": 0.16334384627949824, "neff": 1.4532871176023021, "mode_effective_area": 9.320313024171608e-11, "TE_polarization_fraction": 0.9899852221073319}, "4": {"n": 1.4533172548587419, "loss": 0.1389451636839326, "neff": 1.4532867352589254, "mode_effective_area": 1.2950829733527522e-10, "TE_polarization_fraction": 0.3290485049463833}, "5": {"n": 1.4533172548587419, "loss": 0.11073543298316466, "neff": 1.4532856695684153, "mode_effective_area": 1.288922941087947e-10, "TE_polarization_fraction": 0.6713165549059258}, "6": {"n": 1.4533172548587419, "loss": 0.08599413008795513, "neff": 1.453283598176509, "mode_effective_area": 9.291381520154561e-11, "TE_polarization_fraction": 0.010122242289567636}}