{"wavelength": 800, "bend_radius": 0.015, "cladding_n": 1.4533172548587419, "core_n": 1.4553172548587419, "trench_n": 1.448317254858742, "deltan_core": 0.002, "deltan_ring": 0.005, "core_radius": 4.15e-06, "trench_ID": 9.96e-06, "trench_OD": 1.4940000000000001e-05, "1": {"n": 1.4533172548587419, "loss": 0.009815730655128294, "neff": 1.4544565832736727, "mode_effective_area": 6.09965305682277e-11, "TE_polarization_fraction": 0.9999999169307301}, "2": {"n": 1.4533172548587419, "loss": 0.009969059475637875, "neff": 1.454454835919658, "mode_effective_area": 6.100728512145487e-11, "TE_polarization_fraction": 9.508131445212269e-08}, "3": {"n": 1.4533172548587419, "loss": 1.5599685765660578, "neff": 1.4533666760433521, "mode_effective_area": 1.0150430695006587e-10, "TE_polarization_fraction": 0.9999071832020117}, "4": {"n": 1.4533172548587419, "loss": 1.573335914328657, "neff": 1.4533662475182154, "mode_effective_area": 1.0162952910332558e-10, "TE_polarization_fraction": 0.00022981634238663403}, "5": {"n": 1.4533172548587419, "loss": 0.46146987576865467, "neff": 1.4533352869970608, "mode_effective_area": 9.65004953080849e-11, "TE_polarization_fraction": 0.999780246588111}, "6": {"n": 1.4533172548587419, "loss": 0.4675647140066991, "neff": 1.453333171371111, "mode_effective_area": 9.730817138961552e-11, "TE_polarization_fraction": 0.00010009910860906409}}