{"wavelength": 800, "bend_radius": 0.045, "cladding_n": 1.4533172548587419, "core_n": 1.4553172548587419, "trench_n": 1.448317254858742, "deltan_core": 0.002, "deltan_ring": 0.005, "core_radius": 4.15e-06, "trench_ID": 9.96e-06, "trench_OD": 1.4940000000000001e-05, "1": {"n": 1.4533172548587419, "loss": 7.467191417622653e-08, "neff": 1.4544206905437023, "mode_effective_area": 6.075190333982096e-11, "TE_polarization_fraction": 0.9999999349960385}, "2": {"n": 1.4533172548587419, "loss": 1.0153367910314046e-07, "neff": 1.4544188702633836, "mode_effective_area": 6.076723983401675e-11, "TE_polarization_fraction": 6.59948587360322e-08}, "3": {"n": 1.4533172548587419, "loss": 0.18767977476155828, "neff": 1.4532888523443706, "mode_effective_area": 9.313211207115113e-11, "TE_polarization_fraction": 0.9927645347008586}, "4": {"n": 1.4533172548587419, "loss": 0.17469776561439151, "neff": 1.4532883380428625, "mode_effective_area": 1.1044226171634067e-10, "TE_polarization_fraction": 0.14696308096362176}, "5": {"n": 1.4533172548587419, "loss": 0.10601568490682625, "neff": 1.4532869260834187, "mode_effective_area": 1.0923330411076948e-10, "TE_polarization_fraction": 0.8533562867652585}, "6": {"n": 1.4533172548587419, "loss": 0.09428627890457898, "neff": 1.4532847230223258, "mode_effective_area": 9.269687090333963e-11, "TE_polarization_fraction": 0.007322806744135579}}