{"wavelength": 800, "bend_radius": 0.02, "cladding_n": 1.4533172548587419, "core_n": 1.4553172548587419, "trench_n": 1.448317254858742, "deltan_core": 0.002, "deltan_ring": 0.005, "core_radius": 4.15e-06, "trench_ID": 9.96e-06, "trench_OD": 1.4940000000000001e-05, "1": {"n": 1.4533172548587419, "loss": 0.0020823531212619626, "neff": 1.4544388354653808, "mode_effective_area": 6.084309999909568e-11, "TE_polarization_fraction": 0.9999999258162868}, "2": {"n": 1.4533172548587419, "loss": 0.0021207720908313858, "neff": 1.454437051603561, "mode_effective_area": 6.085548522244309e-11, "TE_polarization_fraction": 8.091653692145154e-08}, "3": {"n": 1.4533172548587419, "loss": 0.7619060861877265, "neff": 1.453327310551386, "mode_effective_area": 9.760364731801608e-11, "TE_polarization_fraction": 0.9996583839144833}, "4": {"n": 1.4533172548587419, "loss": 0.7684080640039995, "neff": 1.4533267569820794, "mode_effective_area": 9.774607865644625e-11, "TE_polarization_fraction": 0.0009729959102572047}, "5": {"n": 1.4533172548587419, "loss": 0.26032181577511254, "neff": 1.4533112608056837, "mode_effective_area": 9.383157992601558e-11, "TE_polarization_fraction": 0.9990492147798803}, "6": {"n": 1.4533172548587419, "loss": 0.2638512452295374, "neff": 1.4533090210457846, "mode_effective_area": 9.458234911431007e-11, "TE_polarization_fraction": 0.00035625859995686997}}