{"wavelength": 800, "bend_radius": 0.2, "cladding_n": 1.4533172548587419, "core_n": 1.4553172548587419, "trench_n": 1.448317254858742, "deltan_core": 0.002, "deltan_ring": 0.005, "core_radius": 4.15e-06, "trench_ID": 9.96e-06, "trench_OD": 1.4940000000000001e-05, "1": {"n": 1.4533172548587419, "loss": 2.739587553806715e-12, "neff": 1.4544164730368032, "mode_effective_area": 6.074021627842338e-11, "TE_polarization_fraction": 0.9999999371402455}, "2": {"n": 1.4533172548587419, "loss": 3.947722615864232e-12, "neff": 1.4544146444146568, "mode_effective_area": 6.075642575787853e-11, "TE_polarization_fraction": 6.245541053781382e-08}, "3": {"n": 1.4533172548587419, "loss": 0.041299530698523435, "neff": 1.453281698448149, "mode_effective_area": 9.622389784710735e-11, "TE_polarization_fraction": 0.9514724590492226}, "4": {"n": 1.4533172548587419, "loss": 0.04988607400937513, "neff": 1.4532802948563581, "mode_effective_area": 1.0202728328649871e-10, "TE_polarization_fraction": 0.9102132409805066}, "5": {"n": 1.4533172548587419, "loss": 0.050575143595928296, "neff": 1.4532793495180274, "mode_effective_area": 9.678359372670548e-11, "TE_polarization_fraction": 0.048442712794322294}, "6": {"n": 1.4533172548587419, "loss": 0.04141623872268968, "neff": 1.4532790627269734, "mode_effective_area": 1.0235678810081255e-10, "TE_polarization_fraction": 0.09024814194724873}}