{"wavelength": 800, "bend_radius": 0.025, "cladding_n": 1.4533172548587419, "core_n": 1.4553172548587419, "trench_n": 1.448317254858742, "deltan_core": 0.002, "deltan_ring": 0.005, "core_radius": 4.15e-06, "trench_ID": 9.96e-06, "trench_OD": 1.4940000000000001e-05, "1": {"n": 1.4533172548587419, "loss": 0.0003769364883828431, "neff": 1.4544306753251999, "mode_effective_area": 6.079386826297881e-11, "TE_polarization_fraction": 0.9999999299345144}, "2": {"n": 1.4533172548587419, "loss": 0.0003863810679746717, "neff": 1.454428874976401, "mode_effective_area": 6.08074195290956e-11, "TE_polarization_fraction": 7.42651667728721e-08}, "3": {"n": 1.4533172548587419, "loss": 0.47825956869619485, "neff": 1.4533097585114594, "mode_effective_area": 9.540659847247137e-11, "TE_polarization_fraction": 0.9991371367206373}, "4": {"n": 1.4533172548587419, "loss": 0.4825217516215359, "neff": 1.453309154360266, "mode_effective_area": 9.57165704144654e-11, "TE_polarization_fraction": 0.0031037612018197493}, "5": {"n": 1.4533172548587419, "loss": 0.18287728610428672, "neff": 1.453300337977056, "mode_effective_area": 9.285036258378468e-11, "TE_polarization_fraction": 0.9969379853324318}, "6": {"n": 1.4533172548587419, "loss": 0.1851014722328804, "neff": 1.4532980472565684, "mode_effective_area": 9.340469819213117e-11, "TE_polarization_fraction": 0.0008874041924526987}}