{"wavelength": 800, "bend_radius": 0.1, "cladding_n": 1.4533172548587419, "core_n": 1.4553172548587419, "trench_n": 1.448317254858742, "deltan_core": 0.002, "deltan_ring": 0.005, "core_radius": 4.15e-06, "trench_ID": 9.96e-06, "trench_OD": 1.4940000000000001e-05, "1": {"n": 1.4533172548587419, "loss": 6.131901836259815e-12, "neff": 1.454417147164678, "mode_effective_area": 6.074184370248512e-11, "TE_polarization_fraction": 0.9999999367972926}, "2": {"n": 1.4533172548587419, "loss": 6.712680945216206e-12, "neff": 1.4544153198728935, "mode_effective_area": 6.075790888626739e-11, "TE_polarization_fraction": 6.302305891288209e-08}, "3": {"n": 1.4533172548587419, "loss": 0.054437119337994444, "neff": 1.4532826129530523, "mode_effective_area": 9.95658901590523e-11, "TE_polarization_fraction": 0.925235525151049}, "4": {"n": 1.4533172548587419, "loss": 0.0789759058256932, "neff": 1.453281635228237, "mode_effective_area": 9.699069655775021e-11, "TE_polarization_fraction": 0.9522724151857662}, "5": {"n": 1.4533172548587419, "loss": 0.08250547456762869, "neff": 1.4532806971703702, "mode_effective_area": 1.0027478724556517e-10, "TE_polarization_fraction": 0.0746842125947157}, "6": {"n": 1.4533172548587419, "loss": 0.05423340180744759, "neff": 1.453279984726381, "mode_effective_area": 9.718807844990567e-11, "TE_polarization_fraction": 0.04803108938132552}}