{"wavelength": 810, "bend_radius": 0.01, "cladding_n": 1.453146366149297, "core_n": 1.455146366149297, "trench_n": 1.448146366149297, "deltan_core": 0.002, "deltan_ring": 0.005, "core_radius": 4.15e-06, "trench_ID": 9.96e-06, "trench_OD": 1.4940000000000001e-05, "1": {"n": 1.453146366149297, "loss": 0.07873060813876258, "neff": 1.4543230829678118, "mode_effective_area": 6.273964677203124e-11, "TE_polarization_fraction": 0.999999888981428}, "2": {"n": 1.453146366149297, "loss": 0.07980353836264263, "neff": 1.454321461720008, "mode_effective_area": 6.275738570681478e-11, "TE_polarization_fraction": 1.3589574974350416e-07}, "3": {"n": 1.453146366149297, "loss": 6.139586850489399, "neff": 1.4532926617418855, "mode_effective_area": 1.0520703289452211e-10, "TE_polarization_fraction": 0.9999893077175359}, "4": {"n": 1.453146366149297, "loss": 6.178623860355139, "neff": 1.4532926018193024, "mode_effective_area": 1.0525974194747041e-10, "TE_polarization_fraction": 3.16322825533345e-05}, "5": {"n": 1.453146366149297, "loss": 1.6673812596402786, "neff": 1.4532115567627397, "mode_effective_area": 1.0675565383347009e-10, "TE_polarization_fraction": 0.9999715967146208}, "6": {"n": 1.453146366149297, "loss": 1.6859303916836215, "neff": 1.4532098882382827, "mode_effective_area": 1.075211930832394e-10, "TE_polarization_fraction": 1.3367638462374316e-05}}