{"wavelength": 810, "bend_radius": 0.2, "cladding_n": 1.453146366149297, "core_n": 1.455146366149297, "trench_n": 1.448146366149297, "deltan_core": 0.002, "deltan_ring": 0.005, "core_radius": 4.15e-06, "trench_ID": 9.96e-06, "trench_OD": 1.4940000000000001e-05, "1": {"n": 1.453146366149297, "loss": -3.3547801164907676e-12, "neff": 1.4542308258727994, "mode_effective_area": 6.150444767941393e-11, "TE_polarization_fraction": 0.999999935158114}, "2": {"n": 1.453146366149297, "loss": -4.549821683255973e-13, "neff": 1.4542290080302513, "mode_effective_area": 6.152402238441106e-11, "TE_polarization_fraction": 6.442639649639656e-08}, "3": {"n": 1.453146366149297, "loss": 0.0610498174448375, "neff": 1.4530842286874097, "mode_effective_area": 9.919225549651334e-11, "TE_polarization_fraction": 0.9468349226321882}, "4": {"n": 1.453146366149297, "loss": 0.07112971261612182, "neff": 1.4530828828573166, "mode_effective_area": 1.0606116844893031e-10, "TE_polarization_fraction": 0.8983450045298065}, "5": {"n": 1.453146366149297, "loss": 0.06728740323282643, "neff": 1.4530819577004535, "mode_effective_area": 9.975522462634714e-11, "TE_polarization_fraction": 0.05307912259801529}, "6": {"n": 1.453146366149297, "loss": 0.06394091102077878, "neff": 1.4530816755018026, "mode_effective_area": 1.0639517466045049e-10, "TE_polarization_fraction": 0.10214803286914209}}