{"wavelength": 810, "bend_radius": 0.04, "cladding_n": 1.453146366149297, "core_n": 1.455146366149297, "trench_n": 1.448146366149297, "deltan_core": 0.002, "deltan_ring": 0.005, "core_radius": 4.15e-06, "trench_ID": 9.96e-06, "trench_OD": 1.4940000000000001e-05, "1": {"n": 1.453146366149297, "loss": 1.484712669134753e-06, "neff": 1.4542362461757334, "mode_effective_area": 6.153034642835057e-11, "TE_polarization_fraction": 0.9999999323495528}, "2": {"n": 1.453146366149297, "loss": 1.4461158021236714e-06, "neff": 1.4542344392122841, "mode_effective_area": 6.154889142686368e-11, "TE_polarization_fraction": 6.88869009712222e-08}, "3": {"n": 1.453146366149297, "loss": 0.27749355798262704, "neff": 1.453094204834287, "mode_effective_area": 9.543840255909289e-11, "TE_polarization_fraction": 0.9950881043021598}, "4": {"n": 1.453146366149297, "loss": 0.27369769351232837, "neff": 1.4530936445509912, "mode_effective_area": 1.0054468113748091e-10, "TE_polarization_fraction": 0.0454016080860049}, "5": {"n": 1.453146366149297, "loss": 0.1412505655443214, "neff": 1.4530912247155534, "mode_effective_area": 9.912547064333895e-11, "TE_polarization_fraction": 0.9547806242056304}, "6": {"n": 1.453146366149297, "loss": 0.13785423410254313, "neff": 1.4530890373724938, "mode_effective_area": 9.484872317107984e-11, "TE_polarization_fraction": 0.004980268104687443}}