{"wavelength": 810, "bend_radius": 0.005, "cladding_n": 1.453146366149297, "core_n": 1.455146366149297, "trench_n": 1.448146366149297, "deltan_core": 0.002, "deltan_ring": 0.005, "core_radius": 4.15e-06, "trench_ID": 9.96e-06, "trench_OD": 1.4940000000000001e-05, "1": {"n": 1.453146366149297, "loss": 4.781258919617103, "neff": 1.4546427855456907, "mode_effective_area": 7.813523999594527e-11, "TE_polarization_fraction": 0.9999997907293118}, "2": {"n": 1.453146366149297, "loss": 4.829200575383075, "neff": 1.4546420554539965, "mode_effective_area": 7.836494056323491e-11, "TE_polarization_fraction": 4.2330992842277146e-07}, "3": {"n": 1.453146366149297, "loss": 54.02669110254472, "neff": 1.4538999795274827, "mode_effective_area": 8.73639182332814e-11, "TE_polarization_fraction": 6.480638744563366e-06}, "4": {"n": 1.453146366149297, "loss": 54.105354659693255, "neff": 1.453899610292977, "mode_effective_area": 8.765266320499783e-11, "TE_polarization_fraction": 0.9999998371113711}, "5": {"n": 1.453146366149297, "loss": 25.205673626559456, "neff": 1.453664349954124, "mode_effective_area": 1.1459869145240662e-10, "TE_polarization_fraction": 0.9999949060713661}, "6": {"n": 1.453146366149297, "loss": 25.31317642575855, "neff": 1.4536642971460563, "mode_effective_area": 1.1458264122598595e-10, "TE_polarization_fraction": 2.0654002489974353e-06}}