{"wavelength": 810, "bend_radius": 0.035, "cladding_n": 1.453146366149297, "core_n": 1.455146366149297, "trench_n": 1.448146366149297, "deltan_core": 0.002, "deltan_ring": 0.005, "core_radius": 4.15e-06, "trench_ID": 9.96e-06, "trench_OD": 1.4940000000000001e-05, "1": {"n": 1.453146366149297, "loss": 1.1196181370643548e-05, "neff": 1.4542379776474932, "mode_effective_area": 6.153984637418313e-11, "TE_polarization_fraction": 0.9999999314539783}, "2": {"n": 1.453146366149297, "loss": 1.2077200470054703e-05, "neff": 1.4542361741749805, "mode_effective_area": 6.155808687421758e-11, "TE_polarization_fraction": 7.030278119102388e-08}, "3": {"n": 1.453146366149297, "loss": 0.3348626024210595, "neff": 1.453097885759494, "mode_effective_area": 9.573421006222176e-11, "TE_polarization_fraction": 0.9969355537790026}, "4": {"n": 1.453146366149297, "loss": 0.3364855778199029, "neff": 1.453097302052384, "mode_effective_area": 9.768743098323533e-11, "TE_polarization_fraction": 0.018562971949306423}, "5": {"n": 1.453146366149297, "loss": 0.157227763917078, "neff": 1.4530935817877448, "mode_effective_area": 9.599345283902586e-11, "TE_polarization_fraction": 0.9815489527748187}, "6": {"n": 1.453146366149297, "loss": 0.1569536964681907, "neff": 1.453091371257278, "mode_effective_area": 9.48758178887529e-11, "TE_polarization_fraction": 0.0031157728405489613}}