{"wavelength": 810, "bend_radius": 0.045, "cladding_n": 1.453146366149297, "core_n": 1.455146366149297, "trench_n": 1.448146366149297, "deltan_core": 0.002, "deltan_ring": 0.005, "core_radius": 4.15e-06, "trench_ID": 9.96e-06, "trench_OD": 1.4940000000000001e-05, "1": {"n": 1.453146366149297, "loss": 1.4044571932873203e-07, "neff": 1.4542350599469018, "mode_effective_area": 6.152418102255934e-11, "TE_polarization_fraction": 0.9999999329635701}, "2": {"n": 1.453146366149297, "loss": 1.939745152762906e-07, "neff": 1.454233250596241, "mode_effective_area": 6.154294149110254e-11, "TE_polarization_fraction": 6.79143960703134e-08}, "3": {"n": 1.453146366149297, "loss": 0.23747791489833311, "neff": 1.453091695523157, "mode_effective_area": 9.537029061626994e-11, "TE_polarization_fraction": 0.9927123539796113}, "4": {"n": 1.453146366149297, "loss": 0.22609161519120913, "neff": 1.4530911886887385, "mode_effective_area": 1.0836473537244185e-10, "TE_polarization_fraction": 0.10963084097154092}, "5": {"n": 1.453146366149297, "loss": 0.13420928330743861, "neff": 1.4530895727144613, "mode_effective_area": 1.0716087315296367e-10, "TE_polarization_fraction": 0.8906511510237208}, "6": {"n": 1.453146366149297, "loss": 0.12449340545507592, "neff": 1.4530874386682942, "mode_effective_area": 9.497035537277087e-11, "TE_polarization_fraction": 0.007375057786967603}}