{"wavelength": 810, "bend_radius": 0.02, "cladding_n": 1.453146366149297, "core_n": 1.455146366149297, "trench_n": 1.448146366149297, "deltan_core": 0.002, "deltan_ring": 0.005, "core_radius": 4.15e-06, "trench_ID": 9.96e-06, "trench_OD": 1.4940000000000001e-05, "1": {"n": 1.453146366149297, "loss": 0.002748437993484735, "neff": 1.4542532806783182, "mode_effective_area": 6.164966962093785e-11, "TE_polarization_fraction": 0.9999999235774709}, "2": {"n": 1.453146366149297, "loss": 0.002799167999121282, "neff": 1.4542515084006549, "mode_effective_area": 6.166573014053644e-11, "TE_polarization_fraction": 8.263868083096068e-08}, "3": {"n": 1.453146366149297, "loss": 0.9303216756068576, "neff": 1.4531311839726766, "mode_effective_area": 9.960363082476011e-11, "TE_polarization_fraction": 0.9996665240418745}, "4": {"n": 1.453146366149297, "loss": 0.9380025240477593, "neff": 1.4531306672708901, "mode_effective_area": 9.974176161076528e-11, "TE_polarization_fraction": 0.0008888079311811992}, "5": {"n": 1.453146366149297, "loss": 0.3259304742889706, "neff": 1.4531142678282198, "mode_effective_area": 9.610789315716365e-11, "TE_polarization_fraction": 0.9991324477413019}, "6": {"n": 1.453146366149297, "loss": 0.33017278188186283, "neff": 1.4531121240203486, "mode_effective_area": 9.685902413564545e-11, "TE_polarization_fraction": 0.00034796901276690884}}