{"wavelength": 810, "bend_radius": 0.075, "cladding_n": 1.453146366149297, "core_n": 1.455146366149297, "trench_n": 1.448146366149297, "deltan_core": 0.002, "deltan_ring": 0.005, "core_radius": 4.15e-06, "trench_ID": 9.96e-06, "trench_OD": 1.4940000000000001e-05, "1": {"n": 1.453146366149297, "loss": -1.627763567020603e-11, "neff": 1.4542322046710443, "mode_effective_area": 6.151048386218764e-11, "TE_polarization_fraction": 0.9999999344429891}, "2": {"n": 1.453146366149297, "loss": 5.8435160365278175e-12, "neff": 1.4542303895889062, "mode_effective_area": 6.152978565591317e-11, "TE_polarization_fraction": 6.556515391858617e-08}, "3": {"n": 1.453146366149297, "loss": 0.0933885920033097, "neff": 1.4530861600990979, "mode_effective_area": 1.123146245944279e-10, "TE_polarization_fraction": 0.8449351024630951}, "4": {"n": 1.453146366149297, "loss": 0.13831904093255223, "neff": 1.4530857110288862, "mode_effective_area": 9.734070545913516e-11, "TE_polarization_fraction": 0.9699737162530182}, "5": {"n": 1.453146366149297, "loss": 0.1297502749780962, "neff": 1.4530847572209482, "mode_effective_area": 1.131770857461376e-10, "TE_polarization_fraction": 0.15503359915970014}, "6": {"n": 1.453146366149297, "loss": 0.08931716614750851, "neff": 1.4530835784646001, "mode_effective_area": 9.741956665602264e-11, "TE_polarization_fraction": 0.03024654631931259}}