{"wavelength": 810, "bend_radius": 0.015, "cladding_n": 1.453146366149297, "core_n": 1.455146366149297, "trench_n": 1.448146366149297, "deltan_core": 0.002, "deltan_ring": 0.005, "core_radius": 4.15e-06, "trench_ID": 9.96e-06, "trench_OD": 1.4940000000000001e-05, "1": {"n": 1.453146366149297, "loss": 0.012381904759457264, "neff": 1.4542711093643073, "mode_effective_area": 6.183614769188011e-11, "TE_polarization_fraction": 0.999999914506376}, "2": {"n": 1.453146366149297, "loss": 0.012568535322906216, "neff": 1.4542693742448933, "mode_effective_area": 6.185082348764144e-11, "TE_polarization_fraction": 9.664854300227442e-08}, "3": {"n": 1.453146366149297, "loss": 1.8717014999957686, "neff": 1.4531713619902944, "mode_effective_area": 1.0317824039203551e-10, "TE_polarization_fraction": 0.9999091462449304}, "4": {"n": 1.453146366149297, "loss": 1.8871741048112474, "neff": 1.4531709678183022, "mode_effective_area": 1.0330150531196882e-10, "TE_polarization_fraction": 0.00021677137410595586}, "5": {"n": 1.453146366149297, "loss": 0.5677447470048911, "neff": 1.453138657584875, "mode_effective_area": 9.879383129551043e-11, "TE_polarization_fraction": 0.9997930456217374}, "6": {"n": 1.453146366149297, "loss": 0.57486955595355, "neff": 1.4531366342427856, "mode_effective_area": 9.959215829252151e-11, "TE_polarization_fraction": 9.809984761600548e-05}}