{"wavelength": 810, "bend_radius": 0.3, "cladding_n": 1.453146366149297, "core_n": 1.455146366149297, "trench_n": 1.448146366149297, "deltan_core": 0.002, "deltan_ring": 0.005, "core_radius": 4.15e-06, "trench_ID": 9.96e-06, "trench_OD": 1.4940000000000001e-05, "1": {"n": 1.453146366149297, "loss": -2.907569241284611e-12, "neff": 1.454230700573483, "mode_effective_area": 6.150391780005384e-11, "TE_polarization_fraction": 0.9999999352231238}, "2": {"n": 1.453146366149297, "loss": -4.4045828058484705e-12, "neff": 1.4542288824803145, "mode_effective_area": 6.152351767791685e-11, "TE_polarization_fraction": 6.432277021181665e-08}, "3": {"n": 1.453146366149297, "loss": 0.06784748721395858, "neff": 1.4530840574250017, "mode_effective_area": 9.867175958412984e-11, "TE_polarization_fraction": 0.9508358639161711}, "4": {"n": 1.453146366149297, "loss": 0.053647273815933545, "neff": 1.4530826315422962, "mode_effective_area": 1.0803843724802413e-10, "TE_polarization_fraction": 0.8826041980269018}, "5": {"n": 1.453146366149297, "loss": 0.065621116795821, "neff": 1.4530817000777352, "mode_effective_area": 9.92071276308036e-11, "TE_polarization_fraction": 0.04907930762697611}, "6": {"n": 1.453146366149297, "loss": 0.06526228868799396, "neff": 1.4530814977865767, "mode_effective_area": 1.0839740027853714e-10, "TE_polarization_fraction": 0.11793013194862732}}