{"wavelength": 810, "bend_radius": 0.03, "cladding_n": 1.453146366149297, "core_n": 1.455146366149297, "trench_n": 1.448146366149297, "deltan_core": 0.002, "deltan_ring": 0.005, "core_radius": 4.15e-06, "trench_ID": 9.96e-06, "trench_OD": 1.4940000000000001e-05, "1": {"n": 1.453146366149297, "loss": 8.555213567441294e-05, "neff": 1.4542406483379922, "mode_effective_area": 6.155566588592314e-11, "TE_polarization_fraction": 0.9999999300742293}, "2": {"n": 1.453146366149297, "loss": 8.507054799049419e-05, "neff": 1.4542388502651227, "mode_effective_area": 6.157345961417929e-11, "TE_polarization_fraction": 7.247837279938148e-08}, "3": {"n": 1.453146366149297, "loss": 0.42673114601611, "neff": 1.453103601644038, "mode_effective_area": 9.63625372854256e-11, "TE_polarization_fraction": 0.9982732456558894}, "4": {"n": 1.453146366149297, "loss": 0.42890707028150626, "neff": 1.4531030156820546, "mode_effective_area": 9.709526021895226e-11, "TE_polarization_fraction": 0.007405525558888357}, "5": {"n": 1.453146366149297, "loss": 0.18448351392440823, "neff": 1.4530971877302525, "mode_effective_area": 9.499657062494354e-11, "TE_polarization_fraction": 0.9926618935915359}, "6": {"n": 1.453146366149297, "loss": 0.18603262521980649, "neff": 1.4530949751709514, "mode_effective_area": 9.510937680953504e-11, "TE_polarization_fraction": 0.0017633237638929485}}