{"wavelength": 810, "bend_radius": 0.025, "cladding_n": 1.453146366149297, "core_n": 1.455146366149297, "trench_n": 1.448146366149297, "deltan_core": 0.002, "deltan_ring": 0.005, "core_radius": 4.15e-06, "trench_ID": 9.96e-06, "trench_OD": 1.4940000000000001e-05, "1": {"n": 1.453146366149297, "loss": 0.0005316942850980443, "neff": 1.4542450855517952, "mode_effective_area": 6.158507930775706e-11, "TE_polarization_fraction": 0.9999999277864361}, "2": {"n": 1.453146366149297, "loss": 0.0005445489128576835, "neff": 1.4542432964911944, "mode_effective_area": 6.160219295448726e-11, "TE_polarization_fraction": 7.607123822498717e-08}, "3": {"n": 1.453146366149297, "loss": 0.5903669029809401, "neff": 1.4531131922309242, "mode_effective_area": 9.752185276766901e-11, "TE_polarization_fraction": 0.9991554782579066}, "4": {"n": 1.453146366149297, "loss": 0.5954703859688496, "neff": 1.4531126249280422, "mode_effective_area": 9.780147660021008e-11, "TE_polarization_fraction": 0.0027572001680247465}, "5": {"n": 1.453146366149297, "loss": 0.23197925170184747, "neff": 1.4531031723294898, "mode_effective_area": 9.508722567284162e-11, "TE_polarization_fraction": 0.9972820736122262}, "6": {"n": 1.453146366149297, "loss": 0.23478281850005991, "neff": 1.453100978468308, "mode_effective_area": 9.567020921634353e-11, "TE_polarization_fraction": 0.000868792440780425}}