{"wavelength": 810, "bend_radius": 0.1, "cladding_n": 1.453146366149297, "core_n": 1.455146366149297, "trench_n": 1.448146366149297, "deltan_core": 0.002, "deltan_ring": 0.005, "core_radius": 4.15e-06, "trench_ID": 9.96e-06, "trench_OD": 1.4940000000000001e-05, "1": {"n": 1.453146366149297, "loss": -2.2317341943492253e-12, "neff": 1.4542315026213792, "mode_effective_area": 6.150736333904877e-11, "TE_polarization_fraction": 0.999999934807056}, "2": {"n": 1.453146366149297, "loss": 4.666115875869734e-12, "neff": 1.4542296861331188, "mode_effective_area": 6.152680315516078e-11, "TE_polarization_fraction": 6.498568144461146e-08}, "3": {"n": 1.453146366149297, "loss": 0.07730440396654298, "neff": 1.4530851634594886, "mode_effective_area": 1.0337674302034527e-10, "TE_polarization_fraction": 0.9146373550645552}, "4": {"n": 1.453146366149297, "loss": 0.10413217563981267, "neff": 1.4530842606993701, "mode_effective_area": 9.989766957186399e-11, "TE_polarization_fraction": 0.9481084527965439}, "5": {"n": 1.453146366149297, "loss": 0.10765792827805853, "neff": 1.4530833430108177, "mode_effective_area": 1.0408783269911351e-10, "TE_polarization_fraction": 0.08528478784387415}, "6": {"n": 1.453146366149297, "loss": 0.07731029189161394, "neff": 1.453082617834909, "mode_effective_area": 1.0010342586281226e-10, "TE_polarization_fraction": 0.052209312990290045}}