{"wavelength": 810, "bend_radius": 0.05, "cladding_n": 1.453146366149297, "core_n": 1.455146366149297, "trench_n": 1.448146366149297, "deltan_core": 0.002, "deltan_ring": 0.005, "core_radius": 4.15e-06, "trench_ID": 9.96e-06, "trench_OD": 1.4940000000000001e-05, "1": {"n": 1.453146366149297, "loss": 2.5960234205004615e-08, "neff": 1.4542342118602272, "mode_effective_area": 6.15199440819469e-11, "TE_polarization_fraction": 0.9999999334027754}, "2": {"n": 1.453146366149297, "loss": 1.9327052837656278e-08, "neff": 1.454232400805051, "mode_effective_area": 6.153886198223688e-11, "TE_polarization_fraction": 6.721786765655862e-08}, "3": {"n": 1.453146366149297, "loss": 0.20760636101470312, "neff": 1.4530899085759001, "mode_effective_area": 9.546871000874936e-11, "TE_polarization_fraction": 0.9898252288112008}, "4": {"n": 1.453146366149297, "loss": 0.18637839383244068, "neff": 1.4530895021874433, "mode_effective_area": 1.246222614501977e-10, "TE_polarization_fraction": 0.2464493240461195}, "5": {"n": 1.453146366149297, "loss": 0.13598747631448166, "neff": 1.4530883288150556, "mode_effective_area": 1.2376655373183688e-10, "TE_polarization_fraction": 0.7539133814250983}, "6": {"n": 1.453146366149297, "loss": 0.11460203264520284, "neff": 1.4530862950818824, "mode_effective_area": 9.520735345663025e-11, "TE_polarization_fraction": 0.010282828475808015}}