{"wavelength": 810, "bend_radius": 0, "cladding_n": 1.453146366149297, "core_n": 1.455146366149297, "trench_n": 1.448146366149297, "deltan_core": 0.002, "deltan_ring": 0.005, "core_radius": 4.15e-06, "trench_ID": 9.96e-06, "trench_OD": 1.4940000000000001e-05, "1": {"n": 1.453146366149297, "loss": 1.1352737610165483e-12, "neff": 1.454230600339533, "mode_effective_area": 6.150349615853486e-11, "TE_polarization_fraction": 0.999999935275132}, "2": {"n": 1.453146366149297, "loss": -2.6304857178385747e-13, "neff": 1.4542287820459072, "mode_effective_area": 6.152311621820636e-11, "TE_polarization_fraction": 6.42398567729026e-08}, "3": {"n": 1.453146366149297, "loss": 0.09686732358945126, "neff": 1.4530839205316328, "mode_effective_area": 9.83041503725247e-11, "TE_polarization_fraction": 0.9537150318637179}, "4": {"n": 1.453146366149297, "loss": 0.05378877724194434, "neff": 1.4530824323411862, "mode_effective_area": 1.0990950787759529e-10, "TE_polarization_fraction": 0.8677557110374325}, "5": {"n": 1.453146366149297, "loss": 0.10269162563730524, "neff": 1.4530814938804568, "mode_effective_area": 9.88228223777756e-11, "TE_polarization_fraction": 0.046196768211769865}, "6": {"n": 1.453146366149297, "loss": 0.060170888551599494, "neff": 1.453081354848577, "mode_effective_area": 1.1028234417735145e-10, "TE_polarization_fraction": 0.13282418692375025}}