{"wavelength": 820, "bend_radius": 0, "cladding_n": 1.4529792357022007, "core_n": 1.4549792357022007, "trench_n": 1.4479792357022008, "deltan_core": 0.002, "deltan_ring": 0.005, "core_radius": 4.15e-06, "trench_ID": 9.96e-06, "trench_OD": 1.4940000000000001e-05, "1": {"n": 1.4529792357022007, "loss": 3.778747190803536e-12, "neff": 1.4540487407439873, "mode_effective_area": 6.227761160165204e-11, "TE_polarization_fraction": 0.9999999332855203}, "2": {"n": 1.4529792357022007, "loss": -2.992032281239468e-12, "neff": 1.4540469335724737, "mode_effective_area": 6.23005695139788e-11, "TE_polarization_fraction": 6.62239756563389e-08}, "3": {"n": 1.4529792357022007, "loss": 0.09305414062670958, "neff": 1.4528904377842162, "mode_effective_area": 1.0117997526000162e-10, "TE_polarization_fraction": 0.9498544265652146}, "4": {"n": 1.4529792357022007, "loss": 0.13959650472980503, "neff": 1.452889003214578, "mode_effective_area": 1.1502159924900691e-10, "TE_polarization_fraction": 0.8489159795685756}, "5": {"n": 1.4529792357022007, "loss": 0.09122137655737948, "neff": 1.4528880796693369, "mode_effective_area": 1.0170172425180871e-10, "TE_polarization_fraction": 0.050057041137682834}, "6": {"n": 1.4529792357022007, "loss": 0.14134131931454028, "neff": 1.452887949207747, "mode_effective_area": 1.153911641482983e-10, "TE_polarization_fraction": 0.1517056194575511}}