{"wavelength": 820, "bend_radius": 0.04, "cladding_n": 1.4529792357022007, "core_n": 1.4549792357022007, "trench_n": 1.4479792357022008, "deltan_core": 0.002, "deltan_ring": 0.005, "core_radius": 4.15e-06, "trench_ID": 9.96e-06, "trench_OD": 1.4940000000000001e-05, "1": {"n": 1.4529792357022007, "loss": 2.6263468404481925e-06, "neff": 1.4540544102602526, "mode_effective_area": 6.231506739125431e-11, "TE_polarization_fraction": 0.9999999302944954}, "2": {"n": 1.4529792357022007, "loss": 2.4993218317306837e-06, "neff": 1.454052614607228, "mode_effective_area": 6.233702959283993e-11, "TE_polarization_fraction": 7.080560898604277e-08}, "3": {"n": 1.4529792357022007, "loss": 0.3465768522466586, "neff": 1.4529010985729534, "mode_effective_area": 9.765098179218136e-11, "TE_polarization_fraction": 0.995081330780741}, "4": {"n": 1.4529792357022007, "loss": 0.3434667004489393, "neff": 1.4529005646808022, "mode_effective_area": 1.0177754139068329e-10, "TE_polarization_fraction": 0.03692755043917833}, "5": {"n": 1.4529792357022007, "loss": 0.18120393973354207, "neff": 1.4528978665967056, "mode_effective_area": 1.0041761999948431e-10, "TE_polarization_fraction": 0.9632354009224905}, "6": {"n": 1.4529792357022007, "loss": 0.17867013990842048, "neff": 1.4528957667766011, "mode_effective_area": 9.711654000962496e-11, "TE_polarization_fraction": 0.004986934791860126}}