{"wavelength": 820, "bend_radius": 0.3, "cladding_n": 1.4529792357022007, "core_n": 1.4549792357022007, "trench_n": 1.4479792357022008, "deltan_core": 0.002, "deltan_ring": 0.005, "core_radius": 4.15e-06, "trench_ID": 9.96e-06, "trench_OD": 1.4940000000000001e-05, "1": {"n": 1.4529792357022007, "loss": 1.843912054417452e-12, "neff": 1.4540488413924266, "mode_effective_area": 6.227822201028492e-11, "TE_polarization_fraction": 0.9999999332323363}, "2": {"n": 1.4529792357022007, "loss": 4.830007278698169e-12, "neff": 1.4540470344247012, "mode_effective_area": 6.230116115326413e-11, "TE_polarization_fraction": 6.630569542751196e-08}, "3": {"n": 1.4529792357022007, "loss": 0.10201376043381097, "neff": 1.4528905776195928, "mode_effective_area": 1.0163299444486273e-10, "TE_polarization_fraction": 0.9464665728849952}, "4": {"n": 1.4529792357022007, "loss": 0.07777630478543686, "neff": 1.4528892070998403, "mode_effective_area": 1.127138715016939e-10, "TE_polarization_fraction": 0.8667877910111809}, "5": {"n": 1.4529792357022007, "loss": 0.0860536102465184, "neff": 1.4528882918278392, "mode_effective_area": 1.02170200029829e-10, "TE_polarization_fraction": 0.05344854889861002}, "6": {"n": 1.4529792357022007, "loss": 0.09907816489766583, "neff": 1.4528880965306872, "mode_effective_area": 1.1307435152039821e-10, "TE_polarization_fraction": 0.13377870880138396}}