{"wavelength": 820, "bend_radius": 0.03, "cladding_n": 1.4529792357022007, "core_n": 1.4549792357022007, "trench_n": 1.4479792357022008, "deltan_core": 0.002, "deltan_ring": 0.005, "core_radius": 4.15e-06, "trench_ID": 9.96e-06, "trench_OD": 1.4940000000000001e-05, "1": {"n": 1.4529792357022007, "loss": 0.00012876659857900062, "neff": 1.4540588313514635, "mode_effective_area": 6.234862032245402e-11, "TE_polarization_fraction": 0.9999999279692784}, "2": {"n": 1.4529792357022007, "loss": 0.00012773269128044996, "neff": 1.4540570447367944, "mode_effective_area": 6.236989288515167e-11, "TE_polarization_fraction": 7.434866412035535e-08}, "3": {"n": 1.4529792357022007, "loss": 0.5270940950627101, "neff": 1.4529107463122872, "mode_effective_area": 9.851469482084588e-11, "TE_polarization_fraction": 0.9982936384123783}, "4": {"n": 1.4529792357022007, "loss": 0.5300059505295267, "neff": 1.452910194838175, "mode_effective_area": 9.915510156530767e-11, "TE_polarization_fraction": 0.006503854227494374}, "5": {"n": 1.4529792357022007, "loss": 0.2345417475445993, "neff": 1.452903914195583, "mode_effective_area": 9.716868390287809e-11, "TE_polarization_fraction": 0.9935590617837214}, "6": {"n": 1.4529792357022007, "loss": 0.2366789431959091, "neff": 1.4529017965637785, "mode_effective_area": 9.737057612622974e-11, "TE_polarization_fraction": 0.0017426793330619693}}