{"wavelength": 820, "bend_radius": 0.05, "cladding_n": 1.4529792357022007, "core_n": 1.4549792357022007, "trench_n": 1.4479792357022008, "deltan_core": 0.002, "deltan_ring": 0.005, "core_radius": 4.15e-06, "trench_ID": 9.96e-06, "trench_OD": 1.4940000000000001e-05, "1": {"n": 1.4529792357022007, "loss": 4.8039395931614105e-08, "neff": 1.4540523673343966, "mode_effective_area": 6.230084991175909e-11, "TE_polarization_fraction": 0.9999999313711118}, "2": {"n": 1.4529792357022007, "loss": 3.9267782627462335e-08, "neff": 1.4540505675216313, "mode_effective_area": 6.232315647228607e-11, "TE_polarization_fraction": 6.915971613842723e-08}, "3": {"n": 1.4529792357022007, "loss": 0.26152953276499274, "neff": 1.4528966830366463, "mode_effective_area": 9.773699692847066e-11, "TE_polarization_fraction": 0.9896517925836151}, "4": {"n": 1.4529792357022007, "loss": 0.24314051759574518, "neff": 1.4528962689259668, "mode_effective_area": 1.2060819730074984e-10, "TE_polarization_fraction": 0.1876866850162109}, "5": {"n": 1.4529792357022007, "loss": 0.16927133595330252, "neff": 1.4528949611265762, "mode_effective_area": 1.196680818096317e-10, "TE_polarization_fraction": 0.8126546001956663}, "6": {"n": 1.4529792357022007, "loss": 0.1509681707711084, "neff": 1.4528929811615283, "mode_effective_area": 9.750928757586154e-11, "TE_polarization_fraction": 0.01045695124310554}}