{"wavelength": 820, "bend_radius": 0.075, "cladding_n": 1.4529792357022007, "core_n": 1.4549792357022007, "trench_n": 1.4479792357022008, "deltan_core": 0.002, "deltan_ring": 0.005, "core_radius": 4.15e-06, "trench_ID": 9.96e-06, "trench_OD": 1.4940000000000001e-05, "1": {"n": 1.4529792357022007, "loss": -1.9544866768579848e-11, "neff": 1.4540503517355676, "mode_effective_area": 6.22876185679153e-11, "TE_polarization_fraction": 0.9999999324346152}, "2": {"n": 1.4529792357022007, "loss": 1.947861161692845e-11, "neff": 1.4540485478289091, "mode_effective_area": 6.231028080512695e-11, "TE_polarization_fraction": 6.753030759441234e-08}, "3": {"n": 1.4529792357022007, "loss": 0.12779928047877942, "neff": 1.4528927342116889, "mode_effective_area": 1.1904635400151438e-10, "TE_polarization_fraction": 0.8131791703770087}, "4": {"n": 1.4529792357022007, "loss": 0.1767129830996941, "neff": 1.452892367290442, "mode_effective_area": 9.987909068748015e-11, "TE_polarization_fraction": 0.9683101452887036}, "5": {"n": 1.4529792357022007, "loss": 0.16525641699165647, "neff": 1.452891418902186, "mode_effective_area": 1.198918426764695e-10, "TE_polarization_fraction": 0.186813950682657}, "6": {"n": 1.4529792357022007, "loss": 0.12152738212149976, "neff": 1.4528902198240725, "mode_effective_area": 9.997299416995262e-11, "TE_polarization_fraction": 0.03191631725244839}}