{"wavelength": 820, "bend_radius": 0.035, "cladding_n": 1.4529792357022007, "core_n": 1.4549792357022007, "trench_n": 1.4479792357022008, "deltan_core": 0.002, "deltan_ring": 0.005, "core_radius": 4.15e-06, "trench_ID": 9.96e-06, "trench_OD": 1.4940000000000001e-05, "1": {"n": 1.4529792357022007, "loss": 1.7942176254402202e-05, "neff": 1.4540561491291937, "mode_effective_area": 6.232780924553184e-11, "TE_polarization_fraction": 0.9999999293791778}, "2": {"n": 1.4529792357022007, "loss": 1.951786786793138e-05, "neff": 1.4540543570251427, "mode_effective_area": 6.234949125784435e-11, "TE_polarization_fraction": 7.220217457662379e-08}, "3": {"n": 1.4529792357022007, "loss": 0.41611411810640825, "neff": 1.4529048794730424, "mode_effective_area": 9.792070609937941e-11, "TE_polarization_fraction": 0.9969530087222057}, "4": {"n": 1.4529792357022007, "loss": 0.41875136516502753, "neff": 1.4529043276760483, "mode_effective_area": 9.956415829848058e-11, "TE_polarization_fraction": 0.01575934828932002}, "5": {"n": 1.4529792357022007, "loss": 0.20131294831389643, "neff": 1.4529002548159258, "mode_effective_area": 9.794908120149851e-11, "TE_polarization_fraction": 0.9843429705145778}, "6": {"n": 1.4529792357022007, "loss": 0.20166077264273694, "neff": 1.4528981370411462, "mode_effective_area": 9.713762896097921e-11, "TE_polarization_fraction": 0.0030980777693232313}}