{"wavelength": 820, "bend_radius": 0.025, "cladding_n": 1.4529792357022007, "core_n": 1.4549792357022007, "trench_n": 1.4479792357022008, "deltan_core": 0.002, "deltan_ring": 0.005, "core_radius": 4.15e-06, "trench_ID": 9.96e-06, "trench_OD": 1.4940000000000001e-05, "1": {"n": 1.4529792357022007, "loss": 0.0007416504723978799, "neff": 1.4540632880489774, "mode_effective_area": 6.2386302889005e-11, "TE_polarization_fraction": 0.9999999256322045}, "2": {"n": 1.4529792357022007, "loss": 0.0007589435946526453, "neff": 1.4540615105962063, "mode_effective_area": 6.240695743212597e-11, "TE_polarization_fraction": 7.789503923514351e-08}, "3": {"n": 1.4529792357022007, "loss": 0.72361477605023, "neff": 1.4529205784219275, "mode_effective_area": 9.961463334929883e-11, "TE_polarization_fraction": 0.9991693538820101}, "4": {"n": 1.4529792357022007, "loss": 0.729630833010052, "neff": 1.4529200466552645, "mode_effective_area": 9.987127865302526e-11, "TE_polarization_fraction": 0.002488112120896807}, "5": {"n": 1.4529792357022007, "loss": 0.2920247038481021, "neff": 1.4529099897175848, "mode_effective_area": 9.733282650885458e-11, "TE_polarization_fraction": 0.9975491647216997}, "6": {"n": 1.4529792357022007, "loss": 0.29549356773064506, "neff": 1.4529078912043678, "mode_effective_area": 9.793486635122741e-11, "TE_polarization_fraction": 0.0008547261683152088}}