{"wavelength": 820, "bend_radius": 0.045, "cladding_n": 1.4529792357022007, "core_n": 1.4549792357022007, "trench_n": 1.4479792357022008, "deltan_core": 0.002, "deltan_ring": 0.005, "core_radius": 4.15e-06, "trench_ID": 9.96e-06, "trench_OD": 1.4940000000000001e-05, "1": {"n": 1.4529792357022007, "loss": 2.605867182760447e-07, "neff": 1.4540532190000477, "mode_effective_area": 6.230667816221381e-11, "TE_polarization_fraction": 0.9999999309221281}, "2": {"n": 1.4529792357022007, "loss": 3.62553459482544e-07, "neff": 1.4540514209201307, "mode_effective_area": 6.232883919966725e-11, "TE_polarization_fraction": 6.984653886017347e-08}, "3": {"n": 1.4529792357022007, "loss": 0.2979407795957397, "neff": 1.4528985199111961, "mode_effective_area": 9.760863399302621e-11, "TE_polarization_fraction": 0.9926463887592286}, "4": {"n": 1.4529792357022007, "loss": 0.2876705732837766, "neff": 1.4528980278221704, "mode_effective_area": 1.0770094491721681e-10, "TE_polarization_fraction": 0.08514347636299657}, "5": {"n": 1.4529792357022007, "loss": 0.1707418578378303, "neff": 1.452896200886911, "mode_effective_area": 1.0653177546160761e-10, "TE_polarization_fraction": 0.9151068009253385}, "6": {"n": 1.4529792357022007, "loss": 0.16264325969929186, "neff": 1.452894142921501, "mode_effective_area": 9.72510595918414e-11, "TE_polarization_fraction": 0.007441214832223545}}