{"wavelength": 820, "bend_radius": 0.01, "cladding_n": 1.4529792357022007, "core_n": 1.4549792357022007, "trench_n": 1.4479792357022008, "deltan_core": 0.002, "deltan_ring": 0.005, "core_radius": 4.15e-06, "trench_ID": 9.96e-06, "trench_OD": 1.4940000000000001e-05, "1": {"n": 1.4529792357022007, "loss": 0.09554308192896646, "neff": 1.4541416850181212, "mode_effective_area": 6.368062038462764e-11, "TE_polarization_fraction": 0.9999998861292697}, "2": {"n": 1.4529792357022007, "loss": 0.09682002659009098, "neff": 1.4541400780382354, "mode_effective_area": 6.370299424266483e-11, "TE_polarization_fraction": 1.37289301812266e-07}, "3": {"n": 1.4529792357022007, "loss": 7.1040585055199665, "neff": 1.4531023588743481, "mode_effective_area": 1.0605788631260836e-10, "TE_polarization_fraction": 0.9999893107731018}, "4": {"n": 1.4529792357022007, "loss": 7.147070831333042, "neff": 1.4531023190097043, "mode_effective_area": 1.0610074247480182e-10, "TE_polarization_fraction": 3.1734306431027374e-05}, "5": {"n": 1.4529792357022007, "loss": 1.9806290408743275, "neff": 1.4530197691179838, "mode_effective_area": 1.08878508708393e-10, "TE_polarization_fraction": 0.9999715497240103}, "6": {"n": 1.4529792357022007, "loss": 2.0014375632712937, "neff": 1.4530181775505975, "mode_effective_area": 1.0962329859038183e-10, "TE_polarization_fraction": 1.3406436930338224e-05}}