{"wavelength": 820, "bend_radius": 0.2, "cladding_n": 1.4529792357022007, "core_n": 1.4549792357022007, "trench_n": 1.4479792357022008, "deltan_core": 0.002, "deltan_ring": 0.005, "core_radius": 4.15e-06, "trench_ID": 9.96e-06, "trench_OD": 1.4940000000000001e-05, "1": {"n": 1.4529792357022007, "loss": -1.8547754043926085e-13, "neff": 1.4540489672101862, "mode_effective_area": 6.227898783657486e-11, "TE_polarization_fraction": 0.9999999331658569}, "2": {"n": 1.4529792357022007, "loss": -9.561420584419573e-14, "neff": 1.4540471604972454, "mode_effective_area": 6.230190357216025e-11, "TE_polarization_fraction": 6.640783119027914e-08}, "3": {"n": 1.4529792357022007, "loss": 0.09068631673714593, "neff": 1.4528907524831058, "mode_effective_area": 1.022590941582211e-10, "TE_polarization_fraction": 0.9417480344172456}, "4": {"n": 1.4529792357022007, "loss": 0.09983465212112237, "neff": 1.4528894639422074, "mode_effective_area": 1.1029958720843589e-10, "TE_polarization_fraction": 0.8855348987219993}, "5": {"n": 1.4529792357022007, "loss": 0.09014857786543275, "neff": 1.452888556403388, "mode_effective_area": 1.0282336301178206e-10, "TE_polarization_fraction": 0.05816579761250364}, "6": {"n": 1.4529792357022007, "loss": 0.0958770098489756, "neff": 1.4528882789630604, "mode_effective_area": 1.1063796099150262e-10, "TE_polarization_fraction": 0.11498885739235187}}