{"wavelength": 820, "bend_radius": 0.005, "cladding_n": 1.4529792357022007, "core_n": 1.4549792357022007, "trench_n": 1.4479792357022008, "deltan_core": 0.002, "deltan_ring": 0.005, "core_radius": 4.15e-06, "trench_ID": 9.96e-06, "trench_OD": 1.4940000000000001e-05, "1": {"n": 1.4529792357022007, "loss": 5.402513442949026, "neff": 1.4544631134256054, "mode_effective_area": 7.922699835338254e-11, "TE_polarization_fraction": 0.999999787136443}, "2": {"n": 1.4529792357022007, "loss": 5.454892253709595, "neff": 1.454462398985675, "mode_effective_area": 7.945868483936945e-11, "TE_polarization_fraction": 4.2842399446298737e-07}, "3": {"n": 1.4529792357022007, "loss": 60.07270730182625, "neff": 1.4537060013768013, "mode_effective_area": 8.84968233470977e-11, "TE_polarization_fraction": 6.883523530649151e-06}, "4": {"n": 1.4529792357022007, "loss": 60.164177267142875, "neff": 1.4537056386293505, "mode_effective_area": 8.878333418902442e-11, "TE_polarization_fraction": 0.999999835216847}, "5": {"n": 1.4529792357022007, "loss": 28.02419412091157, "neff": 1.4534733780246818, "mode_effective_area": 1.1547655813568162e-10, "TE_polarization_fraction": 0.9999945776647591}, "6": {"n": 1.4529792357022007, "loss": 28.13707945724521, "neff": 1.4534733316758914, "mode_effective_area": 1.1546880452064764e-10, "TE_polarization_fraction": 2.088950372798404e-06}}