{"wavelength": 820, "bend_radius": 0.02, "cladding_n": 1.4529792357022007, "core_n": 1.4549792357022007, "trench_n": 1.4479792357022008, "deltan_core": 0.002, "deltan_ring": 0.005, "core_radius": 4.15e-06, "trench_ID": 9.96e-06, "trench_OD": 1.4940000000000001e-05, "1": {"n": 1.4529792357022007, "loss": 0.0035981099057657466, "neff": 1.4540715201970038, "mode_effective_area": 6.246608360563413e-11, "TE_polarization_fraction": 0.99999992133489}, "2": {"n": 1.4529792357022007, "loss": 0.0036648142020647453, "neff": 1.4540697598052372, "mode_effective_area": 6.248579955439443e-11, "TE_polarization_fraction": 8.438278511103409e-08}, "3": {"n": 1.4529792357022007, "loss": 1.1284702518812786, "neff": 1.4529389844900549, "mode_effective_area": 1.0156745662811331e-10, "TE_polarization_fraction": 0.9996727223837634}, "4": {"n": 1.4529792357022007, "loss": 1.1375171569364078, "neff": 1.4529385031152795, "mode_effective_area": 1.017024235828137e-10, "TE_polarization_fraction": 0.0008220055549403197}, "5": {"n": 1.4529792357022007, "loss": 0.4051724994745062, "neff": 1.4529212518831147, "mode_effective_area": 9.838131925463921e-11, "TE_polarization_fraction": 0.9991984752370241}, "6": {"n": 1.4529792357022007, "loss": 0.41022352875011553, "neff": 1.4529192022853445, "mode_effective_area": 9.912916358752926e-11, "TE_polarization_fraction": 0.00034167073300001233}}