{"wavelength": 820, "bend_radius": 0.1, "cladding_n": 1.4529792357022007, "core_n": 1.4549792357022007, "trench_n": 1.4479792357022008, "deltan_core": 0.002, "deltan_ring": 0.005, "core_radius": 4.15e-06, "trench_ID": 9.96e-06, "trench_OD": 1.4940000000000001e-05, "1": {"n": 1.4529792357022007, "loss": -1.5469688351123845e-12, "neff": 1.454049646764713, "mode_effective_area": 6.228317738135878e-11, "TE_polarization_fraction": 0.9999999328068762}, "2": {"n": 1.4529792357022007, "loss": 4.9526884556907254e-12, "neff": 1.4540478414285645, "mode_effective_area": 6.23059677596457e-11, "TE_polarization_fraction": 6.695909734382955e-08}, "3": {"n": 1.4529792357022007, "loss": 0.10747109187190428, "neff": 1.4528917078229662, "mode_effective_area": 1.0746589781648189e-10, "TE_polarization_fraction": 0.9024867318360636}, "4": {"n": 1.4529792357022007, "loss": 0.13598782272267723, "neff": 1.4528908769664002, "mode_effective_area": 1.0286121110415331e-10, "TE_polarization_fraction": 0.9437640883183339}, "5": {"n": 1.4529792357022007, "loss": 0.13882172971777565, "neff": 1.4528899767788366, "mode_effective_area": 1.081762937717587e-10, "TE_polarization_fraction": 0.09743960268670093}, "6": {"n": 1.4529792357022007, "loss": 0.10817758248389042, "neff": 1.4528892417131365, "mode_effective_area": 1.0307674534966021e-10, "TE_polarization_fraction": 0.05656759653990464}}