{"wavelength": 820, "bend_radius": 0.015, "cladding_n": 1.4529792357022007, "core_n": 1.4549792357022007, "trench_n": 1.4479792357022008, "deltan_core": 0.002, "deltan_ring": 0.005, "core_radius": 4.15e-06, "trench_ID": 9.96e-06, "trench_OD": 1.4940000000000001e-05, "1": {"n": 1.4529792357022007, "loss": 0.015526569667079418, "neff": 1.4540894338512245, "mode_effective_area": 6.268522986812847e-11, "TE_polarization_fraction": 0.9999999120836488}, "2": {"n": 1.4529792357022007, "loss": 0.015752450499069308, "neff": 1.4540877112280612, "mode_effective_area": 6.270381011677878e-11, "TE_polarization_fraction": 9.824708642637013e-08}, "3": {"n": 1.4529792357022007, "loss": 2.2323904748247636, "neff": 1.452979917610068, "mode_effective_area": 1.048030095643668e-10, "TE_polarization_fraction": 0.9999105919450687}, "4": {"n": 1.4529792357022007, "loss": 2.250246559029827, "neff": 1.452979556112944, "mode_effective_area": 1.0492391775135558e-10, "TE_polarization_fraction": 0.00020642638096137579}, "5": {"n": 1.4529792357022007, "loss": 0.6939576103611196, "neff": 1.4529459906070517, "mode_effective_area": 1.0107058409705537e-10, "TE_polarization_fraction": 0.999803201626633}, "6": {"n": 1.4529792357022007, "loss": 0.7022271163330432, "neff": 1.4529440575899246, "mode_effective_area": 1.0185733149388368e-10, "TE_polarization_fraction": 9.66412186148386e-05}}