{"wavelength": 830, "bend_radius": 0.3, "cladding_n": 1.452815646249081, "core_n": 1.454815646249081, "trench_n": 1.4478156462490812, "deltan_core": 0.002, "deltan_ring": 0.005, "core_radius": 4.15e-06, "trench_ID": 9.96e-06, "trench_OD": 1.4940000000000001e-05, "1": {"n": 1.452815646249081, "loss": 2.4165861155226e-12, "neff": 1.4538705548199051, "mode_effective_area": 6.306276525649669e-11, "TE_polarization_fraction": 0.9999999312336738}, "2": {"n": 1.452815646249081, "loss": 3.3794263007441174e-12, "neff": 1.4538687593099702, "mode_effective_area": 6.308901880155903e-11, "TE_polarization_fraction": 6.82967257342565e-08}, "3": {"n": 1.452815646249081, "loss": 0.14081949461747684, "neff": 1.4527008652093418, "mode_effective_area": 1.0467966850713656e-10, "TE_polarization_fraction": 0.9417036665827507}, "4": {"n": 1.452815646249081, "loss": 0.12281070864392937, "neff": 1.45269955008276, "mode_effective_area": 1.176327568308611e-10, "TE_polarization_fraction": 0.8498275294561799}, "5": {"n": 1.452815646249081, "loss": 0.1177768868588293, "neff": 1.4526986483030986, "mode_effective_area": 1.0521955752125356e-10, "TE_polarization_fraction": 0.05821075478045206}, "6": {"n": 1.452815646249081, "loss": 0.14304380216343546, "neff": 1.452698459533967, "mode_effective_area": 1.1799086269429373e-10, "TE_polarization_fraction": 0.1507757726848385}}