{"wavelength": 830, "bend_radius": 0.005, "cladding_n": 1.452815646249081, "core_n": 1.454815646249081, "trench_n": 1.4478156462490812, "deltan_core": 0.002, "deltan_ring": 0.005, "core_radius": 4.15e-06, "trench_ID": 9.96e-06, "trench_OD": 1.4940000000000001e-05, "1": {"n": 1.452815646249081, "loss": 6.086114050924419, "neff": 1.4542870062619293, "mode_effective_area": 8.030632379200864e-11, "TE_polarization_fraction": 0.999999783561805}, "2": {"n": 1.452815646249081, "loss": 6.143237628292685, "neff": 1.4542863069106815, "mode_effective_area": 8.053984034555188e-11, "TE_polarization_fraction": 4.3362729007113866e-07}, "3": {"n": 1.452815646249081, "loss": 66.62918896766632, "neff": 1.453515501453033, "mode_effective_area": 8.962808769887985e-11, "TE_polarization_fraction": 7.315352916936282e-06}, "4": {"n": 1.452815646249081, "loss": 66.73549253440108, "neff": 1.453515144363929, "mode_effective_area": 8.991197389498923e-11, "TE_polarization_fraction": 0.9999998334221397}, "5": {"n": 1.452815646249081, "loss": 31.083422004545177, "neff": 1.4532859353231264, "mode_effective_area": 1.1636352557970327e-10, "TE_polarization_fraction": 0.9999942236747746}, "6": {"n": 1.452815646249081, "loss": 31.201650504025352, "neff": 1.4532858956366972, "mode_effective_area": 1.1636415984046537e-10, "TE_polarization_fraction": 2.1132357487904283e-06}}