{"wavelength": 830, "bend_radius": 0.01, "cladding_n": 1.452815646249081, "core_n": 1.454815646249081, "trench_n": 1.4478156462490812, "deltan_core": 0.002, "deltan_ring": 0.005, "core_radius": 4.15e-06, "trench_ID": 9.96e-06, "trench_OD": 1.4940000000000001e-05, "1": {"n": 1.452815646249081, "loss": 0.1153807964558314, "neff": 1.4539638771023544, "mode_effective_area": 6.462941980683929e-11, "TE_polarization_fraction": 0.999999883297861}, "2": {"n": 1.452815646249081, "loss": 0.1168950622731372, "neff": 1.4539622845140843, "mode_effective_area": 6.465640915952106e-11, "TE_polarization_fraction": 1.3874106093038985e-07}, "3": {"n": 1.452815646249081, "loss": 8.186842538340752, "neff": 1.452915562392716, "mode_effective_area": 1.0690813863727832e-10, "TE_polarization_fraction": 0.9999892699621966}, "4": {"n": 1.452815646249081, "loss": 8.234038493247335, "neff": 1.4529155414909534, "mode_effective_area": 1.0694143374647348e-10, "TE_polarization_fraction": 3.199455812120719e-05}, "5": {"n": 1.452815646249081, "loss": 2.3404165552428715, "neff": 1.4528316662688017, "mode_effective_area": 1.1095146827184914e-10, "TE_polarization_fraction": 0.9999713542376661}, "6": {"n": 1.452815646249081, "loss": 2.363627443792551, "neff": 1.452830149451957, "mode_effective_area": 1.1167458182457553e-10, "TE_polarization_fraction": 1.349452823884859e-05}}