{"wavelength": 830, "bend_radius": 0.03, "cladding_n": 1.452815646249081, "core_n": 1.454815646249081, "trench_n": 1.4478156462490812, "deltan_core": 0.002, "deltan_ring": 0.005, "core_radius": 4.15e-06, "trench_ID": 9.96e-06, "trench_OD": 1.4940000000000001e-05, "1": {"n": 1.452815646249081, "loss": 0.00019121913717236558, "neff": 1.4538805894485094, "mode_effective_area": 6.31515993283268e-11, "TE_polarization_fraction": 0.9999999258593371}, "2": {"n": 1.452815646249081, "loss": 0.00018927906119168235, "neff": 1.4538788146041153, "mode_effective_area": 6.317632741494983e-11, "TE_polarization_fraction": 7.62322214419024e-08}, "3": {"n": 1.452815646249081, "loss": 0.6464618732871895, "neff": 1.4527216287058546, "mode_effective_area": 1.0064990677196422e-10, "TE_polarization_fraction": 0.9983070315011431}, "4": {"n": 1.452815646249081, "loss": 0.6502478037330051, "neff": 1.4527211107081355, "mode_effective_area": 1.0121973719119062e-10, "TE_polarization_fraction": 0.005813164513072074}, "5": {"n": 1.452815646249081, "loss": 0.2959114156467936, "neff": 1.45271439991146, "mode_effective_area": 9.936231064077606e-11, "TE_polarization_fraction": 0.9942461485593226}, "6": {"n": 1.452815646249081, "loss": 0.2987164695106237, "neff": 1.4527123758119938, "mode_effective_area": 9.962964247068677e-11, "TE_polarization_fraction": 0.0017291338800897367}}