{"wavelength": 830, "bend_radius": 0.035, "cladding_n": 1.452815646249081, "core_n": 1.454815646249081, "trench_n": 1.4478156462490812, "deltan_core": 0.002, "deltan_ring": 0.005, "core_radius": 4.15e-06, "trench_ID": 9.96e-06, "trench_OD": 1.4940000000000001e-05, "1": {"n": 1.452815646249081, "loss": 2.833688602896482e-05, "neff": 1.45387789504309, "mode_effective_area": 6.312585380646631e-11, "TE_polarization_fraction": 0.999999927298601}, "2": {"n": 1.452815646249081, "loss": 3.105963835743352e-05, "neff": 1.453876114625061, "mode_effective_area": 6.31509536264793e-11, "TE_polarization_fraction": 7.411344486746663e-08}, "3": {"n": 1.452815646249081, "loss": 0.5132760427994449, "neff": 1.4527156188520585, "mode_effective_area": 1.0009604521949799e-10, "TE_polarization_fraction": 0.9969602669489752}, "4": {"n": 1.452815646249081, "loss": 0.5170548047357201, "neff": 1.4527150985688428, "mode_effective_area": 1.0150940811524896e-10, "TE_polarization_fraction": 0.01368976343450339}, "5": {"n": 1.452815646249081, "loss": 0.2558432481661588, "neff": 1.452710688491165, "mode_effective_area": 9.998595195031775e-11, "TE_polarization_fraction": 0.9864050316448059}, "6": {"n": 1.452815646249081, "loss": 0.25687545124787553, "neff": 1.4527086626859003, "mode_effective_area": 9.939945602444532e-11, "TE_polarization_fraction": 0.003090699022085225}}