{"wavelength": 830, "bend_radius": 0.045, "cladding_n": 1.452815646249081, "core_n": 1.454815646249081, "trench_n": 1.4478156462490812, "deltan_core": 0.002, "deltan_ring": 0.005, "core_radius": 4.15e-06, "trench_ID": 9.96e-06, "trench_OD": 1.4940000000000001e-05, "1": {"n": 1.452815646249081, "loss": 4.771078652683305e-07, "neff": 1.4538749517630352, "mode_effective_area": 6.309931984340672e-11, "TE_polarization_fraction": 0.9999999288740611}, "2": {"n": 1.452815646249081, "loss": 6.633214989241497e-07, "neff": 1.453873165277377, "mode_effective_area": 6.312485726681749e-11, "TE_polarization_fraction": 7.17890445556341e-08}, "3": {"n": 1.452815646249081, "loss": 0.3708154836731976, "neff": 1.4527090984225366, "mode_effective_area": 9.984310110745155e-11, "TE_polarization_fraction": 0.9925657579484602}, "4": {"n": 1.452815646249081, "loss": 0.36131407109590513, "neff": 1.4527086253977715, "mode_effective_area": 1.0793689370555677e-10, "TE_polarization_fraction": 0.06853389372367756}, "5": {"n": 1.452815646249081, "loss": 0.21711166728739992, "neff": 1.452706587133625, "mode_effective_area": 1.068180936979133e-10, "TE_polarization_fraction": 0.9316907950273223}, "6": {"n": 1.452815646249081, "loss": 0.21038160848752627, "neff": 1.4527046091742124, "mode_effective_area": 9.95347480994714e-11, "TE_polarization_fraction": 0.007522161327482882}}