{"wavelength": 830, "bend_radius": 0.025, "cladding_n": 1.452815646249081, "core_n": 1.454815646249081, "trench_n": 1.4478156462490812, "deltan_core": 0.002, "deltan_ring": 0.005, "core_radius": 4.15e-06, "trench_ID": 9.96e-06, "trench_OD": 1.4940000000000001e-05, "1": {"n": 1.452815646249081, "loss": 0.0010234532145090302, "neff": 1.4538850666894791, "mode_effective_area": 6.319745627813134e-11, "TE_polarization_fraction": 0.9999999234743041}, "2": {"n": 1.452815646249081, "loss": 0.001046460500211131, "neff": 1.4538833011473902, "mode_effective_area": 6.322162912078226e-11, "TE_polarization_fraction": 7.973442415142177e-08}, "3": {"n": 1.452815646249081, "loss": 0.8809828013390513, "neff": 1.452731688788659, "mode_effective_area": 1.0168203388274074e-10, "TE_polarization_fraction": 0.9991792596658186}, "4": {"n": 1.452815646249081, "loss": 0.8879747211261523, "neff": 1.4527311912491923, "mode_effective_area": 1.0192106977295943e-10, "TE_polarization_fraction": 0.002276531840313553}, "5": {"n": 1.452815646249081, "loss": 0.364931880589248, "neff": 1.4527205632399283, "mode_effective_area": 9.958061502971929e-11, "TE_polarization_fraction": 0.9977591258868942}, "6": {"n": 1.452815646249081, "loss": 0.36916055177099416, "neff": 1.4527185583833588, "mode_effective_area": 1.0019417404854137e-10, "TE_polarization_fraction": 0.0008447023489116868}}