{"wavelength": 830, "bend_radius": 0.075, "cladding_n": 1.452815646249081, "core_n": 1.454815646249081, "trench_n": 1.4478156462490812, "deltan_core": 0.002, "deltan_ring": 0.005, "core_radius": 4.15e-06, "trench_ID": 9.96e-06, "trench_OD": 1.4940000000000001e-05, "1": {"n": 1.452815646249081, "loss": -4.5817356707107956e-11, "neff": 1.4538720717915457, "mode_effective_area": 6.307495964160698e-11, "TE_polarization_fraction": 0.9999999304187944}, "2": {"n": 1.452815646249081, "loss": 3.1412638886149015e-11, "neff": 1.4538702793896765, "mode_effective_area": 6.310095769234547e-11, "TE_polarization_fraction": 6.950434490455445e-08}, "3": {"n": 1.452815646249081, "loss": 0.172030979893377, "neff": 1.4527030784336574, "mode_effective_area": 1.265034448475967e-10, "TE_polarization_fraction": 0.7759125416287452}, "4": {"n": 1.452815646249081, "loss": 0.22351236947315842, "neff": 1.4527027857609411, "mode_effective_area": 1.0243389020979483e-10, "TE_polarization_fraction": 0.9666019563774674}, "5": {"n": 1.452815646249081, "loss": 0.20868414445835148, "neff": 1.4527018370856544, "mode_effective_area": 1.2731525509545655e-10, "TE_polarization_fraction": 0.22411232114245888}, "6": {"n": 1.452815646249081, "loss": 0.16283140470855934, "neff": 1.452700625180815, "mode_effective_area": 1.0254535188599859e-10, "TE_polarization_fraction": 0.03363056239327548}}