{"wavelength": 830, "bend_radius": 0.015, "cladding_n": 1.452815646249081, "core_n": 1.454815646249081, "trench_n": 1.4478156462490812, "deltan_core": 0.002, "deltan_ring": 0.005, "core_radius": 4.15e-06, "trench_ID": 9.96e-06, "trench_OD": 1.4940000000000001e-05, "1": {"n": 1.452815646249081, "loss": 0.019358812676644934, "neff": 1.4539113401267667, "mode_effective_area": 6.354365944775837e-11, "TE_polarization_fraction": 0.9999999096652661}, "2": {"n": 1.452815646249081, "loss": 0.019631096724640786, "neff": 1.4539096302467103, "mode_effective_area": 6.356612522569579e-11, "TE_polarization_fraction": 9.987510668471504e-08}, "3": {"n": 1.452815646249081, "loss": 2.647528241576984, "neff": 1.4527921145238063, "mode_effective_area": 1.063815784256741e-10, "TE_polarization_fraction": 0.9999115802626262}, "4": {"n": 1.452815646249081, "loss": 2.6680721889750436, "neff": 1.4527917841203974, "mode_effective_area": 1.0649974394327011e-10, "TE_polarization_fraction": 0.00019828945643556343}, "5": {"n": 1.452815646249081, "loss": 0.8429703465017662, "neff": 1.4527570581829599, "mode_effective_area": 1.0332656375762084e-10, "TE_polarization_fraction": 0.9998111988659019}, "6": {"n": 1.452815646249081, "loss": 0.8525043181366465, "neff": 1.4527552134414978, "mode_effective_area": 1.0409972909452906e-10, "TE_polarization_fraction": 9.566136075465827e-05}}