{"wavelength": 830, "bend_radius": 0.02, "cladding_n": 1.452815646249081, "core_n": 1.454815646249081, "trench_n": 1.4478156462490812, "deltan_core": 0.002, "deltan_ring": 0.005, "core_radius": 4.15e-06, "trench_ID": 9.96e-06, "trench_OD": 1.4940000000000001e-05, "1": {"n": 1.452815646249081, "loss": 0.004673773686022993, "neff": 1.4538933377399268, "mode_effective_area": 6.329225041612098e-11, "TE_polarization_fraction": 0.999999919091117}, "2": {"n": 1.452815646249081, "loss": 0.0047611238375138126, "neff": 1.4538915895244002, "mode_effective_area": 6.331560053469685e-11, "TE_polarization_fraction": 8.614679537570013e-08}, "3": {"n": 1.452815646249081, "loss": 1.360215377441722, "neff": 1.452750483335334, "mode_effective_area": 1.0349398368848079e-10, "TE_polarization_fraction": 0.9996772151490336}, "4": {"n": 1.452815646249081, "loss": 1.3708504394908316, "neff": 1.4527500357988938, "mode_effective_area": 1.0362655581895767e-10, "TE_polarization_fraction": 0.0007687109145009709}, "5": {"n": 1.452815646249081, "loss": 0.5002584845332039, "neff": 1.452731985684614, "mode_effective_area": 1.0064695793964336e-10, "TE_polarization_fraction": 0.9992511441672033}, "6": {"n": 1.452815646249081, "loss": 0.5062209983530283, "neff": 1.452730028421606, "mode_effective_area": 1.0138835684334135e-10, "TE_polarization_fraction": 0.00033712306503638984}}