{"wavelength": 830, "bend_radius": 0.1, "cladding_n": 1.452815646249081, "core_n": 1.454815646249081, "trench_n": 1.4478156462490812, "deltan_core": 0.002, "deltan_ring": 0.005, "core_radius": 4.15e-06, "trench_ID": 9.96e-06, "trench_OD": 1.4940000000000001e-05, "1": {"n": 1.452815646249081, "loss": -3.4918840261934614e-12, "neff": 1.4538713637211562, "mode_effective_area": 6.306921303081228e-11, "TE_polarization_fraction": 0.9999999307990497}, "2": {"n": 1.452815646249081, "loss": -2.944051678940416e-12, "neff": 1.453869569867848, "mode_effective_area": 6.309532923232879e-11, "TE_polarization_fraction": 6.894103343122938e-08}, "3": {"n": 1.452815646249081, "loss": 0.14722214109148124, "neff": 1.4527020198953422, "mode_effective_area": 1.1186214800585621e-10, "TE_polarization_fraction": 0.8886245065836119}, "4": {"n": 1.452815646249081, "loss": 0.1759562474182643, "neff": 1.4527012575383729, "mode_effective_area": 1.0587919136097992e-10, "TE_polarization_fraction": 0.9392333588967782}, "5": {"n": 1.452815646249081, "loss": 0.17732678013364397, "neff": 1.4527003719076568, "mode_effective_area": 1.1256860763817953e-10, "TE_polarization_fraction": 0.11130843444432255}, "6": {"n": 1.452815646249081, "loss": 0.14892519395433168, "neff": 1.4526996299476018, "mode_effective_area": 1.0610597566346968e-10, "TE_polarization_fraction": 0.061111802012009143}}