{"wavelength": 830, "bend_radius": 0.05, "cladding_n": 1.452815646249081, "core_n": 1.454815646249081, "trench_n": 1.4478156462490812, "deltan_core": 0.002, "deltan_ring": 0.005, "core_radius": 4.15e-06, "trench_ID": 9.96e-06, "trench_OD": 1.4940000000000001e-05, "1": {"n": 1.452815646249081, "loss": 8.735576554364007e-08, "neff": 1.453874096306195, "mode_effective_area": 6.30919186199616e-11, "TE_polarization_fraction": 0.9999999293325782}, "2": {"n": 1.452815646249081, "loss": 7.82686053636434e-08, "neff": 1.4538723080610805, "mode_effective_area": 6.311758952455827e-11, "TE_polarization_fraction": 7.111148795026482e-08}, "3": {"n": 1.452815646249081, "loss": 0.326730014691028, "neff": 1.4527072140340973, "mode_effective_area": 1.0000404372460186e-10, "TE_polarization_fraction": 0.9894627051873356}, "4": {"n": 1.452815646249081, "loss": 0.3107002221480387, "neff": 1.4527068029557075, "mode_effective_area": 1.180987663292352e-10, "TE_polarization_fraction": 0.14678853920935162}, "5": {"n": 1.452815646249081, "loss": 0.21238066944104328, "neff": 1.4527053456922006, "mode_effective_area": 1.1715017091786875e-10, "TE_polarization_fraction": 0.8535258099017344}, "6": {"n": 1.452815646249081, "loss": 0.19672977769356217, "neff": 1.4527034298552035, "mode_effective_area": 9.981554911936097e-11, "TE_polarization_fraction": 0.010646827853988457}}