{"wavelength": 830, "bend_radius": 0, "cladding_n": 1.452815646249081, "core_n": 1.454815646249081, "trench_n": 1.4478156462490812, "deltan_core": 0.002, "deltan_ring": 0.005, "core_radius": 4.15e-06, "trench_ID": 9.96e-06, "trench_OD": 1.4940000000000001e-05, "1": {"n": 1.452815646249081, "loss": 1.2571303178748077e-12, "neff": 1.4538704537313483, "mode_effective_area": 6.306196826037403e-11, "TE_polarization_fraction": 0.9999999312880055}, "2": {"n": 1.452815646249081, "loss": 1.1309558527783424e-12, "neff": 1.4538686580144964, "mode_effective_area": 6.308823914684982e-11, "TE_polarization_fraction": 6.821614776347174e-08}, "3": {"n": 1.452815646249081, "loss": 0.122945134362102, "neff": 1.4527007229928484, "mode_effective_area": 1.0413796368120015e-10, "TE_polarization_fraction": 0.9456656392679541}, "4": {"n": 1.452815646249081, "loss": 0.16477717696244923, "neff": 1.4526993416858744, "mode_effective_area": 1.2040092831695817e-10, "TE_polarization_fraction": 0.8286099501596783}, "5": {"n": 1.452815646249081, "loss": 0.121374532809435, "neff": 1.4526984309182187, "mode_effective_area": 1.046629588920827e-10, "TE_polarization_fraction": 0.05424429674764034}, "6": {"n": 1.452815646249081, "loss": 0.16391077923239852, "neff": 1.4526983076196418, "mode_effective_area": 1.2076555069491323e-10, "TE_polarization_fraction": 0.17204817810253528}}