{"wavelength": 830, "bend_radius": 0.2, "cladding_n": 1.452815646249081, "core_n": 1.454815646249081, "trench_n": 1.4478156462490812, "deltan_core": 0.002, "deltan_ring": 0.005, "core_radius": 4.15e-06, "trench_ID": 9.96e-06, "trench_OD": 1.4940000000000001e-05, "1": {"n": 1.452815646249081, "loss": 3.510329754089218e-12, "neff": 1.4538706811881252, "mode_effective_area": 6.306376430551545e-11, "TE_polarization_fraction": 0.9999999311657604}, "2": {"n": 1.452815646249081, "loss": 4.39896431577808e-12, "neff": 1.4538688859368867, "mode_effective_area": 6.308999622800936e-11, "TE_polarization_fraction": 6.83974358154843e-08}, "3": {"n": 1.452815646249081, "loss": 0.13719741224847787, "neff": 1.452701043579769, "mode_effective_area": 1.0542985331713124e-10, "TE_polarization_fraction": 0.9361731757710429}, "4": {"n": 1.452815646249081, "loss": 0.13571886506548794, "neff": 1.4526998117443612, "mode_effective_area": 1.1473835725028122e-10, "TE_polarization_fraction": 0.8718163971063142}, "5": {"n": 1.452815646249081, "loss": 0.12230256057046905, "neff": 1.4526989192709747, "mode_effective_area": 1.059932837870502e-10, "TE_polarization_fraction": 0.0637421974745183}, "6": {"n": 1.452815646249081, "loss": 0.14269641933458654, "neff": 1.452698646694012, "mode_effective_area": 1.1508121902188724e-10, "TE_polarization_fraction": 0.12873402123420055}}