{"wavelength": 830, "bend_radius": 0.04, "cladding_n": 1.452815646249081, "core_n": 1.454815646249081, "trench_n": 1.4478156462490812, "deltan_core": 0.002, "deltan_ring": 0.005, "core_radius": 4.15e-06, "trench_ID": 9.96e-06, "trench_OD": 1.4940000000000001e-05, "1": {"n": 1.452815646249081, "loss": 4.556661686968008e-06, "neff": 1.4538761483497924, "mode_effective_area": 6.310990730061886e-11, "TE_polarization_fraction": 0.9999999282331572}, "2": {"n": 1.452815646249081, "loss": 4.2495219594376326e-06, "neff": 1.4538743643282894, "mode_effective_area": 6.313526270406337e-11, "TE_polarization_fraction": 7.273529510218136e-08}, "3": {"n": 1.452815646249081, "loss": 0.42954465828308386, "neff": 1.4527117430244458, "mode_effective_area": 9.985653914773491e-11, "TE_polarization_fraction": 0.9950616693407497}, "4": {"n": 1.452815646249081, "loss": 0.42704237420707447, "neff": 1.4527112365400277, "mode_effective_area": 1.0328637040476151e-10, "TE_polarization_fraction": 0.03095352976631425}, "5": {"n": 1.452815646249081, "loss": 0.2311244396982321, "neff": 1.4527082689985233, "mode_effective_area": 1.0199591718046741e-10, "TE_polarization_fraction": 0.9691945578318778}, "6": {"n": 1.452815646249081, "loss": 0.22944727145400037, "neff": 1.4527062573167526, "mode_effective_area": 9.938598361784561e-11, "TE_polarization_fraction": 0.00500661822055388}}