{"wavelength": 840, "bend_radius": 0.3, "cladding_n": 1.4526553936728075, "core_n": 1.4546553936728075, "trench_n": 1.4476553936728076, "deltan_core": 0.002, "deltan_ring": 0.005, "core_radius": 4.15e-06, "trench_ID": 9.96e-06, "trench_OD": 1.4940000000000001e-05, "1": {"n": 1.4526553936728075, "loss": 4.828275449968402e-12, "neff": 1.4536956380329529, "mode_effective_area": 6.385746348678956e-11, "TE_polarization_fraction": 0.9999999292293789}, "2": {"n": 1.4526553936728075, "loss": 1.4059986263676295e-12, "neff": 1.4536938542954845, "mode_effective_area": 6.388700583947252e-11, "TE_polarization_fraction": 7.029362390136154e-08}, "3": {"n": 1.4526553936728075, "loss": 0.19662264029852153, "neff": 1.4525147068184414, "mode_effective_area": 1.0781650031629448e-10, "TE_polarization_fraction": 0.9365133896675294}, "4": {"n": 1.4526553936728075, "loss": 0.19952684146177807, "neff": 1.4525134468407361, "mode_effective_area": 1.2278269851348015e-10, "TE_polarization_fraction": 0.8317948384022871}, "5": {"n": 1.4526553936728075, "loss": 0.1790256824305688, "neff": 1.4525125560387608, "mode_effective_area": 1.0836311440802368e-10, "TE_polarization_fraction": 0.06339720670314059}, "6": {"n": 1.4526553936728075, "loss": 0.21281178221493158, "neff": 1.452512373223706, "mode_effective_area": 1.231326276428326e-10, "TE_polarization_fraction": 0.16884930846856522}}