{"wavelength": 840, "bend_radius": 0.03, "cladding_n": 1.4526553936728075, "core_n": 1.4546553936728075, "trench_n": 1.4476553936728076, "deltan_core": 0.002, "deltan_ring": 0.005, "core_radius": 4.15e-06, "trench_ID": 9.96e-06, "trench_OD": 1.4940000000000001e-05, "1": {"n": 1.4526553936728075, "loss": 0.00028028181597986837, "neff": 1.4537057196252319, "mode_effective_area": 6.39645110437193e-11, "TE_polarization_fraction": 0.9999999237467704}, "2": {"n": 1.4526553936728075, "loss": 0.0002769262531871429, "neff": 1.4537039568462622, "mode_effective_area": 6.39926703052955e-11, "TE_polarization_fraction": 7.81269037138577e-08}, "3": {"n": 1.4526553936728075, "loss": 0.7875340759655957, "neff": 1.4525360341817923, "mode_effective_area": 1.0276501593744756e-10, "TE_polarization_fraction": 0.998313957262943}, "4": {"n": 1.4526553936728075, "loss": 0.7923641696239193, "neff": 1.4525355485997349, "mode_effective_area": 1.0328000720219916e-10, "TE_polarization_fraction": 0.005275855720664621}, "5": {"n": 1.4526553936728075, "loss": 0.3705991920546763, "neff": 1.4525284312277016, "mode_effective_area": 1.015671843881204e-10, "TE_polarization_fraction": 0.9947805556674024}, "6": {"n": 1.4526553936728075, "loss": 0.3741616081909112, "neff": 1.4525264990512368, "mode_effective_area": 1.0188234183998182e-10, "TE_polarization_fraction": 0.0017221485438936744}}