{"wavelength": 840, "bend_radius": 0.075, "cladding_n": 1.4526553936728075, "core_n": 1.4546553936728075, "trench_n": 1.4476553936728076, "deltan_core": 0.002, "deltan_ring": 0.005, "core_radius": 4.15e-06, "trench_ID": 9.96e-06, "trench_OD": 1.4940000000000001e-05, "1": {"n": 1.4526553936728075, "loss": -9.287486387938692e-11, "neff": 1.4536971619885646, "mode_effective_area": 6.387242200269913e-11, "TE_polarization_fraction": 0.9999999283977897}, "2": {"n": 1.4526553936728075, "loss": 7.83668011471501e-11, "neff": 1.4536953814032352, "mode_effective_area": 6.390173046191262e-11, "TE_polarization_fraction": 7.148504241003068e-08}, "3": {"n": 1.4526553936728075, "loss": 0.22784878567280156, "neff": 1.4525169797220507, "mode_effective_area": 1.3449212124546398e-10, "TE_polarization_fraction": 0.7333083798824549}, "4": {"n": 1.4526553936728075, "loss": 0.28020330197196675, "neff": 1.4525167528021412, "mode_effective_area": 1.050022911778108e-10, "TE_polarization_fraction": 0.9648407924488808}, "5": {"n": 1.4526553936728075, "loss": 0.2616203043210152, "neff": 1.4525157978266863, "mode_effective_area": 1.3524774496682257e-10, "TE_polarization_fraction": 0.2667553483081169}, "6": {"n": 1.4526553936728075, "loss": 0.2151805430286701, "neff": 1.4525145810227793, "mode_effective_area": 1.0513382302613807e-10, "TE_polarization_fraction": 0.035397640863280934}}