{"wavelength": 840, "bend_radius": 0.035, "cladding_n": 1.4526553936728075, "core_n": 1.4546553936728075, "trench_n": 1.4476553936728076, "deltan_core": 0.002, "deltan_ring": 0.005, "core_radius": 4.15e-06, "trench_ID": 9.96e-06, "trench_OD": 1.4940000000000001e-05, "1": {"n": 1.4526553936728075, "loss": 4.4131947986711654e-05, "neff": 1.4537030124339498, "mode_effective_area": 6.393389047885429e-11, "TE_polarization_fraction": 0.9999999252145826}, "2": {"n": 1.4526553936728075, "loss": 4.869222999594001e-05, "neff": 1.453701244002375, "mode_effective_area": 6.396238345927056e-11, "TE_polarization_fraction": 7.603442389910001e-08}, "3": {"n": 1.4526553936728075, "loss": 0.6287050659723492, "neff": 1.4525298895142174, "mode_effective_area": 1.0225668487860103e-10, "TE_polarization_fraction": 0.9969577849573074}, "4": {"n": 1.4526553936728075, "loss": 0.6337762771989093, "neff": 1.4525294001349685, "mode_effective_area": 1.0349494954904616e-10, "TE_polarization_fraction": 0.012126128521272173}, "5": {"n": 1.4526553936728075, "loss": 0.3227447368954187, "neff": 1.4525246694284235, "mode_effective_area": 1.0207522058344879e-10, "TE_polarization_fraction": 0.9879627020470761}, "6": {"n": 1.4526553936728075, "loss": 0.3245408600340965, "neff": 1.4525227344277416, "mode_effective_area": 1.0165708575206238e-10, "TE_polarization_fraction": 0.003093174234390463}}