{"wavelength": 840, "bend_radius": 0.045, "cladding_n": 1.4526553936728075, "core_n": 1.4546553936728075, "trench_n": 1.4476553936728076, "deltan_core": 0.002, "deltan_ring": 0.005, "core_radius": 4.15e-06, "trench_ID": 9.96e-06, "trench_OD": 1.4940000000000001e-05, "1": {"n": 1.4526553936728075, "loss": 8.621864648573e-07, "neff": 1.4537000553334296, "mode_effective_area": 6.390201885082638e-11, "TE_polarization_fraction": 0.9999999268216678}, "2": {"n": 1.4526553936728075, "loss": 1.188656401668392e-06, "neff": 1.4536982807482004, "mode_effective_area": 6.393090761672749e-11, "TE_polarization_fraction": 7.37397165785705e-08}, "3": {"n": 1.4526553936728075, "loss": 0.45804741610954736, "neff": 1.4525232170177746, "mode_effective_area": 1.020699714998145e-10, "TE_polarization_fraction": 0.9924695969877465}, "4": {"n": 1.4526553936728075, "loss": 0.44906144330201825, "neff": 1.452522765592874, "mode_effective_area": 1.087450331284414e-10, "TE_polarization_fraction": 0.05688698689957204}, "5": {"n": 1.4526553936728075, "loss": 0.2750976692936307, "neff": 1.4525205197678064, "mode_effective_area": 1.0768729135507554e-10, "TE_polarization_fraction": 0.9433173660207482}, "6": {"n": 1.4526553936728075, "loss": 0.26960194181550895, "neff": 1.452518623791822, "mode_effective_area": 1.0181740404023731e-10, "TE_polarization_fraction": 0.0076187629893109616}}