{"wavelength": 840, "bend_radius": 0, "cladding_n": 1.4526553936728075, "core_n": 1.4546553936728075, "trench_n": 1.4476553936728076, "deltan_core": 0.002, "deltan_ring": 0.005, "core_radius": 4.15e-06, "trench_ID": 9.96e-06, "trench_OD": 1.4940000000000001e-05, "1": {"n": 1.4526553936728075, "loss": 1.8562465467759153e-12, "neff": 1.4536955364804804, "mode_effective_area": 6.385648214879914e-11, "TE_polarization_fraction": 0.9999999292848286}, "2": {"n": 1.4526553936728075, "loss": 2.3572783389088145e-13, "neff": 1.453693752533161, "mode_effective_area": 6.388604040236074e-11, "TE_polarization_fraction": 7.021413495366777e-08}, "3": {"n": 1.4526553936728075, "loss": 0.1769376317297172, "neff": 1.4525145623228726, "mode_effective_area": 1.071716458629656e-10, "TE_polarization_fraction": 0.9411356652816553}, "4": {"n": 1.4526553936728075, "loss": 0.22407642745399511, "neff": 1.452513234708546, "mode_effective_area": 1.2602522328243492e-10, "TE_polarization_fraction": 0.8070322471553236}, "5": {"n": 1.4526553936728075, "loss": 0.17658225832860053, "neff": 1.4525123336823673, "mode_effective_area": 1.0769894655955977e-10, "TE_polarization_fraction": 0.05877286931675915}, "6": {"n": 1.4526553936728075, "loss": 0.22202427687069456, "neff": 1.4525122167699616, "mode_effective_area": 1.2638201489168932e-10, "TE_polarization_fraction": 0.1936598538404899}}