{"wavelength": 840, "bend_radius": 0.2, "cladding_n": 1.4526553936728075, "core_n": 1.4546553936728075, "trench_n": 1.4476553936728076, "deltan_core": 0.002, "deltan_ring": 0.005, "core_radius": 4.15e-06, "trench_ID": 9.96e-06, "trench_OD": 1.4940000000000001e-05, "1": {"n": 1.4526553936728075, "loss": 1.4467503027385606e-12, "neff": 1.453695764981363, "mode_effective_area": 6.385869295138165e-11, "TE_polarization_fraction": 0.9999999291600691}, "2": {"n": 1.4526553936728075, "loss": 4.095532745580546e-12, "neff": 1.4536939815062595, "mode_effective_area": 6.388821548207512e-11, "TE_polarization_fraction": 7.039297428055436e-08}, "3": {"n": 1.4526553936728075, "loss": 0.20012059571284538, "neff": 1.45251488856555, "mode_effective_area": 1.0870992013104881e-10, "TE_polarization_fraction": 0.930065169058794}, "4": {"n": 1.4526553936728075, "loss": 0.17961808660874634, "neff": 1.4525137128695442, "mode_effective_area": 1.1936419808762432e-10, "TE_polarization_fraction": 0.8572750634155546}, "5": {"n": 1.4526553936728075, "loss": 0.16649481229970262, "neff": 1.4525128328751826, "mode_effective_area": 1.0927155852853862e-10, "TE_polarization_fraction": 0.06985283272550019}, "6": {"n": 1.4526553936728075, "loss": 0.20482603867270496, "neff": 1.4525125651755502, "mode_effective_area": 1.1971063898281983e-10, "TE_polarization_fraction": 0.14329706196246364}}