{"wavelength": 840, "bend_radius": 0.005, "cladding_n": 1.4526553936728075, "core_n": 1.4546553936728075, "trench_n": 1.4476553936728076, "deltan_core": 0.002, "deltan_ring": 0.005, "core_radius": 4.15e-06, "trench_ID": 9.96e-06, "trench_OD": 1.4940000000000001e-05, "1": {"n": 1.4526553936728075, "loss": 6.836346316389912, "neff": 1.4541142578999569, "mode_effective_area": 8.137383289048423e-11, "TE_polarization_fraction": 0.9999997800028634}, "2": {"n": 1.4526553936728075, "loss": 6.898567864917695, "neff": 1.4541135731085528, "mode_effective_area": 8.160903976757298e-11, "TE_polarization_fraction": 4.389193834470807e-07}, "3": {"n": 1.4526553936728075, "loss": 73.7218000687959, "neff": 1.453328278443428, "mode_effective_area": 9.075929483332372e-11, "TE_polarization_fraction": 7.778296200222778e-06}, "4": {"n": 1.4526553936728075, "loss": 73.84565827800526, "neff": 1.4533279262249297, "mode_effective_area": 9.104018622037177e-11, "TE_polarization_fraction": 0.9999998316962311}, "5": {"n": 1.4526553936728075, "loss": 34.39696885889038, "neff": 1.4531018168066197, "mode_effective_area": 1.1725996958382347e-10, "TE_polarization_fraction": 0.9999938419995776}, "6": {"n": 1.4526553936728075, "loss": 34.52045675944632, "neff": 1.453101783978336, "mode_effective_area": 1.1726909003605086e-10, "TE_polarization_fraction": 2.1383810940952827e-06}}