{"wavelength": 840, "bend_radius": 0.05, "cladding_n": 1.4526553936728075, "core_n": 1.4546553936728075, "trench_n": 1.4476553936728076, "deltan_core": 0.002, "deltan_ring": 0.005, "core_radius": 4.15e-06, "trench_ID": 9.96e-06, "trench_OD": 1.4940000000000001e-05, "1": {"n": 1.4526553936728075, "loss": 1.5683899241948207e-07, "neff": 1.4536991958886252, "mode_effective_area": 6.389306364696621e-11, "TE_polarization_fraction": 0.9999999272894623}, "2": {"n": 1.4526553936728075, "loss": 1.533439897470903e-07, "neff": 1.453697419530759, "mode_effective_area": 6.392207374511903e-11, "TE_polarization_fraction": 7.307097844113367e-08}, "3": {"n": 1.4526553936728075, "loss": 0.4050163974904366, "neff": 1.4525212876402602, "mode_effective_area": 1.0226619930799117e-10, "TE_polarization_fraction": 0.9892558582116759}, "4": {"n": 1.4526553936728075, "loss": 0.3909150698442055, "neff": 1.4525208865250938, "mode_effective_area": 1.1687132163292628e-10, "TE_polarization_fraction": 0.11816989784465332}, "5": {"n": 1.4526553936728075, "loss": 0.26716204232261453, "neff": 1.4525192728989365, "mode_effective_area": 1.1595047618318663e-10, "TE_polarization_fraction": 0.8821184912068016}, "6": {"n": 1.4526553936728075, "loss": 0.2537730806430928, "neff": 1.4525174275618913, "mode_effective_area": 1.0212228483568583e-10, "TE_polarization_fraction": 0.010854573065072983}}