{"wavelength": 840, "bend_radius": 0.025, "cladding_n": 1.4526553936728075, "core_n": 1.4546553936728075, "trench_n": 1.4476553936728076, "deltan_core": 0.002, "deltan_ring": 0.005, "core_radius": 4.15e-06, "trench_ID": 9.96e-06, "trench_OD": 1.4940000000000001e-05, "1": {"n": 1.4526553936728075, "loss": 0.0013978180246841457, "neff": 1.4537102183890507, "mode_effective_area": 6.40184433434986e-11, "TE_polarization_fraction": 0.9999999213151445}, "2": {"n": 1.4526553936728075, "loss": 0.0014281065519038203, "neff": 1.4537084650438854, "mode_effective_area": 6.404611070322569e-11, "TE_polarization_fraction": 8.158729951849155e-08}, "3": {"n": 1.4526553936728075, "loss": 1.0657170933815914, "neff": 1.45254630836434, "mode_effective_area": 1.0372172152482597e-10, "TE_polarization_fraction": 0.9991855796277465}, "4": {"n": 1.4526553936728075, "loss": 1.0737374621941533, "neff": 1.4525458437624466, "mode_effective_area": 1.0394713063788185e-10, "TE_polarization_fraction": 0.0021087048353881487}, "5": {"n": 1.4526553936728075, "loss": 0.4528608882444656, "neff": 1.4525346790124896, "mode_effective_area": 1.0182492217938923e-10, "TE_polarization_fraction": 0.9979256401813941}, "6": {"n": 1.4526553936728075, "loss": 0.4579522066113901, "neff": 1.4525327659750806, "mode_effective_area": 1.0244393593327361e-10, "TE_polarization_fraction": 0.0008383314787198838}}