{"wavelength": 840, "bend_radius": 0.01, "cladding_n": 1.4526553936728075, "core_n": 1.4546553936728075, "trench_n": 1.4476553936728076, "deltan_core": 0.002, "deltan_ring": 0.005, "core_radius": 4.15e-06, "trench_ID": 9.96e-06, "trench_OD": 1.4940000000000001e-05, "1": {"n": 1.4526553936728075, "loss": 0.138675137811808, "neff": 1.453789454774105, "mode_effective_area": 6.558580085489392e-11, "TE_polarization_fraction": 0.9999998804896949}, "2": {"n": 1.4526553936728075, "loss": 0.14046534974343547, "neff": 1.4537878766902446, "mode_effective_area": 6.561738180481196e-11, "TE_polarization_fraction": 1.4024977957374562e-07}, "3": {"n": 1.4526553936728075, "loss": 9.398049665589488, "neff": 1.4527320644190531, "mode_effective_area": 1.0776069842452019e-10, "TE_polarization_fraction": 0.9999891873357118}, "4": {"n": 1.4526553936728075, "loss": 9.449664388151154, "neff": 1.4527320614958532, "mode_effective_area": 1.0778472812538297e-10, "TE_polarization_fraction": 3.24031443347878e-05}, "5": {"n": 1.4526553936728075, "loss": 2.75179909788463, "neff": 1.4526470337179835, "mode_effective_area": 1.1297416427933348e-10, "TE_polarization_fraction": 0.999971019597706}, "6": {"n": 1.4526553936728075, "loss": 2.777549733342359, "neff": 1.4526455894590737, "mode_effective_area": 1.1367493964579599e-10, "TE_polarization_fraction": 1.3629721323160796e-05}}