{"wavelength": 840, "bend_radius": 0.02, "cladding_n": 1.4526553936728075, "core_n": 1.4546553936728075, "trench_n": 1.4476553936728076, "deltan_core": 0.002, "deltan_ring": 0.005, "core_radius": 4.15e-06, "trench_ID": 9.96e-06, "trench_OD": 1.4940000000000001e-05, "1": {"n": 1.4526553936728075, "loss": 0.006025685493611155, "neff": 1.4537185300798607, "mode_effective_area": 6.412806439909272e-11, "TE_polarization_fraction": 0.9999999168486388}, "2": {"n": 1.4526553936728075, "loss": 0.0061396060531795004, "neff": 1.4537167943006712, "mode_effective_area": 6.415502598134899e-11, "TE_polarization_fraction": 8.792871323155784e-08}, "3": {"n": 1.4526553936728075, "loss": 1.6297247002237, "neff": 1.4525654652827504, "mode_effective_area": 1.0538269649706203e-10, "TE_polarization_fraction": 0.9996801843808609}, "4": {"n": 1.4526553936728075, "loss": 1.6422094422112437, "neff": 1.4525650501539853, "mode_effective_area": 1.0551338245366562e-10, "TE_polarization_fraction": 0.0007261273480348938}, "5": {"n": 1.4526553936728075, "loss": 0.6136516795675431, "neff": 1.452546255043662, "mode_effective_area": 1.0290035153307674e-10, "TE_polarization_fraction": 0.9992932276368504}, "6": {"n": 1.4526553936728075, "loss": 0.6206350306304694, "neff": 1.4525443881312634, "mode_effective_area": 1.0363255448897116e-10, "TE_polarization_fraction": 0.0003341404592838521}}