{"wavelength": 840, "bend_radius": 0.04, "cladding_n": 1.4526553936728075, "core_n": 1.4546553936728075, "trench_n": 1.4476553936728076, "deltan_core": 0.002, "deltan_ring": 0.005, "core_radius": 4.15e-06, "trench_ID": 9.96e-06, "trench_OD": 1.4940000000000001e-05, "1": {"n": 1.4526553936728075, "loss": 7.755262039207318e-06, "neff": 1.4537012575203456, "mode_effective_area": 6.391477800138756e-11, "TE_polarization_fraction": 0.9999999261678514}, "2": {"n": 1.4526553936728075, "loss": 7.112508095533597e-06, "neff": 1.4536994854342058, "mode_effective_area": 6.394350170692437e-11, "TE_polarization_fraction": 7.467377416980362e-08}, "3": {"n": 1.4526553936728075, "loss": 0.5285189340712556, "neff": 1.452525924002776, "mode_effective_area": 1.0205137420435588e-10, "TE_polarization_fraction": 0.9950291297944236}, "4": {"n": 1.4526553936728075, "loss": 0.5265746055551755, "neff": 1.4525254452871916, "mode_effective_area": 1.0496935021509747e-10, "TE_polarization_fraction": 0.026606942060021583}, "5": {"n": 1.4526553936728075, "loss": 0.2928736885399893, "neff": 1.4525222190442106, "mode_effective_area": 1.0375800155995884e-10, "TE_polarization_fraction": 0.9735295395568839}, "6": {"n": 1.4526553936728075, "loss": 0.292097558195064, "neff": 1.4525202953064529, "mode_effective_area": 1.0165291423024749e-10, "TE_polarization_fraction": 0.005039305355177061}}