{"wavelength": 840, "bend_radius": 0.015, "cladding_n": 1.4526553936728075, "core_n": 1.4546553936728075, "trench_n": 1.4476553936728076, "deltan_core": 0.002, "deltan_ring": 0.005, "core_radius": 4.15e-06, "trench_ID": 9.96e-06, "trench_OD": 1.4940000000000001e-05, "1": {"n": 1.4526553936728075, "loss": 0.024003979425253508, "neff": 1.4537366246393273, "mode_effective_area": 6.441130379375555e-11, "TE_polarization_fraction": 0.9999999072538248}, "2": {"n": 1.4526553936728075, "loss": 0.024331424200250616, "neff": 1.4537349277344827, "mode_effective_area": 6.443763401892708e-11, "TE_polarization_fraction": 1.0153082424783515e-07}, "3": {"n": 1.4526553936728075, "loss": 3.122961474234019, "neff": 1.4526077382365097, "mode_effective_area": 1.0791720250718544e-10, "TE_polarization_fraction": 0.9999121572315016}, "4": {"n": 1.4526553936728075, "loss": 3.146515838403461, "neff": 1.4526074374418538, "mode_effective_area": 1.0803226425877124e-10, "TE_polarization_fraction": 0.0001919917815264474}, "5": {"n": 1.4526553936728075, "loss": 1.017922627560091, "neff": 1.4525716456778273, "mode_effective_area": 1.0555807196383921e-10, "TE_polarization_fraction": 0.9998174001187422}, "6": {"n": 1.4526553936728075, "loss": 1.028845206005598, "neff": 1.4525698870929686, "mode_effective_area": 1.0631588153402775e-10, "TE_polarization_fraction": 9.511276344969975e-05}}