{"wavelength": 840, "bend_radius": 0.1, "cladding_n": 1.4526553936728075, "core_n": 1.4546553936728075, "trench_n": 1.4476553936728076, "deltan_core": 0.002, "deltan_ring": 0.005, "core_radius": 4.15e-06, "trench_ID": 9.96e-06, "trench_OD": 1.4940000000000001e-05, "1": {"n": 1.4526553936728075, "loss": 3.7118963857967896e-13, "neff": 1.4536964506531027, "mode_effective_area": 6.386538569585287e-11, "TE_polarization_fraction": 0.999999928785829}, "2": {"n": 1.4526553936728075, "loss": 8.31352562406674e-12, "neff": 1.4536946685957526, "mode_effective_area": 6.389480222706471e-11, "TE_polarization_fraction": 7.092925979889879e-08}, "3": {"n": 1.4526553936728075, "loss": 0.1991141891797837, "neff": 1.4525158864330114, "mode_effective_area": 1.165909417548188e-10, "TE_polarization_fraction": 0.8729098218063147}, "4": {"n": 1.4526553936728075, "loss": 0.22554199783844744, "neff": 1.452515188874988, "mode_effective_area": 1.0894979720696952e-10, "TE_polarization_fraction": 0.9345092250223709}, "5": {"n": 1.4526553936728075, "loss": 0.2248673885927175, "neff": 1.4525143147904709, "mode_effective_area": 1.1728982234234315e-10, "TE_polarization_fraction": 0.12703290048164087}, "6": {"n": 1.4526553936728075, "loss": 0.20194365834329875, "neff": 1.4525135690569875, "mode_effective_area": 1.091893551796663e-10, "TE_polarization_fraction": 0.0658488118389142}}