{"wavelength": 850, "bend_radius": 0.075, "cladding_n": 1.4524982860552091, "core_n": 1.4544982860552091, "trench_n": 1.4474982860552092, "deltan_core": 0.002, "deltan_ring": 0.005, "core_radius": 4.15e-06, "trench_ID": 9.96e-06, "trench_OD": 1.4940000000000001e-05, "1": {"n": 1.4524982860552091, "loss": -1.9516138141922288e-10, "neff": 1.4535254315631685, "mode_effective_area": 6.467990892978627e-11, "TE_polarization_fraction": 0.9999999263738086}, "2": {"n": 1.4524982860552091, "loss": 1.719199042138408e-10, "neff": 1.4535236630888306, "mode_effective_area": 6.471250154052022e-11, "TE_polarization_fraction": 7.347022945861334e-08}, "3": {"n": 1.4524982860552091, "loss": 0.29718117460953714, "neff": 1.452334236910808, "mode_effective_area": 1.4261861641385265e-10, "TE_polarization_fraction": 0.6861607442678661}, "4": {"n": 1.4524982860552091, "loss": 0.3485128066207982, "neff": 1.4523340668668392, "mode_effective_area": 1.0758190476677953e-10, "TE_polarization_fraction": 0.9630177055635615}, "5": {"n": 1.4524982860552091, "loss": 0.32601540114578664, "neff": 1.452333099446853, "mode_effective_area": 1.4329113146197364e-10, "TE_polarization_fraction": 0.31394763817096166}, "6": {"n": 1.4524982860552091, "loss": 0.2808388852507607, "neff": 1.4523318859062573, "mode_effective_area": 1.0773597381478092e-10, "TE_polarization_fraction": 0.037226496432117326}}