{"wavelength": 850, "bend_radius": 0.005, "cladding_n": 1.4524982860552091, "core_n": 1.4544982860552091, "trench_n": 1.4474982860552092, "deltan_core": 0.002, "deltan_ring": 0.005, "core_radius": 4.15e-06, "trench_ID": 9.96e-06, "trench_OD": 1.4940000000000001e-05, "1": {"n": 1.4524982860552091, "loss": 7.657426463885495, "neff": 1.4539446745243878, "mode_effective_area": 8.243014376357367e-11, "TE_polarization_fraction": 0.9999997764570281}, "2": {"n": 1.4524982860552091, "loss": 7.725120545734207, "neff": 1.4539440037962537, "mode_effective_area": 8.266691632689508e-11, "TE_polarization_fraction": 4.443000712383815e-07}, "3": {"n": 1.4524982860552091, "loss": 81.37791268457575, "neff": 1.4531441431553915, "mode_effective_area": 9.189203004464165e-11, "TE_polarization_fraction": 8.27469920838123e-06}, "4": {"n": 1.4524982860552091, "loss": 81.52256915022915, "neff": 1.4531437950638841, "mode_effective_area": 9.216957433439927e-11, "TE_polarization_fraction": 0.9999998299954662}, "5": {"n": 1.4524982860552091, "loss": 37.97866249504586, "neff": 1.4529208297214382, "mode_effective_area": 1.181662767707982e-10, "TE_polarization_fraction": 0.9999934303534163}, "6": {"n": 1.4524982860552091, "loss": 38.10725308266562, "neff": 1.4529208039388055, "mode_effective_area": 1.1818398860361166e-10, "TE_polarization_fraction": 2.1645308771437613e-06}}