{"wavelength": 850, "bend_radius": 0.01, "cladding_n": 1.4524982860552091, "core_n": 1.4544982860552091, "trench_n": 1.4474982860552092, "deltan_core": 0.002, "deltan_ring": 0.005, "core_radius": 4.15e-06, "trench_ID": 9.96e-06, "trench_OD": 1.4940000000000001e-05, "1": {"n": 1.4524982860552091, "loss": 0.16590062050229906, "neff": 1.4536182257200192, "mode_effective_area": 6.654950916130089e-11, "TE_polarization_fraction": 0.9999998777070382}, "2": {"n": 1.4524982860552091, "loss": 0.1680111769663798, "neff": 1.4536166622424564, "mode_effective_area": 6.658565349232648e-11, "TE_polarization_fraction": 1.4181424474351738e-07}, "3": {"n": 1.4524982860552091, "loss": 10.8044345743897, "neff": 1.452551684104522, "mode_effective_area": 1.0863313782303609e-10, "TE_polarization_fraction": 3.2953195665599826e-05}, "4": {"n": 1.4524982860552091, "loss": 10.74812416088746, "neff": 1.452551669932945, "mode_effective_area": 1.0861807625007993e-10, "TE_polarization_fraction": 0.9999890642300625}, "5": {"n": 1.4524982860552091, "loss": 3.2201686306091677, "neff": 1.4524656696478868, "mode_effective_area": 1.1494677206050438e-10, "TE_polarization_fraction": 0.999970552239597}, "6": {"n": 1.4524982860552091, "loss": 3.2485896049004963, "neff": 1.4524642957783864, "mode_effective_area": 1.1562479032157326e-10, "TE_polarization_fraction": 1.381060445125117e-05}}