{"wavelength": 850, "bend_radius": 0.015, "cladding_n": 1.4524982860552091, "core_n": 1.4544982860552091, "trench_n": 1.4474982860552092, "deltan_core": 0.002, "deltan_ring": 0.005, "core_radius": 4.15e-06, "trench_ID": 9.96e-06, "trench_OD": 1.4940000000000001e-05, "1": {"n": 1.4524982860552091, "loss": 0.02960535084399304, "neff": 1.4535650959441673, "mode_effective_area": 6.528801628398584e-11, "TE_polarization_fraction": 0.9999999048517898}, "2": {"n": 1.4524982860552091, "loss": 0.029998829313911804, "neff": 1.4535634122319794, "mode_effective_area": 6.531818770415853e-11, "TE_polarization_fraction": 1.0321252327093715e-07}, "3": {"n": 1.4524982860552091, "loss": 3.664898165755443, "neff": 1.4524265871782092, "mode_effective_area": 1.0941331872766581e-10, "TE_polarization_fraction": 0.9999123580493083}, "4": {"n": 1.4524982860552091, "loss": 3.691791209033258, "neff": 1.4524263146015102, "mode_effective_area": 1.0952494742850823e-10, "TE_polarization_fraction": 0.00018725400924644872}, "5": {"n": 1.4524982860552091, "loss": 1.222244657623581, "neff": 1.4523895508325324, "mode_effective_area": 1.0776191011507419e-10, "TE_polarization_fraction": 0.9998220799152563}, "6": {"n": 1.4524982860552091, "loss": 1.2346834292234241, "neff": 1.4523878762339717, "mode_effective_area": 1.0850281775269961e-10, "TE_polarization_fraction": 9.495909354469892e-05}}