{"wavelength": 850, "bend_radius": 0.3, "cladding_n": 1.4524982860552091, "core_n": 1.4544982860552091, "trench_n": 1.4474982860552092, "deltan_core": 0.002, "deltan_ring": 0.005, "core_radius": 4.15e-06, "trench_ID": 9.96e-06, "trench_OD": 1.4940000000000001e-05, "1": {"n": 1.4524982860552091, "loss": 1.3321072381871232e-12, "neff": 1.4535239002948277, "mode_effective_area": 6.466222120421577e-11, "TE_polarization_fraction": 0.9999999272216424}, "2": {"n": 1.4524982860552091, "loss": 2.027561143951321e-12, "neff": 1.4535221286270974, "mode_effective_area": 6.469502596067657e-11, "TE_polarization_fraction": 7.229420448410307e-08}, "3": {"n": 1.4524982860552091, "loss": 0.2639621955831365, "neff": 1.4523319011461877, "mode_effective_area": 1.11045128326324e-10, "TE_polarization_fraction": 0.9308680918524287}, "4": {"n": 1.4524982860552091, "loss": 0.3241391345759445, "neff": 1.4523306958996363, "mode_effective_area": 1.281440163782978e-10, "TE_polarization_fraction": 0.8128976482269993}, "5": {"n": 1.4524982860552091, "loss": 0.2853469630181728, "neff": 1.4523298135907734, "mode_effective_area": 1.11607681362582e-10, "TE_polarization_fraction": 0.06903172948614619}, "6": {"n": 1.4524982860552091, "loss": 0.3104579611051955, "neff": 1.4523296360082305, "mode_effective_area": 1.2846535833211895e-10, "TE_polarization_fraction": 0.1878248373132821}}