{"wavelength": 850, "bend_radius": 0, "cladding_n": 1.4524982860552091, "core_n": 1.4544982860552091, "trench_n": 1.4474982860552092, "deltan_core": 0.002, "deltan_ring": 0.005, "core_radius": 4.15e-06, "trench_ID": 9.96e-06, "trench_OD": 1.4940000000000001e-05, "1": {"n": 1.4524982860552091, "loss": 2.461929602440236e-13, "neff": 1.4535237982564235, "mode_effective_area": 6.466105784931882e-11, "TE_polarization_fraction": 0.9999999272781788}, "2": {"n": 1.4524982860552091, "loss": 3.4667075255028027e-12, "neff": 1.4535220263760957, "mode_effective_area": 6.469387705632622e-11, "TE_polarization_fraction": 7.221575080297055e-08}, "3": {"n": 1.4524982860552091, "loss": 0.2781668428642847, "neff": 1.4523317543780099, "mode_effective_area": 1.102857138230758e-10, "TE_polarization_fraction": 0.9362378601898628}, "4": {"n": 1.4524982860552091, "loss": 0.2723530921314204, "neff": 1.4523304804448374, "mode_effective_area": 1.3183652846923952e-10, "TE_polarization_fraction": 0.7843648551131743}, "5": {"n": 1.4524982860552091, "loss": 0.2802187601102988, "neff": 1.4523295864888077, "mode_effective_area": 1.1081458406410364e-10, "TE_polarization_fraction": 0.06366970304296232}, "6": {"n": 1.4524982860552091, "loss": 0.27218884892535816, "neff": 1.4523294750191216, "mode_effective_area": 1.3218223567340138e-10, "TE_polarization_fraction": 0.216353028599735}}