{"wavelength": 850, "bend_radius": 0.2, "cladding_n": 1.4524982860552091, "core_n": 1.4544982860552091, "trench_n": 1.4474982860552092, "deltan_core": 0.002, "deltan_ring": 0.005, "core_radius": 4.15e-06, "trench_ID": 9.96e-06, "trench_OD": 1.4940000000000001e-05, "1": {"n": 1.4524982860552091, "loss": -4.21952024353853e-12, "neff": 1.4535240278509316, "mode_effective_area": 6.466367817763997e-11, "TE_polarization_fraction": 0.9999999271509746}, "2": {"n": 1.4524982860552091, "loss": -3.031547269372739e-12, "neff": 1.453522256449, "mode_effective_area": 6.469646492493735e-11, "TE_polarization_fraction": 7.239226236593745e-08}, "3": {"n": 1.4524982860552091, "loss": 0.27248448466518166, "neff": 1.4523320861940483, "mode_effective_area": 1.1210455522035444e-10, "TE_polarization_fraction": 0.9233798343746256}, "4": {"n": 1.4524982860552091, "loss": 0.2369786636428061, "neff": 1.4523309660144499, "mode_effective_area": 1.2415753521819532e-10, "TE_polarization_fraction": 0.8420280871458701}, "5": {"n": 1.4524982860552091, "loss": 0.22588260705560778, "neff": 1.4523300959138734, "mode_effective_area": 1.1266537777964536e-10, "TE_polarization_fraction": 0.07654010384309472}, "6": {"n": 1.4524982860552091, "loss": 0.27925845444290087, "neff": 1.4523298330319983, "mode_effective_area": 1.24504395659262e-10, "TE_polarization_fraction": 0.15856449322087643}}