{"wavelength": 850, "bend_radius": 0.045, "cladding_n": 1.4524982860552091, "core_n": 1.4544982860552091, "trench_n": 1.4474982860552092, "deltan_core": 0.002, "deltan_ring": 0.005, "core_radius": 4.15e-06, "trench_ID": 9.96e-06, "trench_OD": 1.4940000000000001e-05, "1": {"n": 1.4524982860552091, "loss": 1.5380689789657792e-06, "neff": 1.4535283388971634, "mode_effective_area": 6.471467598536977e-11, "TE_polarization_fraction": 0.9999999247671866}, "2": {"n": 1.4524982860552091, "loss": 2.0876568906463412e-06, "neff": 1.4535265765014325, "mode_effective_area": 6.474689011497881e-11, "TE_polarization_fraction": 7.569641285501011e-08}, "3": {"n": 1.4524982860552091, "loss": 0.5617931177338714, "neff": 1.4523406738300095, "mode_effective_area": 1.0428587761270597e-10, "TE_polarization_fraction": 0.9923570375854346}, "4": {"n": 1.4524982860552091, "loss": 0.5531319010482599, "neff": 1.4523402454376064, "mode_effective_area": 1.0992372915046812e-10, "TE_polarization_fraction": 0.048474598669864734}, "5": {"n": 1.4524982860552091, "loss": 0.34677388896446404, "neff": 1.4523377984964636, "mode_effective_area": 1.0893564322237408e-10, "TE_polarization_fraction": 0.9517136306256457}, "6": {"n": 1.4524982860552091, "loss": 0.3424667381455624, "neff": 1.452335985230203, "mode_effective_area": 1.0409527271781978e-10, "TE_polarization_fraction": 0.0077318881448424776}}