{"wavelength": 850, "bend_radius": 0.035, "cladding_n": 1.4524982860552091, "core_n": 1.4544982860552091, "trench_n": 1.4474982860552092, "deltan_core": 0.002, "deltan_ring": 0.005, "core_radius": 4.15e-06, "trench_ID": 9.96e-06, "trench_OD": 1.4940000000000001e-05, "1": {"n": 1.4524982860552091, "loss": 6.781291497018376e-05, "neff": 1.453531310436137, "mode_effective_area": 6.475181740463777e-11, "TE_polarization_fraction": 0.9999999231293909}, "2": {"n": 1.4524982860552091, "loss": 7.523442063204717e-05, "neff": 1.453529554274553, "mode_effective_area": 6.478367788617836e-11, "TE_polarization_fraction": 7.796299957425752e-08}, "3": {"n": 1.4524982860552091, "loss": 0.7649896441879304, "neff": 1.452347489329354, "mode_effective_area": 1.0439951352000497e-10, "TE_polarization_fraction": 0.9969458939546623}, "4": {"n": 1.4524982860552091, "loss": 0.7715235093168062, "neff": 1.4523470301137553, "mode_effective_area": 1.0550188053176999e-10, "TE_polarization_fraction": 0.010923251851157414}, "5": {"n": 1.4524982860552091, "loss": 0.4042060120045076, "neff": 1.4523419962681843, "mode_effective_area": 1.0419716470070607e-10, "TE_polarization_fraction": 0.9891608134324822}, "6": {"n": 1.4524982860552091, "loss": 0.40685915858685273, "neff": 1.4523401506277982, "mode_effective_area": 1.0390658968571597e-10, "TE_polarization_fraction": 0.003105167258732996}}