{"wavelength": 850, "bend_radius": 0.1, "cladding_n": 1.4524982860552091, "core_n": 1.4544982860552091, "trench_n": 1.4474982860552092, "deltan_core": 0.002, "deltan_ring": 0.005, "core_radius": 4.15e-06, "trench_ID": 9.96e-06, "trench_OD": 1.4940000000000001e-05, "1": {"n": 1.4524982860552091, "loss": -1.1930321657407203e-11, "neff": 1.4535247168095617, "mode_effective_area": 6.46715992344152e-11, "TE_polarization_fraction": 0.9999999267694154}, "2": {"n": 1.4524982860552091, "loss": 4.774727101567849e-12, "neff": 1.4535229468439388, "mode_effective_area": 6.470428976984023e-11, "TE_polarization_fraction": 7.292159886719697e-08}, "3": {"n": 1.4524982860552091, "loss": 0.2656024642857685, "neff": 1.4523331062176257, "mode_effective_area": 1.2167009079922544e-10, "TE_polarization_fraction": 0.8552349792387387}, "4": {"n": 1.4524982860552091, "loss": 0.28641027567875094, "neff": 1.4523324695152238, "mode_effective_area": 1.1207150223194697e-10, "TE_polarization_fraction": 0.92958423130642}, "5": {"n": 1.4524982860552091, "loss": 0.2835792716234085, "neff": 1.4523316039065273, "mode_effective_area": 1.223573670750098e-10, "TE_polarization_fraction": 0.144721429468818}, "6": {"n": 1.4524982860552091, "loss": 0.26965310302118756, "neff": 1.4523308576124359, "mode_effective_area": 1.1232534349680431e-10, "TE_polarization_fraction": 0.07078592247937497}}