{"wavelength": 850, "bend_radius": 0.03, "cladding_n": 1.4524982860552091, "core_n": 1.4544982860552091, "trench_n": 1.4474982860552092, "deltan_core": 0.002, "deltan_ring": 0.005, "core_radius": 4.15e-06, "trench_ID": 9.96e-06, "trench_OD": 1.4940000000000001e-05, "1": {"n": 1.4524982860552091, "loss": 0.0004056683476737779, "neff": 1.45353403096889, "mode_effective_area": 6.478725109871787e-11, "TE_polarization_fraction": 0.9999999216338731}, "2": {"n": 1.4524982860552091, "loss": 0.00040018959618953666, "neff": 1.4535322805337878, "mode_effective_area": 6.48188160794813e-11, "TE_polarization_fraction": 8.003062732244345e-08}, "3": {"n": 1.4524982860552091, "loss": 0.9532574292823812, "neff": 1.4523537604224175, "mode_effective_area": 1.0485735244323117e-10, "TE_polarization_fraction": 0.9983148236441916}, "4": {"n": 1.4524982860552091, "loss": 0.9593383803827414, "neff": 1.452353306175872, "mode_effective_area": 1.0532917523322751e-10, "TE_polarization_fraction": 0.00485312781986163}, "5": {"n": 1.4524982860552091, "loss": 0.4608691417469012, "neff": 1.452345806585545, "mode_effective_area": 1.037752403022011e-10, "TE_polarization_fraction": 0.9952009410343093}, "6": {"n": 1.4524982860552091, "loss": 0.4652874070752945, "neff": 1.452343964555082, "mode_effective_area": 1.041247436758693e-10, "TE_polarization_fraction": 0.0017213101182741435}}