{"wavelength": 850, "bend_radius": 0.05, "cladding_n": 1.4524982860552091, "core_n": 1.4544982860552091, "trench_n": 1.4474982860552092, "deltan_core": 0.002, "deltan_ring": 0.005, "core_radius": 4.15e-06, "trench_ID": 9.96e-06, "trench_OD": 1.4940000000000001e-05, "1": {"n": 1.4524982860552091, "loss": 2.782141515319107e-07, "neff": 1.4535274752826377, "mode_effective_area": 6.470418654587689e-11, "TE_polarization_fraction": 0.9999999252439944}, "2": {"n": 1.4524982860552091, "loss": 2.9493287941480243e-07, "neff": 1.453525711091107, "mode_effective_area": 6.47365097778866e-11, "TE_polarization_fraction": 7.503603697669475e-08}, "3": {"n": 1.4524982860552091, "loss": 0.4984040877947947, "neff": 1.4523387020767498, "mode_effective_area": 1.0452014531000337e-10, "TE_polarization_fraction": 0.9890292096545129}, "4": {"n": 1.4524982860552091, "loss": 0.4859012326442167, "neff": 1.4523383153542275, "mode_effective_area": 1.165762253649357e-10, "TE_polarization_fraction": 0.09779299468717839}, "5": {"n": 1.4524982860552091, "loss": 0.33567865959581267, "neff": 1.452336543883082, "mode_effective_area": 1.1570223408517326e-10, "TE_polarization_fraction": 0.902472709025676}, "6": {"n": 1.4524982860552091, "loss": 0.3242556676094627, "neff": 1.4523347727684146, "mode_effective_area": 1.0442590128494322e-10, "TE_polarization_fraction": 0.011082232707574738}}