{"wavelength": 850, "bend_radius": 0.025, "cladding_n": 1.4524982860552091, "core_n": 1.4544982860552091, "trench_n": 1.4474982860552092, "deltan_core": 0.002, "deltan_ring": 0.005, "core_radius": 4.15e-06, "trench_ID": 9.96e-06, "trench_OD": 1.4940000000000001e-05, "1": {"n": 1.4524982860552091, "loss": 0.001890271605882712, "neff": 1.4535385521565583, "mode_effective_area": 6.484915507910297e-11, "TE_polarization_fraction": 0.9999999191570604}, "2": {"n": 1.4524982860552091, "loss": 0.001929749836940719, "neff": 1.4535368112781402, "mode_effective_area": 6.488029192314904e-11, "TE_polarization_fraction": 8.345163142471747e-08}, "3": {"n": 1.4524982860552091, "loss": 1.281337564861828, "neff": 1.4523642346236225, "mode_effective_area": 1.0573191188172036e-10, "TE_polarization_fraction": 0.9991886101006634}, "4": {"n": 1.4524982860552091, "loss": 1.2904264401505559, "neff": 1.45236380170048, "mode_effective_area": 1.0594669208794253e-10, "TE_polarization_fraction": 0.0019749164451318482}, "5": {"n": 1.4524982860552091, "loss": 0.5582310084698214, "neff": 1.4523521352965412, "mode_effective_area": 1.0406078787421458e-10, "TE_polarization_fraction": 0.9980583691372941}, "6": {"n": 1.4524982860552091, "loss": 0.5642958661618597, "neff": 1.4523503121232446, "mode_effective_area": 1.04680288665338e-10, "TE_polarization_fraction": 0.0008353128944371979}}