{"wavelength": 850, "bend_radius": 0.04, "cladding_n": 1.4524982860552091, "core_n": 1.4544982860552091, "trench_n": 1.4474982860552092, "deltan_core": 0.002, "deltan_ring": 0.005, "core_radius": 4.15e-06, "trench_ID": 9.96e-06, "trench_OD": 1.4940000000000001e-05, "1": {"n": 1.4524982860552091, "loss": 1.295109287806722e-05, "neff": 1.4535295469368603, "mode_effective_area": 6.472957922797551e-11, "TE_polarization_fraction": 0.9999999241008289}, "2": {"n": 1.4524982860552091, "loss": 1.1724940059696913e-05, "neff": 1.4535277870729086, "mode_effective_area": 6.476164536399871e-11, "TE_polarization_fraction": 7.661891619867615e-08}, "3": {"n": 1.4524982860552091, "loss": 0.6458415280534714, "neff": 1.4523434395277128, "mode_effective_area": 1.0423217262739097e-10, "TE_polarization_fraction": 0.9949836420817006}, "4": {"n": 1.4524982860552091, "loss": 0.6444183105320024, "neff": 1.4523429885329293, "mode_effective_area": 1.0676388223853911e-10, "TE_polarization_fraction": 0.02336321602926079}, "5": {"n": 1.4524982860552091, "loss": 0.3685886249296883, "neff": 1.452339515707801, "mode_effective_area": 1.0564070024198157e-10, "TE_polarization_fraction": 0.97676411080784}, "6": {"n": 1.4524982860552091, "loss": 0.368796490920663, "neff": 1.452337679159335, "mode_effective_area": 1.0391346332650169e-10, "TE_polarization_fraction": 0.005085063137016818}}