{"wavelength": 850, "bend_radius": 0.02, "cladding_n": 1.4524982860552091, "core_n": 1.4544982860552091, "trench_n": 1.4474982860552092, "deltan_core": 0.002, "deltan_ring": 0.005, "core_radius": 4.15e-06, "trench_ID": 9.96e-06, "trench_OD": 1.4940000000000001e-05, "1": {"n": 1.4524982860552091, "loss": 0.007713025137170282, "neff": 1.4535469060795345, "mode_effective_area": 6.497340646744078e-11, "TE_polarization_fraction": 0.9999999146098466}, "2": {"n": 1.4524982860552091, "loss": 0.007860983414772716, "neff": 1.4535451829951551, "mode_effective_area": 6.500395531638772e-11, "TE_polarization_fraction": 8.972660284769255e-08}, "3": {"n": 1.4524982860552091, "loss": 1.9414744945395057, "neff": 1.4523837277417602, "mode_effective_area": 1.0723363297347338e-10, "TE_polarization_fraction": 0.9996817702930743}, "4": {"n": 1.4524982860552091, "loss": 1.9561128180312282, "neff": 1.4523833436521485, "mode_effective_area": 1.0736275624301373e-10, "TE_polarization_fraction": 0.0006922015290725249}, "5": {"n": 1.4524982860552091, "loss": 0.7480835241284974, "neff": 1.45236385798918, "mode_effective_area": 1.0513748569936236e-10, "TE_polarization_fraction": 0.9993267607808558}, "6": {"n": 1.4524982860552091, "loss": 0.756203200753066, "neff": 1.4523620793564809, "mode_effective_area": 1.0585809591441352e-10, "TE_polarization_fraction": 0.00033257996779157133}}