{"wavelength": 860, "bend_radius": 0.04, "cladding_n": 1.4523441428045392, "core_n": 1.4543441428045392, "trench_n": 1.4473441428045393, "deltan_core": 0.002, "deltan_ring": 0.005, "core_radius": 4.15e-06, "trench_ID": 9.96e-06, "trench_OD": 1.4940000000000001e-05, "1": {"n": 1.4523441428045392, "loss": 2.1228566811202487e-05, "neff": 1.4533608369838467, "mode_effective_area": 6.55541989887404e-11, "TE_polarization_fraction": 0.9999999220342702}, "2": {"n": 1.4523441428045392, "loss": 1.9047223282372744e-05, "neff": 1.4533590896121507, "mode_effective_area": 6.558958064779496e-11, "TE_polarization_fraction": 7.856865406218796e-08}, "3": {"n": 1.4523441428045392, "loss": 0.7840861374680351, "neff": 1.4521640990173574, "mode_effective_area": 1.0639602205086175e-10, "TE_polarization_fraction": 0.9949250573519679}, "4": {"n": 1.4523441428045392, "loss": 0.7831495640061036, "neff": 1.4521636754345866, "mode_effective_area": 1.0862971005781817e-10, "TE_polarization_fraction": 0.020893508050552356}, "5": {"n": 1.4523441428045392, "loss": 0.4606984629945654, "neff": 1.452159969102536, "mode_effective_area": 1.0760308212613376e-10, "TE_polarization_fraction": 0.9792265496256531}, "6": {"n": 1.4523441428045392, "loss": 0.4620038647357852, "neff": 1.4521582185951862, "mode_effective_area": 1.0616406801376924e-10, "TE_polarization_fraction": 0.005144037321758032}}