{"wavelength": 860, "bend_radius": 0.075, "cladding_n": 1.4523441428045392, "core_n": 1.4543441428045392, "trench_n": 1.4473441428045393, "deltan_core": 0.002, "deltan_ring": 0.005, "core_radius": 4.15e-06, "trench_ID": 9.96e-06, "trench_OD": 1.4940000000000001e-05, "1": {"n": 1.4523441428045392, "loss": -3.891872512361771e-10, "neff": 1.4533567009694583, "mode_effective_area": 6.549731236034108e-11, "TE_polarization_fraction": 0.9999999243489966}, "2": {"n": 1.4523441428045392, "loss": 3.520718656239607e-10, "neff": 1.4533549448835401, "mode_effective_area": 6.55331619454697e-11, "TE_polarization_fraction": 7.545779646571555e-08}, "3": {"n": 1.4523441428045392, "loss": 0.38219183669586293, "neff": 1.452154659841327, "mode_effective_area": 1.5031794430800365e-10, "TE_polarization_fraction": 0.6359079921077372}, "4": {"n": 1.4523441428045392, "loss": 0.4304605353643025, "neff": 1.4521545377074434, "mode_effective_area": 1.1017079876613618e-10, "TE_polarization_fraction": 0.9611232766213522}, "5": {"n": 1.4523441428045392, "loss": 0.4042947138469847, "neff": 1.4521535518162993, "mode_effective_area": 1.5088069618513384e-10, "TE_polarization_fraction": 0.36424844194127864}, "6": {"n": 1.4523441428045392, "loss": 0.3624280596918963, "neff": 1.4521523496543687, "mode_effective_area": 1.1034978296282925e-10, "TE_polarization_fraction": 0.0391265378429144}}