{"wavelength": 860, "bend_radius": 0.03, "cladding_n": 1.4523441428045392, "core_n": 1.4543441428045392, "trench_n": 1.4473441428045393, "deltan_core": 0.002, "deltan_ring": 0.005, "core_radius": 4.15e-06, "trench_ID": 9.96e-06, "trench_OD": 1.4940000000000001e-05, "1": {"n": 1.4523441428045392, "loss": 0.0005800094348383372, "neff": 1.4533653437885141, "mode_effective_area": 6.561970309492791e-11, "TE_polarization_fraction": 0.9999999195228602}, "2": {"n": 1.4523441428045392, "loss": 0.0005714560244895193, "neff": 1.4533636059624633, "mode_effective_area": 6.565464717334657e-11, "TE_polarization_fraction": 8.194137326957863e-08}, "3": {"n": 1.4523441428045392, "loss": 1.1468342363133393, "neff": 1.4521746166243819, "mode_effective_area": 1.0692472418967768e-10, "TE_polarization_fraction": 0.998309936478162}, "4": {"n": 1.4523441428045392, "loss": 1.1544144659501996, "neff": 1.4521741926342628, "mode_effective_area": 1.0736221493531047e-10, "TE_polarization_fraction": 0.004518100405761818}, "5": {"n": 1.4523441428045392, "loss": 0.5692613506444066, "neff": 1.452166335723574, "mode_effective_area": 1.0597995002973428e-10, "TE_polarization_fraction": 0.9955340812923561}, "6": {"n": 1.4523441428045392, "loss": 0.5746422644137457, "neff": 1.452164581931137, "mode_effective_area": 1.0635325024070813e-10, "TE_polarization_fraction": 0.0017263085157061635}}