{"wavelength": 860, "bend_radius": 0.015, "cladding_n": 1.4523441428045392, "core_n": 1.4543441428045392, "trench_n": 1.4473441428045393, "deltan_core": 0.002, "deltan_ring": 0.005, "core_radius": 4.15e-06, "trench_ID": 9.96e-06, "trench_OD": 1.4940000000000001e-05, "1": {"n": 1.4523441428045392, "loss": 0.036325891949331446, "neff": 1.4533965738342423, "mode_effective_area": 6.617363733749613e-11, "TE_polarization_fraction": 0.9999999024614872}, "2": {"n": 1.4523441428045392, "loss": 0.036799014493645026, "neff": 1.453394903517629, "mode_effective_area": 6.620762453237761e-11, "TE_polarization_fraction": 1.0491855624525759e-07}, "3": {"n": 1.4523441428045392, "loss": 4.279915399849722, "neff": 1.4522484718159883, "mode_effective_area": 1.1087345262464387e-10, "TE_polarization_fraction": 0.9999122093224159}, "4": {"n": 1.4523441428045392, "loss": 4.310464740282047, "neff": 1.4522482261577232, "mode_effective_area": 1.1098135463705305e-10, "TE_polarization_fraction": 0.00018386306459035695}, "5": {"n": 1.4523441428045392, "loss": 1.4596696679113597, "neff": 1.4522105829116976, "mode_effective_area": 1.0993537770084584e-10, "TE_polarization_fraction": 0.9998254474604829}, "6": {"n": 1.4523441428045392, "loss": 1.4737543955758523, "neff": 1.452208990094368, "mode_effective_area": 1.1065806115037564e-10, "TE_polarization_fraction": 9.517288890944847e-05}}