{"wavelength": 860, "bend_radius": 0.05, "cladding_n": 1.4523441428045392, "core_n": 1.4543441428045392, "trench_n": 1.4473441428045393, "deltan_core": 0.002, "deltan_ring": 0.005, "core_radius": 4.15e-06, "trench_ID": 9.96e-06, "trench_OD": 1.4940000000000001e-05, "1": {"n": 1.4523441428045392, "loss": 4.875661496792042e-07, "neff": 1.4533587549077294, "mode_effective_area": 6.552517732251323e-11, "TE_polarization_fraction": 0.9999999231983371}, "2": {"n": 1.4523441428045392, "loss": 5.569500362267276e-07, "neff": 1.4533570031563148, "mode_effective_area": 6.556078665342576e-11, "TE_polarization_fraction": 7.700457493278487e-08}, "3": {"n": 1.4523441428045392, "loss": 0.6091312301904794, "neff": 1.452159266913033, "mode_effective_area": 1.0676292434103593e-10, "TE_polarization_fraction": 0.9887807524128323}, "4": {"n": 1.4523441428045392, "loss": 0.5979965513713377, "neff": 1.4521588973896649, "mode_effective_area": 1.1693009428576978e-10, "TE_polarization_fraction": 0.08297704117359889}, "5": {"n": 1.4523441428045392, "loss": 0.42028251963828417, "neff": 1.4521569701643318, "mode_effective_area": 1.1611465080610087e-10, "TE_polarization_fraction": 0.9172696807409029}, "6": {"n": 1.4523441428045392, "loss": 0.41062854114950664, "neff": 1.4521552752396374, "mode_effective_area": 1.0672310247566427e-10, "TE_polarization_fraction": 0.011331815354702676}}