{"wavelength": 860, "bend_radius": 0.3, "cladding_n": 1.4523441428045392, "core_n": 1.4543441428045392, "trench_n": 1.4473441428045393, "deltan_core": 0.002, "deltan_ring": 0.005, "core_radius": 4.15e-06, "trench_ID": 9.96e-06, "trench_OD": 1.4940000000000001e-05, "1": {"n": 1.4523441428045392, "loss": -1.6199094185622938e-12, "neff": 1.4533551620856078, "mode_effective_area": 6.547693173702374e-11, "TE_polarization_fraction": 0.9999999252125943}, "2": {"n": 1.4523441428045392, "loss": -2.967737493647159e-12, "neff": 1.4533534027677655, "mode_effective_area": 6.551297161463848e-11, "TE_polarization_fraction": 7.42963423303499e-08}, "3": {"n": 1.4523441428045392, "loss": 0.34288784880530226, "neff": 1.452152258314463, "mode_effective_area": 1.1435344113382556e-10, "TE_polarization_fraction": 0.9248653760152842}, "4": {"n": 1.4523441428045392, "loss": 0.3756682321332052, "neff": 1.4521511044534186, "mode_effective_area": 1.3377355282090283e-10, "TE_polarization_fraction": 0.7922827482444182}, "5": {"n": 1.4523441428045392, "loss": 0.4618761477130165, "neff": 1.4521502291640658, "mode_effective_area": 1.1493680255472523e-10, "TE_polarization_fraction": 0.07499304764839165}, "6": {"n": 1.4523441428045392, "loss": 0.38234538395455264, "neff": 1.4521500570713692, "mode_effective_area": 1.3406454673134703e-10, "TE_polarization_fraction": 0.20847661796347072}}