{"wavelength": 860, "bend_radius": 0, "cladding_n": 1.4523441428045392, "core_n": 1.4543441428045392, "trench_n": 1.4473441428045393, "deltan_core": 0.002, "deltan_ring": 0.005, "core_radius": 4.15e-06, "trench_ID": 9.96e-06, "trench_OD": 1.4940000000000001e-05, "1": {"n": 1.4523441428045392, "loss": 3.6528622061841245e-12, "neff": 1.4533550595409876, "mode_effective_area": 6.547558878090539e-11, "TE_polarization_fraction": 0.9999999252701858}, "2": {"n": 1.4523441428045392, "loss": 1.3292244013979372e-12, "neff": 1.453353300007982, "mode_effective_area": 6.551164165166703e-11, "TE_polarization_fraction": 7.421886912610196e-08}, "3": {"n": 1.4523441428045392, "loss": 0.4065450702645885, "neff": 1.4521521084922104, "mode_effective_area": 1.1347785412621378e-10, "TE_polarization_fraction": 0.9309546135450483}, "4": {"n": 1.4523441428045392, "loss": 0.3305970373349387, "neff": 1.452150889346398, "mode_effective_area": 1.377634580097192e-10, "TE_polarization_fraction": 0.7609143301454115}, "5": {"n": 1.4523441428045392, "loss": 0.41318466545525634, "neff": 1.4521499985605968, "mode_effective_area": 1.1400750162246189e-10, "TE_polarization_fraction": 0.06895055485646158}, "6": {"n": 1.4523441428045392, "loss": 0.33732576482269866, "neff": 1.4521498927813932, "mode_effective_area": 1.3809444576743717e-10, "TE_polarization_fraction": 0.23982107716039539}}