{"wavelength": 860, "bend_radius": 0.005, "cladding_n": 1.4523441428045392, "core_n": 1.4543441428045392, "trench_n": 1.4473441428045393, "deltan_core": 0.002, "deltan_ring": 0.005, "core_radius": 4.15e-06, "trench_ID": 9.96e-06, "trench_OD": 1.4940000000000001e-05, "1": {"n": 1.4523441428045392, "loss": 8.55350559897019, "neff": 1.4537780737758004, "mode_effective_area": 8.347587153744059e-11, "TE_polarization_fraction": 0.9999997729216683}, "2": {"n": 1.4523441428045392, "loss": 8.62703763399964, "neff": 1.4537774166445536, "mode_effective_area": 8.371409906408694e-11, "TE_polarization_fraction": 4.497693106881737e-07}, "3": {"n": 1.4523441428045392, "loss": 89.62698604421956, "neff": 1.4529629176571368, "mode_effective_area": 9.302788726791906e-11, "TE_polarization_fraction": 8.807099725821982e-06}, "4": {"n": 1.4523441428045392, "loss": 89.79594292643911, "neff": 1.4529625729943645, "mode_effective_area": 9.330174566307741e-11, "TE_polarization_fraction": 0.999999828261056}, "5": {"n": 1.4523441428045392, "loss": 41.84258799257826, "neff": 1.4527427927217436, "mode_effective_area": 1.1908284608987118e-10, "TE_polarization_fraction": 0.9999929862475944}, "6": {"n": 1.4523441428045392, "loss": 41.97603295041425, "neff": 1.45274277416294, "mode_effective_area": 1.1910926123284283e-10, "TE_polarization_fraction": 2.191852082857704e-06}}