{"wavelength": 860, "bend_radius": 0.02, "cladding_n": 1.4523441428045392, "core_n": 1.4543441428045392, "trench_n": 1.4473441428045393, "deltan_core": 0.002, "deltan_ring": 0.005, "core_radius": 4.15e-06, "trench_ID": 9.96e-06, "trench_OD": 1.4940000000000001e-05, "1": {"n": 1.4523441428045392, "loss": 0.009805055589928604, "neff": 1.453378285832371, "mode_effective_area": 6.58281448164316e-11, "TE_polarization_fraction": 0.9999999123770303}, "2": {"n": 1.4523441428045392, "loss": 0.009996399735630152, "neff": 1.453376575680867, "mode_effective_area": 6.586225521134031e-11, "TE_polarization_fraction": 9.1538596940173e-08}, "3": {"n": 1.4523441428045392, "loss": 2.3002534080289334, "neff": 1.4522050799170494, "mode_effective_area": 1.0904730944047724e-10, "TE_polarization_fraction": 0.9996820801923053}, "4": {"n": 1.4523441428045392, "loss": 2.317392125299452, "neff": 1.4522047255627386, "mode_effective_area": 1.0917506223011111e-10, "TE_polarization_fraction": 0.0006654033271960031}, "5": {"n": 1.4523441428045392, "loss": 0.906569077509182, "neff": 1.4521846039597763, "mode_effective_area": 1.0735479170014405e-10, "TE_polarization_fraction": 0.9993532595045888}, "6": {"n": 1.4523441428045392, "loss": 0.9159460824616461, "neff": 1.4521829114688747, "mode_effective_area": 1.0806172771494108e-10, "TE_polarization_fraction": 0.00033233216873284}}