{"wavelength": 860, "bend_radius": 0.045, "cladding_n": 1.4523441428045392, "core_n": 1.4543441428045392, "trench_n": 1.4473441428045393, "deltan_core": 0.002, "deltan_ring": 0.005, "core_radius": 4.15e-06, "trench_ID": 9.96e-06, "trench_OD": 1.4940000000000001e-05, "1": {"n": 1.4523441428045392, "loss": 2.7088219715498603e-06, "neff": 1.4533596228591383, "mode_effective_area": 6.553718042273133e-11, "TE_polarization_fraction": 0.999999922712788}, "2": {"n": 1.4523441428045392, "loss": 3.5962361236628256e-06, "neff": 1.4533578729251377, "mode_effective_area": 6.557269293527081e-11, "TE_polarization_fraction": 7.765705368161931e-08}, "3": {"n": 1.4523441428045392, "loss": 0.6844338288392678, "neff": 1.4521612783633027, "mode_effective_area": 1.0648782801419363e-10, "TE_polarization_fraction": 0.9922271895297686}, "4": {"n": 1.4523441428045392, "loss": 0.6759483033274003, "neff": 1.452160873735522, "mode_effective_area": 1.1134725262550958e-10, "TE_polarization_fraction": 0.04224409191915531}, "5": {"n": 1.4523441428045392, "loss": 0.43452183338234807, "neff": 1.4521582338991883, "mode_effective_area": 1.1043628141290513e-10, "TE_polarization_fraction": 0.9579313353535002}, "6": {"n": 1.4523441428045392, "loss": 0.431428732837543, "neff": 1.4521565032362327, "mode_effective_area": 1.0636489802410979e-10, "TE_polarization_fraction": 0.007862425976503749}}