{"wavelength": 860, "bend_radius": 0.025, "cladding_n": 1.4523441428045392, "core_n": 1.4543441428045392, "trench_n": 1.4473441428045393, "deltan_core": 0.002, "deltan_ring": 0.005, "core_radius": 4.15e-06, "trench_ID": 9.96e-06, "trench_OD": 1.4940000000000001e-05, "1": {"n": 1.4523441428045392, "loss": 0.0025319796876161877, "neff": 1.4533698882256252, "mode_effective_area": 6.568947017148551e-11, "TE_polarization_fraction": 0.9999999170022984}, "2": {"n": 1.4523441428045392, "loss": 0.0025829541271461314, "neff": 1.4533681600675794, "mode_effective_area": 6.572405016058124e-11, "TE_polarization_fraction": 8.532545223333413e-08}, "3": {"n": 1.4523441428045392, "loss": 1.531644365966143, "neff": 1.452185276662786, "mode_effective_area": 1.0771133459758264e-10, "TE_polarization_fraction": 0.9991885775213841}, "4": {"n": 1.4523441428045392, "loss": 1.541828774404908, "neff": 1.4521848741982883, "mode_effective_area": 1.0791777010646954e-10, "TE_polarization_fraction": 0.0018681593050955273}, "5": {"n": 1.4523441428045392, "loss": 0.6837380756748402, "neff": 1.4521727416966062, "mode_effective_area": 1.0628386174725671e-10, "TE_polarization_fraction": 0.9981642799142696}, "6": {"n": 1.4523441428045392, "loss": 0.6908951112081907, "neff": 1.4521710063394537, "mode_effective_area": 1.0689972786004785e-10, "TE_polarization_fraction": 0.0008354167503302307}}