{"wavelength": 860, "bend_radius": 0.1, "cladding_n": 1.4523441428045392, "core_n": 1.4543441428045392, "trench_n": 1.4473441428045393, "deltan_core": 0.002, "deltan_ring": 0.005, "core_radius": 4.15e-06, "trench_ID": 9.96e-06, "trench_OD": 1.4940000000000001e-05, "1": {"n": 1.4523441428045392, "loss": -1.2356571048636609e-11, "neff": 1.4533559826567546, "mode_effective_area": 6.548774623986414e-11, "TE_polarization_fraction": 0.9999999247519457}, "2": {"n": 1.4523441428045392, "loss": 7.337781890414668e-12, "neff": 1.4533542250615585, "mode_effective_area": 6.552368355327136e-11, "TE_polarization_fraction": 7.491593377048131e-08}, "3": {"n": 1.4523441428045392, "loss": 0.34870234149912743, "neff": 1.4521534892561625, "mode_effective_area": 1.2710417918802148e-10, "TE_polarization_fraction": 0.8355431031190369}, "4": {"n": 1.4523441428045392, "loss": 0.3605165667093521, "neff": 1.4521529092805479, "mode_effective_area": 1.1524304707980816e-10, "TE_polarization_fraction": 0.924451017145279}, "5": {"n": 1.4523441428045392, "loss": 0.35607569683153567, "neff": 1.4521520490346416, "mode_effective_area": 1.2777551705762263e-10, "TE_polarization_fraction": 0.16443127211841194}, "6": {"n": 1.4523441428045392, "loss": 0.35433315180813274, "neff": 1.4521513054483743, "mode_effective_area": 1.15512548193281e-10, "TE_polarization_fraction": 0.07593040445408838}}