{"wavelength": 860, "bend_radius": 0.2, "cladding_n": 1.4523441428045392, "core_n": 1.4543441428045392, "trench_n": 1.4473441428045393, "deltan_core": 0.002, "deltan_ring": 0.005, "core_radius": 4.15e-06, "trench_ID": 9.96e-06, "trench_OD": 1.4940000000000001e-05, "1": {"n": 1.4523441428045392, "loss": -6.372585496636718e-12, "neff": 1.453355290274743, "mode_effective_area": 6.547861319877512e-11, "TE_polarization_fraction": 0.9999999251406086}, "2": {"n": 1.4523441428045392, "loss": -1.1862016919617017e-12, "neff": 1.4533535312259067, "mode_effective_area": 6.551463688888409e-11, "TE_polarization_fraction": 7.439317621181043e-08}, "3": {"n": 1.4523441428045392, "loss": 0.3548549157256685, "neff": 1.4521524465721845, "mode_effective_area": 1.1562074233565866e-10, "TE_polarization_fraction": 0.9160753763664449}, "4": {"n": 1.4523441428045392, "loss": 0.32408397233825514, "neff": 1.452151381118159, "mode_effective_area": 1.2909687888861285e-10, "TE_polarization_fraction": 0.8262061429654464}, "5": {"n": 1.4523441428045392, "loss": 0.31622698759873785, "neff": 1.4521505183940093, "mode_effective_area": 1.1618502807385039e-10, "TE_polarization_fraction": 0.08384247979634829}, "6": {"n": 1.4523441428045392, "loss": 0.3692800755752316, "neff": 1.452150260205137, "mode_effective_area": 1.2943775852862234e-10, "TE_polarization_fraction": 0.1744129924385931}}