{"wavelength": 860, "bend_radius": 0.01, "cladding_n": 1.4523441428045392, "core_n": 1.4543441428045392, "trench_n": 1.4473441428045393, "deltan_core": 0.002, "deltan_ring": 0.005, "core_radius": 4.15e-06, "trench_ID": 9.96e-06, "trench_OD": 1.4940000000000001e-05, "1": {"n": 1.4523441428045392, "loss": 0.19757795896212374, "neff": 1.453450008899012, "mode_effective_area": 6.752028195851487e-11, "TE_polarization_fraction": 0.9999998749519301}, "2": {"n": 1.4523441428045392, "loss": 0.20005912702608938, "neff": 1.4534484601187938, "mode_effective_area": 6.756095729653947e-11, "TE_polarization_fraction": 1.4343328123683978e-07}, "3": {"n": 1.4523441428045392, "loss": 12.309180168416917, "neff": 1.4523742263028532, "mode_effective_area": 1.0948883201578441e-10, "TE_polarization_fraction": 3.3640325658133784e-05}, "4": {"n": 1.4523441428045392, "loss": 12.247846363900718, "neff": 1.452374195829033, "mode_effective_area": 1.0948244119066708e-10, "TE_polarization_fraction": 0.9999889013715154}, "5": {"n": 1.4523441428045392, "loss": 3.7512588943075755, "neff": 1.4522873840533537, "mode_effective_area": 1.1686993857240584e-10, "TE_polarization_fraction": 0.9999699562117708}, "6": {"n": 1.4523441428045392, "loss": 3.7824730680201855, "neff": 1.452286078437016, "mode_effective_area": 1.1752500006608298e-10, "TE_polarization_fraction": 1.4036433072629657e-05}}