{"wavelength": 860, "bend_radius": 0.035, "cladding_n": 1.4523441428045392, "core_n": 1.4543441428045392, "trench_n": 1.4473441428045393, "deltan_core": 0.002, "deltan_ring": 0.005, "core_radius": 4.15e-06, "trench_ID": 9.96e-06, "trench_OD": 1.4940000000000001e-05, "1": {"n": 1.4523441428045392, "loss": 0.00010286029381055642, "neff": 1.4533626094044496, "mode_effective_area": 6.557952087011589e-11, "TE_polarization_fraction": 0.9999999210452214}, "2": {"n": 1.4523441428045392, "loss": 0.00011461866634939518, "neff": 1.4533608657797445, "mode_effective_area": 6.561472212100727e-11, "TE_polarization_fraction": 7.989712334179474e-08}, "3": {"n": 1.4523441428045392, "loss": 0.9249605004121733, "neff": 1.452168227616176, "mode_effective_area": 1.0652185619476051e-10, "TE_polarization_fraction": 0.99692481658024}, "4": {"n": 1.4523441428045392, "loss": 0.9331421005439201, "neff": 1.4521677977472522, "mode_effective_area": 1.075170490323239e-10, "TE_polarization_fraction": 0.009985306781577141}, "5": {"n": 1.4523441428045392, "loss": 0.5026973425441866, "neff": 1.4521624788905436, "mode_effective_area": 1.0633764805685854e-10, "TE_polarization_fraction": 0.9900949384260095}, "6": {"n": 1.4523441428045392, "loss": 0.5063115448273593, "neff": 1.4521607209566563, "mode_effective_area": 1.061443561875028e-10, "TE_polarization_fraction": 0.003126451244228655}}