{"wavelength": 870, "bend_radius": 0.005, "cladding_n": 1.4521927938551105, "core_n": 1.4541927938551105, "trench_n": 1.4471927938551106, "deltan_core": 0.002, "deltan_ring": 0.005, "core_radius": 4.15e-06, "trench_ID": 9.96e-06, "trench_OD": 1.4940000000000001e-05, "1": {"n": 1.4521927938551105, "loss": 9.528755699956758, "neff": 1.4536142839400843, "mode_effective_area": 8.451162564448914e-11, "TE_polarization_fraction": 0.9999997693941083}, "2": {"n": 1.4521927938551105, "loss": 9.608455152408387, "neff": 1.4536136399673374, "mode_effective_area": 8.475121012544148e-11, "TE_polarization_fraction": 4.553271558877075e-07}, "3": {"n": 1.4521927938551105, "loss": 98.50025697072864, "neff": 1.4527844344932948, "mode_effective_area": 9.416846841371207e-11, "TE_polarization_fraction": 9.378244226939418e-06}, "4": {"n": 1.4521927938551105, "loss": 98.69700614406912, "neff": 1.452784092605218, "mode_effective_area": 9.443831075670383e-11, "TE_polarization_fraction": 0.9999998264164434}, "5": {"n": 1.4521927938551105, "loss": 46.00314742324747, "neff": 1.452567535061836, "mode_effective_area": 1.2001009086033742e-10, "TE_polarization_fraction": 0.9999925069703427}, "6": {"n": 1.4521927938551105, "loss": 46.14110273643564, "neff": 1.4525675238946993, "mode_effective_area": 1.2004532805063532e-10, "TE_polarization_fraction": 2.2205374306135273e-06}}