{"wavelength": 870, "bend_radius": 0.045, "cladding_n": 1.4521927938551105, "core_n": 1.4541927938551105, "trench_n": 1.4471927938551106, "deltan_core": 0.002, "deltan_ring": 0.005, "core_radius": 4.15e-06, "trench_ID": 9.96e-06, "trench_OD": 1.4940000000000001e-05, "1": {"n": 1.4521927938551105, "loss": 4.709989870672418e-06, "neff": 1.4531937380461366, "mode_effective_area": 6.636941011311975e-11, "TE_polarization_fraction": 0.999999920660567}, "2": {"n": 1.4521927938551105, "loss": 6.080775428121593e-06, "neff": 1.4531920008295403, "mode_effective_area": 6.64081929670416e-11, "TE_polarization_fraction": 7.961962889758421e-08}, "3": {"n": 1.4521927938551105, "loss": 0.8285899787979343, "neff": 1.4519848507506201, "mode_effective_area": 1.0867322215839472e-10, "TE_polarization_fraction": 0.992079124323576}, "4": {"n": 1.4521927938551105, "loss": 0.8201595278125798, "neff": 1.4519844701648263, "mode_effective_area": 1.1293506361272539e-10, "TE_polarization_fraction": 0.037533676307459136}, "5": {"n": 1.4521927938551105, "loss": 0.5410462279503363, "neff": 1.451981646848302, "mode_effective_area": 1.1210783114597447e-10, "TE_polarization_fraction": 0.9626315763292523}, "6": {"n": 1.4521927938551105, "loss": 0.5392521440014462, "neff": 1.451979998110642, "mode_effective_area": 1.0862315156118874e-10, "TE_polarization_fraction": 0.008011302927100459}}