{"wavelength": 870, "bend_radius": 0.3, "cladding_n": 1.4521927938551105, "core_n": 1.4541927938551105, "trench_n": 1.4471927938551106, "deltan_core": 0.002, "deltan_ring": 0.005, "core_radius": 4.15e-06, "trench_ID": 9.96e-06, "trench_OD": 1.4940000000000001e-05, "1": {"n": 1.4521927938551105, "loss": 1.362330092749819e-12, "neff": 1.453189254305086, "mode_effective_area": 6.630147755112034e-11, "TE_polarization_fraction": 0.999999923204298}, "2": {"n": 1.4521927938551105, "loss": -4.551733882117077e-13, "neff": 1.4531875076004552, "mode_effective_area": 6.63407243276778e-11, "TE_polarization_fraction": 7.629798038177999e-08}, "3": {"n": 1.4521927938551105, "loss": 0.4656342318035136, "neff": 1.4519755990621395, "mode_effective_area": 1.1773880714353927e-10, "TE_polarization_fraction": 0.9185291420736985}, "4": {"n": 1.4521927938551105, "loss": 0.385985363985756, "neff": 1.451974499967207, "mode_effective_area": 1.392071145665185e-10, "TE_polarization_fraction": 0.7726405195006603}, "5": {"n": 1.4521927938551105, "loss": 0.4826130403785368, "neff": 1.4519736243341244, "mode_effective_area": 1.1829455523580105e-10, "TE_polarization_fraction": 0.08136497970443488}, "6": {"n": 1.4521927938551105, "loss": 0.43026978476914185, "neff": 1.451973459136318, "mode_effective_area": 1.3952535003059338e-10, "TE_polarization_fraction": 0.2280563472433818}}