{"wavelength": 870, "bend_radius": 0.03, "cladding_n": 1.4521927938551105, "core_n": 1.4541927938551105, "trench_n": 1.4471927938551106, "deltan_core": 0.002, "deltan_ring": 0.005, "core_radius": 4.15e-06, "trench_ID": 9.96e-06, "trench_OD": 1.4940000000000001e-05, "1": {"n": 1.4521927938551105, "loss": 0.0008195209258609803, "neff": 1.4531994888178432, "mode_effective_area": 6.646173912642496e-11, "TE_polarization_fraction": 0.9999999174158627}, "2": {"n": 1.4521927938551105, "loss": 0.0008066534470486334, "neff": 1.4531977638434752, "mode_effective_area": 6.650003446611021e-11, "TE_polarization_fraction": 8.385719369439943e-08}, "3": {"n": 1.4521927938551105, "loss": 1.3717304900186862, "neff": 1.4519984227495695, "mode_effective_area": 1.0896539868260829e-10, "TE_polarization_fraction": 0.998299516133443}, "4": {"n": 1.4521927938551105, "loss": 1.3811054140772843, "neff": 1.4519980279521403, "mode_effective_area": 1.0937537033856791e-10, "TE_polarization_fraction": 0.004251702697122719}, "5": {"n": 1.4521927938551105, "loss": 0.6986106985524733, "neff": 1.4519898389447712, "mode_effective_area": 1.0817592935207598e-10, "TE_polarization_fraction": 0.9957989700477298}, "6": {"n": 1.4521927938551105, "loss": 0.7050686862518516, "neff": 1.4519881713812506, "mode_effective_area": 1.0856461861319853e-10, "TE_polarization_fraction": 0.0017369199197203463}}