{"wavelength": 870, "bend_radius": 0.025, "cladding_n": 1.4521927938551105, "core_n": 1.4541927938551105, "trench_n": 1.4471927938551106, "deltan_core": 0.002, "deltan_ring": 0.005, "core_radius": 4.15e-06, "trench_ID": 9.96e-06, "trench_OD": 1.4940000000000001e-05, "1": {"n": 1.4521927938551105, "loss": 0.0033606603872664512, "neff": 1.4532040572560885, "mode_effective_area": 6.653925560297212e-11, "TE_polarization_fraction": 0.9999999148530103}, "2": {"n": 1.4521927938551105, "loss": 0.00342590041296103, "neff": 1.4532023420560822, "mode_effective_area": 6.657725104382231e-11, "TE_polarization_fraction": 8.72068666824379e-08}, "3": {"n": 1.4521927938551105, "loss": 1.8207234953255982, "neff": 1.452009254441128, "mode_effective_area": 1.0965919209480459e-10, "TE_polarization_fraction": 0.9991856515582788}, "4": {"n": 1.4521927938551105, "loss": 1.8320187168747577, "neff": 1.4520088812635994, "mode_effective_area": 1.0985904151914369e-10, "TE_polarization_fraction": 0.0017832886566556045}, "5": {"n": 1.4521927938551105, "loss": 0.8323718482691644, "neff": 1.4519963184214777, "mode_effective_area": 1.0849034297034152e-10, "TE_polarization_fraction": 0.9982484864190705}, "6": {"n": 1.4521927938551105, "loss": 0.8407471072336001, "neff": 1.451994668761021, "mode_effective_area": 1.0909912612118172e-10, "TE_polarization_fraction": 0.0008384707135429925}}