{"wavelength": 870, "bend_radius": 0.04, "cladding_n": 1.4521927938551105, "core_n": 1.4541927938551105, "trench_n": 1.4471927938551106, "deltan_core": 0.002, "deltan_ring": 0.005, "core_radius": 4.15e-06, "trench_ID": 9.96e-06, "trench_OD": 1.4940000000000001e-05, "1": {"n": 1.4521927938551105, "loss": 3.416847274645073e-05, "neff": 1.4531949584682935, "mode_effective_area": 6.638851399125485e-11, "TE_polarization_fraction": 0.9999999199702786}, "2": {"n": 1.4521927938551105, "loss": 3.0506745334171943e-05, "neff": 1.4531932238424414, "mode_effective_area": 6.642718317600313e-11, "TE_polarization_fraction": 8.052099051215085e-08}, "3": {"n": 1.4521927938551105, "loss": 0.9460707012945015, "neff": 1.4519877225528959, "mode_effective_area": 1.0854041917463167e-10, "TE_polarization_fraction": 0.9948531480553514}, "4": {"n": 1.4521927938551105, "loss": 0.9455801434372156, "neff": 1.451987325906721, "mode_effective_area": 1.1053992451827706e-10, "TE_polarization_fraction": 0.018983995989827373}, "5": {"n": 1.4521927938551105, "loss": 0.57194366200072, "neff": 1.4519833997888474, "mode_effective_area": 1.0961746335048162e-10, "TE_polarization_fraction": 0.9811302760804552}, "6": {"n": 1.4521927938551105, "loss": 0.5744845179741664, "neff": 1.45198173389052, "mode_effective_area": 1.0840149815233838e-10, "TE_polarization_fraction": 0.005216452311703065}}