{"wavelength": 870, "bend_radius": 0.2, "cladding_n": 1.4521927938551105, "core_n": 1.4541927938551105, "trench_n": 1.4471927938551106, "deltan_core": 0.002, "deltan_ring": 0.005, "core_radius": 4.15e-06, "trench_ID": 9.96e-06, "trench_OD": 1.4940000000000001e-05, "1": {"n": 1.4521927938551105, "loss": 4.667352965002787e-12, "neff": 1.4531893831504865, "mode_effective_area": 6.630338035512396e-11, "TE_polarization_fraction": 0.999999923131035}, "2": {"n": 1.4521927938551105, "loss": 6.782488566221189e-12, "neff": 1.453187636717851, "mode_effective_area": 6.634261277133878e-11, "TE_polarization_fraction": 7.639366010048313e-08}, "3": {"n": 1.4521927938551105, "loss": 0.4558860074536635, "neff": 1.4519757902798884, "mode_effective_area": 1.1926343574584336e-10, "TE_polarization_fraction": 0.9081322068339356}, "4": {"n": 1.4521927938551105, "loss": 0.47288271677205534, "neff": 1.4519747783256614, "mode_effective_area": 1.3417325815591718e-10, "TE_polarization_fraction": 0.8098750913774597}, "5": {"n": 1.4521927938551105, "loss": 0.4739684185291164, "neff": 1.451973920558498, "mode_effective_area": 1.1984270450293114e-10, "TE_polarization_fraction": 0.09176779538721055}, "6": {"n": 1.4521927938551105, "loss": 0.48222064790961483, "neff": 1.4519736670666956, "mode_effective_area": 1.3449526015957772e-10, "TE_polarization_fraction": 0.1908036117336359}}