{"wavelength": 870, "bend_radius": 0.05, "cladding_n": 1.4521927938551105, "core_n": 1.4541927938551105, "trench_n": 1.4471927938551106, "deltan_core": 0.002, "deltan_ring": 0.005, "core_radius": 4.15e-06, "trench_ID": 9.96e-06, "trench_OD": 1.4940000000000001e-05, "1": {"n": 1.4521927938551105, "loss": 8.451672827262294e-07, "neff": 1.453192865604851, "mode_effective_area": 6.635591481616604e-11, "TE_polarization_fraction": 0.999999921154579}, "2": {"n": 1.4521927938551105, "loss": 1.0323990052415881e-06, "neff": 1.4531911265507245, "mode_effective_area": 6.6394782178614e-11, "TE_polarization_fraction": 7.897457297535062e-08}, "3": {"n": 1.4521927938551105, "loss": 0.73967599405022, "neff": 1.4519828023282715, "mode_effective_area": 1.0899196033894887e-10, "TE_polarization_fraction": 0.9885084849922408}, "4": {"n": 1.4521927938551105, "loss": 0.7297667303895372, "neff": 1.4519824517482987, "mode_effective_area": 1.1773297857618836e-10, "TE_polarization_fraction": 0.07198108527571226}, "5": {"n": 1.4521927938551105, "loss": 0.5236468061266233, "neff": 1.4519803732400063, "mode_effective_area": 1.169843053445347e-10, "TE_polarization_fraction": 0.9282500960426721}, "6": {"n": 1.4521927938551105, "loss": 0.5156576935877988, "neff": 1.4519787552941041, "mode_effective_area": 1.0901092021145852e-10, "TE_polarization_fraction": 0.011605321778046138}}