{"wavelength": 870, "bend_radius": 0.075, "cladding_n": 1.4521927938551105, "core_n": 1.4541927938551105, "trench_n": 1.4471927938551106, "deltan_core": 0.002, "deltan_ring": 0.005, "core_radius": 4.15e-06, "trench_ID": 9.96e-06, "trench_OD": 1.4940000000000001e-05, "1": {"n": 1.4521927938551105, "loss": -7.655125233846087e-10, "neff": 1.4531908010819912, "mode_effective_area": 6.632451323177246e-11, "TE_polarization_fraction": 0.9999999223254263}, "2": {"n": 1.4521927938551105, "loss": 7.002647188454002e-10, "neff": 1.4531890576451876, "mode_effective_area": 6.636359163436665e-11, "TE_polarization_fraction": 7.744570249308563e-08}, "3": {"n": 1.4521927938551105, "loss": 0.4853053822139097, "neff": 1.4519780685853443, "mode_effective_area": 1.5699073255070255e-10, "TE_polarization_fraction": 0.5844582445725988}, "4": {"n": 1.4521927938551105, "loss": 0.5284256466148941, "neff": 1.4519779856331834, "mode_effective_area": 1.1276752140118708e-10, "TE_polarization_fraction": 0.9591477469495036}, "5": {"n": 1.4521927938551105, "loss": 0.4994617948462255, "neff": 1.4519769756478331, "mode_effective_area": 1.574246301141125e-10, "TE_polarization_fraction": 0.4157466757071972}, "6": {"n": 1.4521927938551105, "loss": 0.4629745521915558, "neff": 1.4519757926231038, "mode_effective_area": 1.1297366343650287e-10, "TE_polarization_fraction": 0.04110750584607776}}