{"wavelength": 870, "bend_radius": 0.02, "cladding_n": 1.4521927938551105, "core_n": 1.4541927938551105, "trench_n": 1.4471927938551106, "deltan_core": 0.002, "deltan_ring": 0.005, "core_radius": 4.15e-06, "trench_ID": 9.96e-06, "trench_OD": 1.4940000000000001e-05, "1": {"n": 1.4521927938551105, "loss": 0.012382370034463437, "neff": 1.4532124998629732, "mode_effective_area": 6.669213567124725e-11, "TE_polarization_fraction": 0.9999999101523687}, "2": {"n": 1.4521927938551105, "loss": 0.012628717081595565, "neff": 1.4532108028669677, "mode_effective_area": 6.672978034649627e-11, "TE_polarization_fraction": 9.336290216570115e-08}, "3": {"n": 1.4521927938551105, "loss": 2.711165526126002, "neff": 1.452029342029745, "mode_effective_area": 1.10824645866827e-10, "TE_polarization_fraction": 0.9996811950107929}, "4": {"n": 1.4521927938551105, "loss": 2.7311916139060086, "neff": 1.4520290161728264, "mode_effective_area": 1.1095112841696738e-10, "TE_polarization_fraction": 0.0006445787668375038}, "5": {"n": 1.4521927938551105, "loss": 1.0924223075399282, "neff": 1.4520083130587298, "mode_effective_area": 1.0954914648762257e-10, "TE_polarization_fraction": 0.999373866546962}, "6": {"n": 1.4521927938551105, "loss": 1.1031823230462903, "neff": 1.4520067045223797, "mode_effective_area": 1.1024061342287179e-10, "TE_polarization_fraction": 0.0003333145189666792}}