{"wavelength": 870, "bend_radius": 0.1, "cladding_n": 1.4521927938551105, "core_n": 1.4541927938551105, "trench_n": 1.4471927938551106, "deltan_core": 0.002, "deltan_ring": 0.005, "core_radius": 4.15e-06, "trench_ID": 9.96e-06, "trench_OD": 1.4940000000000001e-05, "1": {"n": 1.4521927938551105, "loss": -2.6606106330561642e-11, "neff": 1.4531900790810124, "mode_effective_area": 6.631370836867093e-11, "TE_polarization_fraction": 0.999999922735489}, "2": {"n": 1.4521927938551105, "loss": 1.9737318813753927e-11, "neff": 1.4531883341181664, "mode_effective_area": 6.635286427288394e-11, "TE_polarization_fraction": 7.691021603898567e-08}, "3": {"n": 1.4521927938551105, "loss": 0.45011283022098164, "neff": 1.4519768560482817, "mode_effective_area": 1.3287804215364906e-10, "TE_polarization_fraction": 0.8138477957394921}, "4": {"n": 1.4521927938551105, "loss": 0.4503264625785588, "neff": 1.451976328540657, "mode_effective_area": 1.1846343888731603e-10, "TE_polarization_fraction": 0.9191026887820773}, "5": {"n": 1.4521927938551105, "loss": 0.4454542130336566, "neff": 1.451975470521063, "mode_effective_area": 1.335288726974369e-10, "TE_polarization_fraction": 0.18614862146330385}, "6": {"n": 1.4521927938551105, "loss": 0.4581877408685981, "neff": 1.451974732927885, "mode_effective_area": 1.1874968667257923e-10, "TE_polarization_fraction": 0.08128919526674407}}