{"wavelength": 870, "bend_radius": 0.015, "cladding_n": 1.4521927938551105, "core_n": 1.4541927938551105, "trench_n": 1.4471927938551106, "deltan_core": 0.002, "deltan_ring": 0.005, "core_radius": 4.15e-06, "trench_ID": 9.96e-06, "trench_OD": 1.4940000000000001e-05, "1": {"n": 1.4521927938551105, "loss": 0.04435006752299346, "neff": 1.4532308885433611, "mode_effective_area": 6.706799546038428e-11, "TE_polarization_fraction": 0.999999900085102}, "2": {"n": 1.4521927938551105, "loss": 0.04491990346725449, "neff": 1.453229231810888, "mode_effective_area": 6.710577085832621e-11, "TE_polarization_fraction": 1.0664734813652544e-07}, "3": {"n": 1.4521927938551105, "loss": 4.974966817502311, "neff": 1.4520732138304926, "mode_effective_area": 1.123011424704952e-10, "TE_polarization_fraction": 0.9999117307152188}, "4": {"n": 1.4521927938551105, "loss": 5.0094604945412184, "neff": 1.4520729938788344, "mode_effective_area": 1.1240506136145943e-10, "TE_polarization_fraction": 0.00018165584163767085}, "5": {"n": 1.4521927938551105, "loss": 1.7342461515125938, "neff": 1.4520345619714183, "mode_effective_area": 1.1207626209693318e-10, "TE_polarization_fraction": 0.9998276627336627}, "6": {"n": 1.4521927938551105, "loss": 1.7501071031618634, "neff": 1.452033048710031, "mode_effective_area": 1.1277961685661664e-10, "TE_polarization_fraction": 9.573386322204228e-05}}