{"wavelength": 870, "bend_radius": 0.01, "cladding_n": 1.4521927938551105, "core_n": 1.4541927938551105, "trench_n": 1.4471927938551106, "deltan_core": 0.002, "deltan_ring": 0.005, "core_radius": 4.15e-06, "trench_ID": 9.96e-06, "trench_OD": 1.4940000000000001e-05, "1": {"n": 1.4521927938551105, "loss": 0.23427761732310767, "neff": 1.453284633742162, "mode_effective_area": 6.849784982972724e-11, "TE_polarization_fraction": 0.9999998722261794}, "2": {"n": 1.4521927938551105, "loss": 0.2371851595174263, "neff": 1.4532830997396133, "mode_effective_area": 6.854301980993795e-11, "TE_polarization_fraction": 1.4510575466927015e-07}, "3": {"n": 1.4521927938551105, "loss": 13.97509118381998, "neff": 1.4521995161325818, "mode_effective_area": 1.1035368767436583e-10, "TE_polarization_fraction": 3.4462231212027954e-05}, "4": {"n": 1.4521927938551105, "loss": 13.908357128882805, "neff": 1.4521994700662226, "mode_effective_area": 1.103556712732304e-10, "TE_polarization_fraction": 0.9999886989527796}, "5": {"n": 1.4521927938551105, "loss": 4.351150114205293, "neff": 1.4521119979237755, "mode_effective_area": 1.18744712659688e-10, "TE_polarization_fraction": 0.9999692335579536}, "6": {"n": 1.4521927938551105, "loss": 4.385271929579314, "neff": 1.4521107584631134, "mode_effective_area": 1.193768127421451e-10, "TE_polarization_fraction": 1.4307047315337368e-05}}