{"wavelength": 870, "bend_radius": 0, "cladding_n": 1.4521927938551105, "core_n": 1.4541927938551105, "trench_n": 1.4471927938551106, "deltan_core": 0.002, "deltan_ring": 0.005, "core_radius": 4.15e-06, "trench_ID": 9.96e-06, "trench_OD": 1.4940000000000001e-05, "1": {"n": 1.4521927938551105, "loss": -5.8711704959619524e-12, "neff": 1.4531891512356485, "mode_effective_area": 6.629995750967743e-11, "TE_polarization_fraction": 0.9999999232629113}, "2": {"n": 1.4521927938551105, "loss": -4.020445577344207e-12, "neff": 1.453187404313464, "mode_effective_area": 6.633921581756688e-11, "TE_polarization_fraction": 7.622143179264253e-08}, "3": {"n": 1.4521927938551105, "loss": 0.5153327148480786, "neff": 1.4519754454220486, "mode_effective_area": 1.1674329826114653e-10, "TE_polarization_fraction": 0.9252774807517238}, "4": {"n": 1.4521927938551105, "loss": 0.4226737387738083, "neff": 1.4519742814040169, "mode_effective_area": 1.437285540776701e-10, "TE_polarization_fraction": 0.7369600416682429}, "5": {"n": 1.4521927938551105, "loss": 0.527255506252741, "neff": 1.4519733905603769, "mode_effective_area": 1.1727270955322908e-10, "TE_polarization_fraction": 0.07462521155133406}, "6": {"n": 1.4521927938551105, "loss": 0.43348260522728527, "neff": 1.4519732901971198, "mode_effective_area": 1.4404030199388818e-10, "TE_polarization_fraction": 0.26378983535524525}}