{"wavelength": 870, "bend_radius": 0.035, "cladding_n": 1.4521927938551105, "core_n": 1.4541927938551105, "trench_n": 1.4471927938551106, "deltan_core": 0.002, "deltan_ring": 0.005, "core_radius": 4.15e-06, "trench_ID": 9.96e-06, "trench_OD": 1.4940000000000001e-05, "1": {"n": 1.4521927938551105, "loss": 0.00015408534561104915, "neff": 1.4531967401170447, "mode_effective_area": 6.641687577161996e-11, "TE_polarization_fraction": 0.9999999189641876}, "2": {"n": 1.4521927938551105, "loss": 0.00017224984196069856, "neff": 1.4531950092797274, "mode_effective_area": 6.645538993560949e-11, "TE_polarization_fraction": 8.1834816996035e-08}, "3": {"n": 1.4521927938551105, "loss": 1.1117011490974344, "neff": 1.4519919243894326, "mode_effective_area": 1.0862147128959337e-10, "TE_polarization_fraction": 0.9968946794463135}, "4": {"n": 1.4521927938551105, "loss": 1.1217254573903617, "neff": 1.4519915230095863, "mode_effective_area": 1.0953104098530628e-10, "TE_polarization_fraction": 0.009247077539578244}, "5": {"n": 1.4521927938551105, "loss": 0.6209902865281821, "neff": 1.4519859377028332, "mode_effective_area": 1.084861487765118e-10, "TE_polarization_fraction": 0.9908301097174388}, "6": {"n": 1.4521927938551105, "loss": 0.6256783287552997, "neff": 1.4519842656635746, "mode_effective_area": 1.0836711517660273e-10, "TE_polarization_fraction": 0.0031568959321911605}}