{"wavelength": 880, "bend_radius": 0.04, "cladding_n": 1.452044078932333, "core_n": 1.454044078932333, "trench_n": 1.447044078932333, "deltan_core": 0.002, "deltan_ring": 0.005, "core_radius": 4.15e-06, "trench_ID": 9.96e-06, "trench_OD": 1.4940000000000001e-05, "1": {"n": 1.452044078932333, "loss": 5.4031076154478365e-05, "neff": 1.4530317518881164, "mode_effective_area": 6.723239010639214e-11, "TE_polarization_fraction": 0.9999999179108713}, "2": {"n": 1.452044078932333, "loss": 4.8194344040866515e-05, "neff": 1.453030030245514, "mode_effective_area": 6.727431768642843e-11, "TE_polarization_fraction": 8.24740044865443e-08}, "3": {"n": 1.452044078932333, "loss": 1.1348704323158156, "neff": 1.4518141401900768, "mode_effective_area": 1.1066326913106541e-10, "TE_polarization_fraction": 0.9947676072277652}, "4": {"n": 1.452044078932333, "loss": 1.1347715930468836, "neff": 1.45181376990015, "mode_effective_area": 1.1247595858645774e-10, "TE_polarization_fraction": 0.017491174456907736}, "5": {"n": 1.452044078932333, "loss": 0.7053957468396183, "neff": 1.4518096381352672, "mode_effective_area": 1.1166442249746067e-10, "TE_polarization_fraction": 0.9826185055525063}, "6": {"n": 1.452044078932333, "loss": 0.7093288994116701, "neff": 1.4518080552063761, "mode_effective_area": 1.1062287629502055e-10, "TE_polarization_fraction": 0.005302611798531878}}