{"wavelength": 880, "bend_radius": 0.3, "cladding_n": 1.452044078932333, "core_n": 1.454044078932333, "trench_n": 1.447044078932333, "deltan_core": 0.002, "deltan_ring": 0.005, "core_radius": 4.15e-06, "trench_ID": 9.96e-06, "trench_OD": 1.4940000000000001e-05, "1": {"n": 1.452044078932333, "loss": 4.1428360104850695e-12, "neff": 1.4530260175411884, "mode_effective_area": 6.713573060235865e-11, "TE_polarization_fraction": 0.9999999211987395}, "2": {"n": 1.452044078932333, "loss": 7.892162409633824e-13, "neff": 1.4530242836965797, "mode_effective_area": 6.717815506384518e-11, "TE_polarization_fraction": 7.829713674538537e-08}, "3": {"n": 1.452044078932333, "loss": 0.6489808773186092, "neff": 1.451801752554203, "mode_effective_area": 1.2125972113821502e-10, "TE_polarization_fraction": 0.9114613140304781}, "4": {"n": 1.452044078932333, "loss": 0.6074781389902342, "neff": 1.4518007078984347, "mode_effective_area": 1.4482971078225329e-10, "TE_polarization_fraction": 0.752253262230235}, "5": {"n": 1.452044078932333, "loss": 0.5230725454808404, "neff": 1.4517998316544176, "mode_effective_area": 1.217898151393993e-10, "TE_polarization_fraction": 0.08847311874302927}, "6": {"n": 1.452044078932333, "loss": 0.5580900268687838, "neff": 1.4517996716706623, "mode_effective_area": 1.4511965347211968e-10, "TE_polarization_fraction": 0.2485858068395693}}