{"wavelength": 880, "bend_radius": 0.1, "cladding_n": 1.452044078932333, "core_n": 1.454044078932333, "trench_n": 1.447044078932333, "deltan_core": 0.002, "deltan_ring": 0.005, "core_radius": 4.15e-06, "trench_ID": 9.96e-06, "trench_OD": 1.4940000000000001e-05, "1": {"n": 1.452044078932333, "loss": -5.2722750451071505e-11, "neff": 1.4530268466571965, "mode_effective_area": 6.714935670745168e-11, "TE_polarization_fraction": 0.9999999207220372}, "2": {"n": 1.452044078932333, "loss": 4.253396181057914e-11, "neff": 1.4530251145721567, "mode_effective_area": 6.719170200276807e-11, "TE_polarization_fraction": 7.890247255358624e-08}, "3": {"n": 1.452044078932333, "loss": 0.571957691800376, "neff": 1.4518030369121606, "mode_effective_area": 1.3895062072848705e-10, "TE_polarization_fraction": 0.7902499398898133}, "4": {"n": 1.452044078932333, "loss": 0.5591679478152047, "neff": 1.4518025575412992, "mode_effective_area": 1.2173196683026534e-10, "TE_polarization_fraction": 0.9135332002793722}, "5": {"n": 1.452044078932333, "loss": 0.555435552726314, "neff": 1.4518016986120517, "mode_effective_area": 1.395762097184053e-10, "TE_polarization_fraction": 0.20977198926741877}, "6": {"n": 1.452044078932333, "loss": 0.5837165741439789, "neff": 1.4518009702697379, "mode_effective_area": 1.2203560234962911e-10, "TE_polarization_fraction": 0.0868685258525262}}