{"wavelength": 880, "bend_radius": 0.045, "cladding_n": 1.452044078932333, "core_n": 1.454044078932333, "trench_n": 1.447044078932333, "deltan_core": 0.002, "deltan_ring": 0.005, "core_radius": 4.15e-06, "trench_ID": 9.96e-06, "trench_OD": 1.4940000000000001e-05, "1": {"n": 1.452044078932333, "loss": 8.084752160478543e-06, "neff": 1.4530305249752613, "mode_effective_area": 6.721123222024252e-11, "TE_polarization_fraction": 0.9999999186125352}, "2": {"n": 1.452044078932333, "loss": 1.0100450572912165e-05, "neff": 1.4530288007154821, "mode_effective_area": 6.725325626192723e-11, "TE_polarization_fraction": 8.158220434323492e-08}, "3": {"n": 1.452044078932333, "loss": 0.9971369809683641, "neff": 1.451811221075075, "mode_effective_area": 1.1083985753346635e-10, "TE_polarization_fraction": 0.9919118604082647}, "4": {"n": 1.452044078932333, "loss": 0.9886616578830493, "neff": 1.4518108645088792, "mode_effective_area": 1.1463401850607583e-10, "TE_polarization_fraction": 0.03391405937413806}, "5": {"n": 1.452044078932333, "loss": 0.6693937134955907, "neff": 1.4518078679209734, "mode_effective_area": 1.1389639707209955e-10, "TE_polarization_fraction": 0.9662431220138611}, "6": {"n": 1.452044078932333, "loss": 0.6690337217096902, "neff": 1.4518063000286998, "mode_effective_area": 1.1086725453548085e-10, "TE_polarization_fraction": 0.00817949750351163}}