{"wavelength": 880, "bend_radius": 0.05, "cladding_n": 1.452044078932333, "core_n": 1.454044078932333, "trench_n": 1.447044078932333, "deltan_core": 0.002, "deltan_ring": 0.005, "core_radius": 4.15e-06, "trench_ID": 9.96e-06, "trench_OD": 1.4940000000000001e-05, "1": {"n": 1.452044078932333, "loss": 1.4499730389687424e-06, "neff": 1.4530296479048426, "mode_effective_area": 6.719626711895149e-11, "TE_polarization_fraction": 0.9999999191147275}, "2": {"n": 1.452044078932333, "loss": 1.878043596270735e-06, "neff": 1.4530279217888675, "mode_effective_area": 6.723836336501252e-11, "TE_polarization_fraction": 8.094408763728207e-08}, "3": {"n": 1.452044078932333, "loss": 0.8927757722868676, "neff": 1.4518091384302616, "mode_effective_area": 1.112050716608472e-10, "TE_polarization_fraction": 0.9882103846217372}, "4": {"n": 1.452044078932333, "loss": 0.8840271441873009, "neff": 1.4518088078350773, "mode_effective_area": 1.1884872275485022e-10, "TE_polarization_fraction": 0.06366949296998474}, "5": {"n": 1.452044078932333, "loss": 0.6487874015549018, "neff": 1.4518065841027, "mode_effective_area": 1.1817317810755305e-10, "TE_polarization_fraction": 0.9365491365235372}, "6": {"n": 1.452044078932333, "loss": 0.6424452376443666, "neff": 1.4518050431170209, "mode_effective_area": 1.1128673718547008e-10, "TE_polarization_fraction": 0.011904772013008463}}