{"wavelength": 880, "bend_radius": 0.035, "cladding_n": 1.452044078932333, "core_n": 1.454044078932333, "trench_n": 1.447044078932333, "deltan_core": 0.002, "deltan_ring": 0.005, "core_radius": 4.15e-06, "trench_ID": 9.96e-06, "trench_OD": 1.4940000000000001e-05, "1": {"n": 1.452044078932333, "loss": 0.00022805564891861156, "neff": 1.4530335430443388, "mode_effective_area": 6.726374612074704e-11, "TE_polarization_fraction": 0.9999999168883162}, "2": {"n": 1.452044078932333, "loss": 0.0002554495246646745, "neff": 1.4530318252288252, "mode_effective_area": 6.730554417317138e-11, "TE_polarization_fraction": 8.377417878213384e-08}, "3": {"n": 1.452044078932333, "loss": 1.328558562174387, "neff": 1.451818409684392, "mode_effective_area": 1.1069653969712319e-10, "TE_polarization_fraction": 0.9968555224780106}, "4": {"n": 1.452044078932333, "loss": 1.3406244565441452, "neff": 1.4518180359200874, "mode_effective_area": 1.1153699379860632e-10, "TE_polarization_fraction": 0.00866300800076528}, "5": {"n": 1.452044078932333, "loss": 0.7621774606174185, "neff": 1.4518122029638185, "mode_effective_area": 1.1063461046888106e-10, "TE_polarization_fraction": 0.9914117491485946}, "6": {"n": 1.452044078932333, "loss": 0.7680589596752276, "neff": 1.4518106148886052, "mode_effective_area": 1.1057195572997553e-10, "TE_polarization_fraction": 0.003196458179048796}}