{"wavelength": 880, "bend_radius": 0.03, "cladding_n": 1.452044078932333, "core_n": 1.454044078932333, "trench_n": 1.447044078932333, "deltan_core": 0.002, "deltan_ring": 0.005, "core_radius": 4.15e-06, "trench_ID": 9.96e-06, "trench_OD": 1.4940000000000001e-05, "1": {"n": 1.452044078932333, "loss": 0.0011447686409120673, "neff": 1.4530363064838003, "mode_effective_area": 6.731322033763686e-11, "TE_polarization_fraction": 0.9999999153149174}, "2": {"n": 1.452044078932333, "loss": 0.0011260220732235, "neff": 1.4530345945909773, "mode_effective_area": 6.735483784861322e-11, "TE_polarization_fraction": 8.577621772771474e-08}, "3": {"n": 1.452044078932333, "loss": 1.63168375101264, "neff": 1.4518250088318108, "mode_effective_area": 1.1097807803747333e-10, "TE_polarization_fraction": 0.9982837100028392}, "4": {"n": 1.452044078932333, "loss": 1.643200849558986, "neff": 1.4518246421887144, "mode_effective_area": 1.1136586935265217e-10, "TE_polarization_fraction": 0.004040130127477379}, "5": {"n": 1.452044078932333, "loss": 0.8520656679217137, "neff": 1.4518161464393309, "mode_effective_area": 1.1035869715723475e-10, "TE_polarization_fraction": 0.9960093536292529}, "6": {"n": 1.452044078932333, "loss": 0.8597220194015195, "neff": 1.451814563019287, "mode_effective_area": 1.1075597545302311e-10, "TE_polarization_fraction": 0.0017529941373822327}}