{"wavelength": 880, "bend_radius": 0.01, "cladding_n": 1.452044078932333, "core_n": 1.454044078932333, "trench_n": 1.447044078932333, "deltan_core": 0.002, "deltan_ring": 0.005, "core_radius": 4.15e-06, "trench_ID": 9.96e-06, "trench_OD": 1.4940000000000001e-05, "1": {"n": 1.452044078932333, "loss": 0.27662377542066025, "neff": 1.4531219394281725, "mode_effective_area": 6.94819384197675e-11, "TE_polarization_fraction": 0.9999998695313669}, "2": {"n": 1.452044078932333, "loss": 0.2800180712099757, "neff": 1.4531204202730645, "mode_effective_area": 6.953156285648802e-11, "TE_polarization_fraction": 1.468305743581394e-07}, "3": {"n": 1.452044078932333, "loss": 15.813744567705873, "neff": 1.45202739188311, "mode_effective_area": 1.1122933441609978e-10, "TE_polarization_fraction": 3.541839734817086e-05}, "4": {"n": 1.452044078932333, "loss": 15.741199683813788, "neff": 1.4520273308587575, "mode_effective_area": 1.1123939816332373e-10, "TE_polarization_fraction": 0.9999884566884514}, "5": {"n": 1.452044078932333, "loss": 5.0262735846590445, "neff": 1.4519393425309777, "mode_effective_area": 1.205724792175745e-10, "TE_polarization_fraction": 0.999968384598144}, "6": {"n": 1.452044078932333, "loss": 5.063408622941355, "neff": 1.4519381671722662, "mode_effective_area": 1.2118178424296242e-10, "TE_polarization_fraction": 1.4622812156055354e-05}}