{"wavelength": 880, "bend_radius": 0, "cladding_n": 1.452044078932333, "core_n": 1.454044078932333, "trench_n": 1.447044078932333, "deltan_core": 0.002, "deltan_ring": 0.005, "core_radius": 4.15e-06, "trench_ID": 9.96e-06, "trench_OD": 1.4940000000000001e-05, "1": {"n": 1.452044078932333, "loss": 7.428591443629068e-12, "neff": 1.4530259139299668, "mode_effective_area": 6.713403609934825e-11, "TE_polarization_fraction": 0.9999999212583418}, "2": {"n": 1.452044078932333, "loss": 6.3361046491685465e-12, "neff": 1.4530241798655823, "mode_effective_area": 6.717647062851319e-11, "TE_polarization_fraction": 7.822145581310251e-08}, "3": {"n": 1.452044078932333, "loss": 0.6150691444213627, "neff": 1.4518015961524873, "mode_effective_area": 1.2008652553878518e-10, "TE_polarization_fraction": 0.9191890001172337}, "4": {"n": 1.452044078932333, "loss": 0.536283848007767, "neff": 1.451800486602462, "mode_effective_area": 1.4965030726516567e-10, "TE_polarization_fraction": 0.7127405653214868}, "5": {"n": 1.452044078932333, "loss": 0.6318633794524819, "neff": 1.4517995934129166, "mode_effective_area": 1.206147359443701e-10, "TE_polarization_fraction": 0.08071253358791042}, "6": {"n": 1.452044078932333, "loss": 0.5480450052610725, "neff": 1.4517994975215283, "mode_effective_area": 1.4993853784811397e-10, "TE_polarization_fraction": 0.288020691319412}}