{"wavelength": 880, "bend_radius": 0.075, "cladding_n": 1.452044078932333, "core_n": 1.454044078932333, "trench_n": 1.447044078932333, "deltan_core": 0.002, "deltan_ring": 0.005, "core_radius": 4.15e-06, "trench_ID": 9.96e-06, "trench_OD": 1.4940000000000001e-05, "1": {"n": 1.452044078932333, "loss": -1.4634814191690747e-09, "neff": 1.453027572464204, "mode_effective_area": 6.716138186148757e-11, "TE_polarization_fraction": 0.9999999203050943}, "2": {"n": 1.452044078932333, "loss": 1.4153230752062134e-09, "neff": 1.4530258419207835, "mode_effective_area": 6.720365989381413e-11, "TE_polarization_fraction": 7.943198210225535e-08}, "3": {"n": 1.452044078932333, "loss": 0.6092120530806707, "neff": 1.4518042927918955, "mode_effective_area": 1.6220322650463444e-10, "TE_polarization_fraction": 0.5338489340247967}, "4": {"n": 1.452044078932333, "loss": 0.6452293324277939, "neff": 1.4518042408408374, "mode_effective_area": 1.1537111513495224e-10, "TE_polarization_fraction": 0.957081174926756}, "5": {"n": 1.452044078932333, "loss": 0.61514149959687, "neff": 1.4518032017996907, "mode_effective_area": 1.6250319844075094e-10, "TE_polarization_fraction": 0.466402073756011}, "6": {"n": 1.452044078932333, "loss": 0.5859206883824081, "neff": 1.4518020450187983, "mode_effective_area": 1.1560646771062763e-10, "TE_polarization_fraction": 0.04317931991193974}}