{"wavelength": 880, "bend_radius": 0.015, "cladding_n": 1.452044078932333, "core_n": 1.454044078932333, "trench_n": 1.447044078932333, "deltan_core": 0.002, "deltan_ring": 0.005, "core_radius": 4.15e-06, "trench_ID": 9.96e-06, "trench_OD": 1.4940000000000001e-05, "1": {"n": 1.452044078932333, "loss": 0.05388572032481747, "neff": 1.45306788001485, "mode_effective_area": 6.797090830650603e-11, "TE_polarization_fraction": 0.9999998977246668}, "2": {"n": 1.452044078932333, "loss": 0.054573593664841914, "neff": 1.453066237040942, "mode_effective_area": 6.80124422161067e-11, "TE_polarization_fraction": 1.0839740002521801e-07}, "3": {"n": 1.452044078932333, "loss": 5.757388939554882, "neff": 1.4519006453567531, "mode_effective_area": 1.1369987905509185e-10, "TE_polarization_fraction": 0.9999109361718698}, "4": {"n": 1.452044078932333, "loss": 5.796065895171857, "neff": 1.4519004499834576, "mode_effective_area": 1.1379959553589928e-10, "TE_polarization_fraction": 0.00018050756488963358}, "5": {"n": 1.452044078932333, "loss": 2.0503498133534483, "neff": 1.4518613181336657, "mode_effective_area": 1.1418282112147914e-10, "TE_polarization_fraction": 0.9998288479742372}, "6": {"n": 1.452044078932333, "loss": 2.068115671634615, "neff": 1.4518598821954183, "mode_effective_area": 1.1486595190954558e-10, "TE_polarization_fraction": 9.662764953170133e-05}}