{"wavelength": 880, "bend_radius": 0.025, "cladding_n": 1.452044078932333, "core_n": 1.454044078932333, "trench_n": 1.447044078932333, "deltan_core": 0.002, "deltan_ring": 0.005, "core_radius": 4.15e-06, "trench_ID": 9.96e-06, "trench_OD": 1.4940000000000001e-05, "1": {"n": 1.452044078932333, "loss": 0.00442158357874766, "neff": 1.4530408996034867, "mode_effective_area": 6.739836728860508e-11, "TE_polarization_fraction": 0.999999912711246}, "2": {"n": 1.452044078932333, "loss": 0.00450439643105414, "neff": 1.4530391975834942, "mode_effective_area": 6.743974909515928e-11, "TE_polarization_fraction": 8.909405735000336e-08}, "3": {"n": 1.452044078932333, "loss": 2.1529516256563337, "neff": 1.4518359980789262, "mode_effective_area": 1.1157511388052888e-10, "TE_polarization_fraction": 0.9991799548780557}, "4": {"n": 1.452044078932333, "loss": 2.1653647198532657, "neff": 1.451835653051188, "mode_effective_area": 1.1176974395298643e-10, "TE_polarization_fraction": 0.0017164716397656383}, "5": {"n": 1.452044078932333, "loss": 1.0074333012553958, "neff": 1.4518226955988072, "mode_effective_area": 1.1067694076952502e-10, "TE_polarization_fraction": 0.9983147975762223}, "6": {"n": 1.452044078932333, "loss": 1.0171598630764982, "neff": 1.4518211294628658, "mode_effective_area": 1.1127574353776686e-10, "TE_polarization_fraction": 0.0008443500607779024}}