{"wavelength": 880, "bend_radius": 0.02, "cladding_n": 1.452044078932333, "core_n": 1.454044078932333, "trench_n": 1.447044078932333, "deltan_core": 0.002, "deltan_ring": 0.005, "core_radius": 4.15e-06, "trench_ID": 9.96e-06, "trench_OD": 1.4940000000000001e-05, "1": {"n": 1.452044078932333, "loss": 0.015538226024472164, "neff": 1.4530493883956714, "mode_effective_area": 6.75652240627491e-11, "TE_polarization_fraction": 0.9999999079379234}, "2": {"n": 1.452044078932333, "loss": 0.015853899746786585, "neff": 1.4530477047625938, "mode_effective_area": 6.760637419887172e-11, "TE_polarization_fraction": 9.519780392551774e-08}, "3": {"n": 1.452044078932333, "loss": 3.1796328437999324, "neff": 1.4518563445945911, "mode_effective_area": 1.1256689391603343e-10, "TE_polarization_fraction": 0.9996791741367024}, "4": {"n": 1.452044078932333, "loss": 3.202966673684655, "neff": 1.4518560460633807, "mode_effective_area": 1.1269214355321792e-10, "TE_polarization_fraction": 0.000628849637811725}, "5": {"n": 1.452044078932333, "loss": 1.3092712039609957, "neff": 1.451834815365977, "mode_effective_area": 1.1171786889616876e-10, "TE_polarization_fraction": 0.9993894511725127}, "6": {"n": 1.452044078932333, "loss": 1.3215434946651337, "neff": 1.4518332885632763, "mode_effective_area": 1.1239233534188995e-10, "TE_polarization_fraction": 0.00033546643692401154}}