{"wavelength": 880, "bend_radius": 0.2, "cladding_n": 1.452044078932333, "core_n": 1.454044078932333, "trench_n": 1.447044078932333, "deltan_core": 0.002, "deltan_ring": 0.005, "core_radius": 4.15e-06, "trench_ID": 9.96e-06, "trench_OD": 1.4940000000000001e-05, "1": {"n": 1.452044078932333, "loss": -2.0254681589491e-12, "neff": 1.4530261470640464, "mode_effective_area": 6.713785146746172e-11, "TE_polarization_fraction": 0.9999999211242412}, "2": {"n": 1.452044078932333, "loss": -1.338726152751355e-12, "neff": 1.45302441349421, "mode_effective_area": 6.718026339804834e-11, "TE_polarization_fraction": 7.839173350953196e-08}, "3": {"n": 1.452044078932333, "loss": 0.5909383771209442, "neff": 1.4518019475605584, "mode_effective_area": 1.2301937592953846e-10, "TE_polarization_fraction": 0.8996597912058463}, "4": {"n": 1.452044078932333, "loss": 0.7044051537979031, "neff": 1.4518009866885957, "mode_effective_area": 1.3943850540954932e-10, "TE_polarization_fraction": 0.7927058155462094}, "5": {"n": 1.452044078932333, "loss": 0.7248455614300263, "neff": 1.4518001313731739, "mode_effective_area": 1.2362677561347224e-10, "TE_polarization_fraction": 0.10018924203009157}, "6": {"n": 1.452044078932333, "loss": 0.624022851871151, "neff": 1.4517998836522303, "mode_effective_area": 1.397191934496747e-10, "TE_polarization_fraction": 0.20812251983743096}}