{"wavelength": 880, "bend_radius": 0.005, "cladding_n": 1.452044078932333, "core_n": 1.454044078932333, "trench_n": 1.447044078932333, "deltan_core": 0.002, "deltan_ring": 0.005, "core_radius": 4.15e-06, "trench_ID": 9.96e-06, "trench_OD": 1.4940000000000001e-05, "1": {"n": 1.452044078932333, "loss": 10.587506806837894, "neff": 1.4534531432048219, "mode_effective_area": 8.553800891449255e-11, "TE_polarization_fraction": 0.9999997658715819}, "2": {"n": 1.452044078932333, "loss": 10.67365195069705, "neff": 1.453452511977918, "mode_effective_area": 8.577886401902713e-11, "TE_polarization_fraction": 4.609737215754201e-07}, "3": {"n": 1.452044078932333, "loss": 108.02981467397112, "neff": 1.4526085359622047, "mode_effective_area": 9.53153739325812e-11, "TE_polarization_fraction": 9.991106479636162e-06}, "4": {"n": 1.452044078932333, "loss": 108.25764158387857, "neff": 1.4526081962357642, "mode_effective_area": 9.55808747867586e-11, "TE_polarization_fraction": 0.9999998243644928}, "5": {"n": 1.452044078932333, "loss": 50.475107395719895, "neff": 1.4523948958551716, "mode_effective_area": 1.2094844086703305e-10, "TE_polarization_fraction": 0.9999919895657058}, "6": {"n": 1.452044078932333, "loss": 50.61714315581707, "neff": 1.452394892236336, "mode_effective_area": 1.209926259480864e-10, "TE_polarization_fraction": 2.250809159843459e-06}}