{"wavelength": 890, "bend_radius": 0.2, "cladding_n": 1.4518978468770973, "core_n": 1.4538978468770973, "trench_n": 1.4468978468770974, "deltan_core": 0.002, "deltan_ring": 0.005, "core_radius": 4.15e-06, "trench_ID": 9.96e-06, "trench_OD": 1.4940000000000001e-05, "1": {"n": 1.4518978468770973, "loss": -4.0147279899149314e-12, "neff": 1.45286543161737, "mode_effective_area": 6.798188822901175e-11, "TE_polarization_fraction": 0.9999999191221339}, "2": {"n": 1.4518978468770973, "loss": -1.2587870992176807e-12, "neff": 1.4528637111407487, "mode_effective_area": 6.802744942364746e-11, "TE_polarization_fraction": 8.038549741980303e-08}, "3": {"n": 1.4518978468770973, "loss": 0.7556970821634663, "neff": 1.4516307575707583, "mode_effective_area": 1.268510695933392e-10, "TE_polarization_fraction": 0.8909061634158084}, "4": {"n": 1.4518978468770973, "loss": 0.8217745813902628, "neff": 1.451629843248948, "mode_effective_area": 1.4498215291000143e-10, "TE_polarization_fraction": 0.7736254805126611}, "5": {"n": 1.4518978468770973, "loss": 0.9156966350383149, "neff": 1.4516289887563485, "mode_effective_area": 1.274614458679304e-10, "TE_polarization_fraction": 0.1089144994615238}, "6": {"n": 1.4518978468770973, "loss": 0.7392840174220405, "neff": 1.451628748826581, "mode_effective_area": 1.4521720276424757e-10, "TE_polarization_fraction": 0.2273325740422973}}