{"wavelength": 890, "bend_radius": 0.03, "cladding_n": 1.4518978468770973, "core_n": 1.4538978468770973, "trench_n": 1.4468978468770974, "deltan_core": 0.002, "deltan_ring": 0.005, "core_radius": 4.15e-06, "trench_ID": 9.96e-06, "trench_OD": 1.4940000000000001e-05, "1": {"n": 1.4518978468770973, "loss": 0.0015815323453963628, "neff": 1.4528756462346557, "mode_effective_area": 6.817399751571317e-11, "TE_polarization_fraction": 0.9999999132219627}, "2": {"n": 1.4518978468770973, "loss": 0.001554991806223321, "neff": 1.452873947634279, "mode_effective_area": 6.821890682654945e-11, "TE_polarization_fraction": 8.769665667854717e-08}, "3": {"n": 1.4518978468770973, "loss": 1.9307108999744385, "neff": 1.4516542143341857, "mode_effective_area": 1.1296186895976576e-10, "TE_polarization_fraction": 0.9982626018707452}, "4": {"n": 1.4518978468770973, "loss": 1.9447741987086733, "neff": 1.4516538748394747, "mode_effective_area": 1.1333172634408684e-10, "TE_polarization_fraction": 0.0038732210723279774}, "5": {"n": 1.4518978468770973, "loss": 1.0331070964205018, "neff": 1.4516450976581672, "mode_effective_area": 1.1252452075464543e-10, "TE_polarization_fraction": 0.9961753492309638}, "6": {"n": 1.4518978468770973, "loss": 1.0420890855371312, "neff": 1.4516435962407508, "mode_effective_area": 1.1292482492548453e-10, "TE_polarization_fraction": 0.001774445102824609}}