{"wavelength": 890, "bend_radius": 0.075, "cladding_n": 1.4518978468770973, "core_n": 1.4538978468770973, "trench_n": 1.4468978468770974, "deltan_core": 0.002, "deltan_ring": 0.005, "core_radius": 4.15e-06, "trench_ID": 9.96e-06, "trench_OD": 1.4940000000000001e-05, "1": {"n": 1.4518978468770973, "loss": -2.755519328888695e-09, "neff": 1.452866864696289, "mode_effective_area": 6.80077783636581e-11, "TE_polarization_fraction": 0.9999999182899131}, "2": {"n": 1.4518978468770973, "loss": 2.7538980585001328e-09, "neff": 1.4528651472744147, "mode_effective_area": 6.805322576479333e-11, "TE_polarization_fraction": 8.141475146862658e-08}, "3": {"n": 1.4518978468770973, "loss": 0.7569060620116465, "neff": 1.4516331711236232, "mode_effective_area": 1.6582951198447582e-10, "TE_polarization_fraction": 0.48587266501176973}, "4": {"n": 1.4518978468770973, "loss": 0.7842257819934717, "neff": 1.4516331427822193, "mode_effective_area": 1.1798112233078746e-10, "TE_polarization_fraction": 0.9549136045200828}, "5": {"n": 1.4518978468770973, "loss": 0.7555330051991681, "neff": 1.4516320705828816, "mode_effective_area": 1.6600615773476277e-10, "TE_polarization_fraction": 0.5144199061309558}, "6": {"n": 1.4518978468770973, "loss": 0.7350778286260276, "neff": 1.4516309462733044, "mode_effective_area": 1.182474736490373e-10, "TE_polarization_fraction": 0.0453519231120737}}