{"wavelength": 890, "bend_radius": 0.02, "cladding_n": 1.4518978468770973, "core_n": 1.4538978468770973, "trench_n": 1.4468978468770974, "deltan_core": 0.002, "deltan_ring": 0.005, "core_radius": 4.15e-06, "trench_ID": 9.96e-06, "trench_OD": 1.4940000000000001e-05, "1": {"n": 1.4518978468770973, "loss": 0.019379965996548027, "neff": 1.4528888006821221, "mode_effective_area": 6.844724462838006e-11, "TE_polarization_fraction": 0.9999999057356337}, "2": {"n": 1.4518978468770973, "loss": 0.01978248160974609, "neff": 1.4528871306093976, "mode_effective_area": 6.849186985562857e-11, "TE_polarization_fraction": 9.704167058871233e-08}, "3": {"n": 1.4518978468770973, "loss": 3.711397203970461, "neff": 1.451685927748488, "mode_effective_area": 1.1427556968705253e-10, "TE_polarization_fraction": 0.9996760590104713}, "4": {"n": 1.4518978468770973, "loss": 3.7384812082578485, "neff": 1.4516856554370194, "mode_effective_area": 1.1439958245607127e-10, "TE_polarization_fraction": 0.0006175436199376493}, "5": {"n": 1.4518978468770973, "loss": 1.561072686561513, "neff": 1.451663950301644, "mode_effective_area": 1.1385871132650792e-10, "TE_polarization_fraction": 0.9994006785411396}, "6": {"n": 1.4518978468770973, "loss": 1.5749886972252156, "neff": 1.4516625029918913, "mode_effective_area": 1.1451488942735785e-10, "TE_polarization_fraction": 0.00033874563974044497}}