{"wavelength": 890, "bend_radius": 0.025, "cladding_n": 1.4518978468770973, "core_n": 1.4538978468770973, "trench_n": 1.4468978468770974, "deltan_core": 0.002, "deltan_ring": 0.005, "core_radius": 4.15e-06, "trench_ID": 9.96e-06, "trench_OD": 1.4940000000000001e-05, "1": {"n": 1.4518978468770973, "loss": 0.005768656282798715, "neff": 1.4528802646467656, "mode_effective_area": 6.826665074412836e-11, "TE_polarization_fraction": 0.9999999105789503}, "2": {"n": 1.4518978468770973, "loss": 0.005872974771935507, "neff": 1.452878576013351, "mode_effective_area": 6.831138840768962e-11, "TE_polarization_fraction": 9.098528948567254e-08}, "3": {"n": 1.4518978468770973, "loss": 2.533000209282204, "neff": 1.4516653472005545, "mode_effective_area": 1.1345910860704984e-10, "TE_polarization_fraction": 0.9991715704488925}, "4": {"n": 1.4518978468770973, "loss": 2.546536194384361, "neff": 1.451665029248019, "mode_effective_area": 1.1364959140379396e-10, "TE_polarization_fraction": 0.0016648192828264475}, "5": {"n": 1.4518978468770973, "loss": 1.2125517688581813, "neff": 1.4516517126576718, "mode_effective_area": 1.1284084541369244e-10, "TE_polarization_fraction": 0.9983660836400409}, "6": {"n": 1.4518978468770973, "loss": 1.2237693400158622, "neff": 1.4516502278377448, "mode_effective_area": 1.1342723122249207e-10, "TE_polarization_fraction": 0.000852970268003319}}