{"wavelength": 890, "bend_radius": 0.04, "cladding_n": 1.4518978468770973, "core_n": 1.4538978468770973, "trench_n": 1.4468978468770974, "deltan_core": 0.002, "deltan_ring": 0.005, "core_radius": 4.15e-06, "trench_ID": 9.96e-06, "trench_OD": 1.4940000000000001e-05, "1": {"n": 1.4518978468770973, "loss": 8.399078092170436e-05, "neff": 1.4528710667600588, "mode_effective_area": 6.808568286927663e-11, "TE_polarization_fraction": 0.9999999158579757}, "2": {"n": 1.4518978468770973, "loss": 7.512941682478375e-05, "neff": 1.4528693583222432, "mode_effective_area": 6.813083854992295e-11, "TE_polarization_fraction": 8.442585670215902e-08}, "3": {"n": 1.4518978468770973, "loss": 1.3538317272942533, "neff": 1.4516431913266499, "mode_effective_area": 1.1276287833868568e-10, "TE_polarization_fraction": 0.9946680470986949}, "4": {"n": 1.4518978468770973, "loss": 1.3540495308747418, "neff": 1.4516428467492182, "mode_effective_area": 1.1442468446953157e-10, "TE_polarization_fraction": 0.016316062205724922}, "5": {"n": 1.4518978468770973, "loss": 0.8644772397020243, "neff": 1.4516385237095675, "mode_effective_area": 1.1372992277893278e-10, "TE_polarization_fraction": 0.9837900073397157}, "6": {"n": 1.4518978468770973, "loss": 0.8699732865613149, "neff": 1.451637021958514, "mode_effective_area": 1.1282569073343866e-10, "TE_polarization_fraction": 0.005402900089014911}}