{"wavelength": 890, "bend_radius": 0.015, "cladding_n": 1.4518978468770973, "core_n": 1.4538978468770973, "trench_n": 1.4468978468770974, "deltan_core": 0.002, "deltan_ring": 0.005, "core_radius": 4.15e-06, "trench_ID": 9.96e-06, "trench_OD": 1.4940000000000001e-05, "1": {"n": 1.4518978468770973, "loss": 0.06516600781450631, "neff": 1.4529073972297113, "mode_effective_area": 6.888218374852182e-11, "TE_polarization_fraction": 0.9999998953820621}, "2": {"n": 1.4518978468770973, "loss": 0.06599832569795136, "neff": 1.4529057681749, "mode_effective_area": 6.892744440490103e-11, "TE_polarization_fraction": 1.1016729226883036e-07}, "3": {"n": 1.4518978468770973, "loss": 6.634905468462117, "neff": 1.451730608272647, "mode_effective_area": 1.1507305950410908e-10, "TE_polarization_fraction": 0.9999098348259474}, "4": {"n": 1.4518978468770973, "loss": 6.677937962278837, "neff": 1.4517304364285346, "mode_effective_area": 1.1516839027632533e-10, "TE_polarization_fraction": 0.0001803233658467293}, "5": {"n": 1.4518978468770973, "loss": 2.4126952045816354, "neff": 1.4516906909667224, "mode_effective_area": 1.1625375978683416e-10, "TE_polarization_fraction": 0.9998290959890885}, "6": {"n": 1.4518978468770973, "loss": 2.4324906096637013, "neff": 1.451689330122304, "mode_effective_area": 1.1691596993408224e-10, "TE_polarization_fraction": 9.784486419842608e-05}}