{"wavelength": 890, "bend_radius": 0.005, "cladding_n": 1.4518978468770973, "core_n": 1.4538978468770973, "trench_n": 1.4468978468770974, "deltan_core": 0.002, "deltan_ring": 0.005, "core_radius": 4.15e-06, "trench_ID": 9.96e-06, "trench_OD": 1.4940000000000001e-05, "1": {"n": 1.4518978468770973, "loss": 11.734383749356969, "neff": 1.453294498976924, "mode_effective_area": 8.655561793096953e-11, "TE_polarization_fraction": 0.999999762351178}, "2": {"n": 1.4518978468770973, "loss": 11.827201466071934, "neff": 1.4532938801067226, "mode_effective_area": 8.679766823972932e-11, "TE_polarization_fraction": 4.6670918821432966e-07}, "3": {"n": 1.4518978468770973, "loss": 118.24734583250772, "neff": 1.452435073443734, "mode_effective_area": 9.64701867120792e-11, "TE_polarization_fraction": 1.0648908712191264e-05}, "4": {"n": 1.4518978468770973, "loss": 118.50925364970468, "neff": 1.4524347353023372, "mode_effective_area": 9.673102332717775e-11, "TE_polarization_fraction": 0.9999998219843835}, "5": {"n": 1.4518978468770973, "loss": 55.41922751049546, "neff": 1.4522247274681204, "mode_effective_area": 1.2195161031815847e-10, "TE_polarization_fraction": 2.2829234573631345e-06}, "6": {"n": 1.4518978468770973, "loss": 55.273608378446724, "neff": 1.4522247233938348, "mode_effective_area": 1.2189834394812816e-10, "TE_polarization_fraction": 0.9999914308119524}}