{"wavelength": 890, "bend_radius": 0.3, "cladding_n": 1.4518978468770973, "core_n": 1.4538978468770973, "trench_n": 1.4468978468770974, "deltan_core": 0.002, "deltan_ring": 0.005, "core_radius": 4.15e-06, "trench_ID": 9.96e-06, "trench_OD": 1.4940000000000001e-05, "1": {"n": 1.4518978468770973, "loss": 3.2371970537053122e-12, "neff": 1.4528653013978419, "mode_effective_area": 6.797955272632519e-11, "TE_polarization_fraction": 0.9999999191978256}, "2": {"n": 1.4518978468770973, "loss": -8.272243799591281e-13, "neff": 1.4528635806438748, "mode_effective_area": 6.802512462325645e-11, "TE_polarization_fraction": 8.029191101911958e-08}, "3": {"n": 1.4518978468770973, "loss": 0.8067410104636141, "neff": 1.4516305580598357, "mode_effective_area": 1.2490978655940682e-10, "TE_polarization_fraction": 0.9036668163902005}, "4": {"n": 1.4518978468770973, "loss": 0.8154886316110592, "neff": 1.4516295644010493, "mode_effective_area": 1.5067653564293992e-10, "TE_polarization_fraction": 0.7296136853754278}, "5": {"n": 1.4518978468770973, "loss": 0.63431405471833, "neff": 1.4516286892934218, "mode_effective_area": 1.2542941375540826e-10, "TE_polarization_fraction": 0.09628255132094876}, "6": {"n": 1.4518978468770973, "loss": 0.7208077775568151, "neff": 1.4516285326604443, "mode_effective_area": 1.509474218133079e-10, "TE_polarization_fraction": 0.2712843724167052}}