{"wavelength": 890, "bend_radius": 0, "cladding_n": 1.4518978468770973, "core_n": 1.4538978468770973, "trench_n": 1.4468978468770974, "deltan_core": 0.002, "deltan_ring": 0.005, "core_radius": 4.15e-06, "trench_ID": 9.96e-06, "trench_OD": 1.4940000000000001e-05, "1": {"n": 1.4518978468770973, "loss": -1.5290345167842889e-12, "neff": 1.4528651972294522, "mode_effective_area": 6.797768649923027e-11, "TE_polarization_fraction": 0.9999999192583833}, "2": {"n": 1.4518978468770973, "loss": -5.4604141035336555e-12, "neff": 1.4528634762536512, "mode_effective_area": 6.8023267000848e-11, "TE_polarization_fraction": 8.021703967904839e-08}, "3": {"n": 1.4518978468770973, "loss": 0.7335423833848165, "neff": 1.4516304002451694, "mode_effective_area": 1.2351333260819437e-10, "TE_polarization_fraction": 0.9126719426128438}, "4": {"n": 1.4518978468770973, "loss": 0.6708487220280576, "neff": 1.4516293445124122, "mode_effective_area": 1.5544629006247755e-10, "TE_polarization_fraction": 0.6885228610401544}, "5": {"n": 1.4518978468770973, "loss": 0.753073705693787, "neff": 1.4516284466329756, "mode_effective_area": 1.2403927817961803e-10, "TE_polarization_fraction": 0.08722924930301794}, "6": {"n": 1.4518978468770973, "loss": 0.6842932998227714, "neff": 1.4516283545399502, "mode_effective_area": 1.5570746160046566e-10, "TE_polarization_fraction": 0.312242657562164}}