{"wavelength": 890, "bend_radius": 0.05, "cladding_n": 1.4518978468770973, "core_n": 1.4538978468770973, "trench_n": 1.4468978468770974, "deltan_core": 0.002, "deltan_ring": 0.005, "core_radius": 4.15e-06, "trench_ID": 9.96e-06, "trench_OD": 1.4940000000000001e-05, "1": {"n": 1.4518978468770973, "loss": 2.4631133272129745e-06, "neff": 1.4528689513563213, "mode_effective_area": 6.804609203183308e-11, "TE_polarization_fraction": 0.9999999170807021}, "2": {"n": 1.4518978468770973, "loss": 3.3518209481172247e-06, "neff": 1.4528672384033687, "mode_effective_area": 6.809138689384087e-11, "TE_polarization_fraction": 8.291125715699069e-08}, "3": {"n": 1.4518978468770973, "loss": 1.0714491124591217, "neff": 1.4516381146264044, "mode_effective_area": 1.1340047779689579e-10, "TE_polarization_fraction": 0.987884382920134}, "4": {"n": 1.4518978468770973, "loss": 1.0638702902874932, "neff": 1.451637804573875, "mode_effective_area": 1.2018472482472844e-10, "TE_polarization_fraction": 0.057289826570058974}, "5": {"n": 1.4518978468770973, "loss": 0.7990840558654774, "neff": 1.4516354427430054, "mode_effective_area": 1.195874745791351e-10, "TE_polarization_fraction": 0.9429187870799617}, "6": {"n": 1.4518978468770973, "loss": 0.7944501678662224, "neff": 1.4516339781353944, "mode_effective_area": 1.1354830315882409e-10, "TE_polarization_fraction": 0.0122322298918296}}