{"wavelength": 890, "bend_radius": 0.045, "cladding_n": 1.4518978468770973, "core_n": 1.4538978468770973, "trench_n": 1.4468978468770974, "deltan_core": 0.002, "deltan_ring": 0.005, "core_radius": 4.15e-06, "trench_ID": 9.96e-06, "trench_OD": 1.4940000000000001e-05, "1": {"n": 1.4518978468770973, "loss": 1.3698066844525646e-05, "neff": 1.4528698331818322, "mode_effective_area": 6.806250359785391e-11, "TE_polarization_fraction": 0.9999999165706152}, "2": {"n": 1.4518978468770973, "loss": 1.649490287012488e-05, "neff": 1.4528681221023343, "mode_effective_area": 6.810773851711395e-11, "TE_polarization_fraction": 8.354292759406197e-08}, "3": {"n": 1.4518978468770973, "loss": 1.1932227921833325, "neff": 1.45164022873625, "mode_effective_area": 1.129859302413475e-10, "TE_polarization_fraction": 0.9917243497801305}, "4": {"n": 1.4518978468770973, "loss": 1.1846191212792716, "neff": 1.45163989596826, "mode_effective_area": 1.164080630817078e-10, "TE_polarization_fraction": 0.031098554469212187}, "5": {"n": 1.4518978468770973, "loss": 0.8229730889525185, "neff": 1.4516367368269452, "mode_effective_area": 1.157651844076041e-10, "TE_polarization_fraction": 0.9690522673812161}, "6": {"n": 1.4518978468770973, "loss": 0.8242233616629473, "neff": 1.4516352484129076, "mode_effective_area": 1.1309479272123939e-10, "TE_polarization_fraction": 0.00836805368541621}}