{"wavelength": 890, "bend_radius": 0.1, "cladding_n": 1.4518978468770973, "core_n": 1.4538978468770973, "trench_n": 1.4468978468770974, "deltan_core": 0.002, "deltan_ring": 0.005, "core_radius": 4.15e-06, "trench_ID": 9.96e-06, "trench_OD": 1.4940000000000001e-05, "1": {"n": 1.4518978468770973, "loss": -1.0289455188981005e-10, "neff": 1.4528661349765704, "mode_effective_area": 6.799455217705193e-11, "TE_polarization_fraction": 0.9999999187134997}, "2": {"n": 1.4518978468770973, "loss": 9.378431324528079e-11, "neff": 1.452864415998648, "mode_effective_area": 6.804005660824895e-11, "TE_polarization_fraction": 8.089081175791417e-08}, "3": {"n": 1.4518978468770973, "loss": 0.717494934372847, "neff": 1.451631871342152, "mode_effective_area": 1.4525123400011577e-10, "TE_polarization_fraction": 0.764944280715059}, "4": {"n": 1.4518978468770973, "loss": 0.691727196994269, "neff": 1.4516314357718858, "mode_effective_area": 1.2504816355098904e-10, "TE_polarization_fraction": 0.9077383099555205}, "5": {"n": 1.4518978468770973, "loss": 0.690779731191807, "neff": 1.4516305728369072, "mode_effective_area": 1.458468583799582e-10, "TE_polarization_fraction": 0.23510576153038867}, "6": {"n": 1.4518978468770973, "loss": 0.7341797556805735, "neff": 1.4516298569219537, "mode_effective_area": 1.253692173230719e-10, "TE_polarization_fraction": 0.09267292986167834}}