{"wavelength": 890, "bend_radius": 0.01, "cladding_n": 1.4518978468770973, "core_n": 1.4538978468770973, "trench_n": 1.4468978468770974, "deltan_core": 0.002, "deltan_ring": 0.005, "core_radius": 4.15e-06, "trench_ID": 9.96e-06, "trench_OD": 1.4940000000000001e-05, "1": {"n": 1.4518978468770973, "loss": 0.3252985714956747, "neff": 1.4529617742012908, "mode_effective_area": 7.047227009897532e-11, "TE_polarization_fraction": 0.9999998668688466}, "2": {"n": 1.4518978468770973, "loss": 0.32924329395639257, "neff": 1.4529602699609805, "mode_effective_area": 7.052630515501573e-11, "TE_polarization_fraction": 1.4860669615698454e-07}, "3": {"n": 1.4518978468770973, "loss": 17.83714088507309, "neff": 1.4518577013759715, "mode_effective_area": 1.1211719378943757e-10, "TE_polarization_fraction": 3.650988026750476e-05}, "4": {"n": 1.4518978468770973, "loss": 17.75837094049456, "neff": 1.4518576259600784, "mode_effective_area": 1.1213504644422921e-10, "TE_polarization_fraction": 0.999988173854059}, "5": {"n": 1.4518978468770973, "loss": 5.783416393711795, "neff": 1.4517692587261242, "mode_effective_area": 1.2235489842726646e-10, "TE_polarization_fraction": 0.999967408133558}, "6": {"n": 1.4518978468770973, "loss": 5.823661127131316, "neff": 1.4517681454631395, "mode_effective_area": 1.2294172254799794e-10, "TE_polarization_fraction": 1.4984575256993249e-05}}