{"wavelength": 890, "bend_radius": 0.035, "cladding_n": 1.4518978468770973, "core_n": 1.4538978468770973, "trench_n": 1.4468978468770974, "deltan_core": 0.002, "deltan_ring": 0.005, "core_radius": 4.15e-06, "trench_ID": 9.96e-06, "trench_OD": 1.4940000000000001e-05, "1": {"n": 1.4518978468770973, "loss": 0.0003336267079726877, "neff": 1.452872867675171, "mode_effective_area": 6.81199855873848e-11, "TE_polarization_fraction": 0.9999999148195379}, "2": {"n": 1.4518978468770973, "loss": 0.0003739969969613891, "neff": 1.4528711631000855, "mode_effective_area": 6.816503729846e-11, "TE_polarization_fraction": 8.571338880305623e-08}, "3": {"n": 1.4518978468770973, "loss": 1.5791541051613038, "neff": 1.4516475229116517, "mode_effective_area": 1.1274564788091977e-10, "TE_polarization_fraction": 0.9968073057600753}, "4": {"n": 1.4518978468770973, "loss": 1.5934570896337352, "neff": 1.4516471758905878, "mode_effective_area": 1.1352986487098403e-10, "TE_polarization_fraction": 0.008200562422723845}, "5": {"n": 1.4518978468770973, "loss": 0.929692236196081, "neff": 1.4516411141677927, "mode_effective_area": 1.1277674552057676e-10, "TE_polarization_fraction": 0.9918722926241532}, "6": {"n": 1.4518978468770973, "loss": 0.9368918898876492, "neff": 1.4516396080383593, "mode_effective_area": 1.1275633685953557e-10, "TE_polarization_fraction": 0.0032451749916972287}}