{"wavelength": 900, "bend_radius": 0.075, "cladding_n": 1.4517539550240655, "core_n": 1.4537539550240655, "trench_n": 1.4467539550240656, "deltan_core": 0.002, "deltan_ring": 0.005, "core_radius": 4.15e-06, "trench_ID": 9.96e-06, "trench_OD": 1.4940000000000001e-05, "1": {"n": 1.4517539550240655, "loss": -5.114276219524916e-09, "neff": 1.4527085357570637, "mode_effective_area": 6.886355310003973e-11, "TE_polarization_fraction": 0.9999999162817051}, "2": {"n": 1.4517539550240655, "loss": 5.2353560619045364e-09, "neff": 1.4527068316691285, "mode_effective_area": 6.891213850200175e-11, "TE_polarization_fraction": 8.339221375000851e-08}, "3": {"n": 1.4517539550240655, "loss": 0.9317836521053252, "neff": 1.4514645507785733, "mode_effective_area": 1.6804623646785387e-10, "TE_polarization_fraction": 0.4418170256929526}, "4": {"n": 1.4517539550240655, "loss": 0.9493837754650761, "neff": 1.451464539585465, "mode_effective_area": 1.2059758537520576e-10, "TE_polarization_fraction": 0.9526352217002181}, "5": {"n": 1.4517539550240655, "loss": 0.9252867254175087, "neff": 1.4514634310842507, "mode_effective_area": 1.6812190174303028e-10, "TE_polarization_fraction": 0.5585113686798503}, "6": {"n": 1.4517539550240655, "loss": 0.9145389243731121, "neff": 1.4514623444657626, "mode_effective_area": 1.2089635750444754e-10, "TE_polarization_fraction": 0.04763514683648396}}