{"wavelength": 900, "bend_radius": 0.02, "cladding_n": 1.4517539550240655, "core_n": 1.4537539550240655, "trench_n": 1.4467539550240656, "deltan_core": 0.002, "deltan_ring": 0.005, "core_radius": 4.15e-06, "trench_ID": 9.96e-06, "trench_OD": 1.4940000000000001e-05, "1": {"n": 1.4517539550240655, "loss": 0.024030522717803496, "neff": 1.4527305943849218, "mode_effective_area": 6.933802243467887e-11, "TE_polarization_fraction": 0.9999999035473133}, "2": {"n": 1.4517539550240655, "loss": 0.02454111238442165, "neff": 1.4527289380406128, "mode_effective_area": 6.938609084923432e-11, "TE_polarization_fraction": 9.889295715063267e-08}, "3": {"n": 1.4517539550240655, "loss": 4.312521726645613, "neff": 1.451517940626315, "mode_effective_area": 1.1595239242756398e-10, "TE_polarization_fraction": 0.9996718758116737}, "4": {"n": 1.4517539550240655, "loss": 4.343804250754457, "neff": 1.4515176934931926, "mode_effective_area": 1.1607513922843789e-10, "TE_polarization_fraction": 0.0006101448131274503}, "5": {"n": 1.4517539550240655, "loss": 1.852127282039885, "neff": 1.4514955660363091, "mode_effective_area": 1.1596984698864674e-10, "TE_polarization_fraction": 0.9994080588060829}, "6": {"n": 1.4517539550240655, "loss": 1.8678188985535829, "neff": 1.4514941959711654, "mode_effective_area": 1.1660667425339037e-10, "TE_polarization_fraction": 0.00034312540477899917}}