{"wavelength": 900, "bend_radius": 0.2, "cladding_n": 1.4517539550240655, "core_n": 1.4537539550240655, "trench_n": 1.4467539550240656, "deltan_core": 0.002, "deltan_ring": 0.005, "core_radius": 4.15e-06, "trench_ID": 9.96e-06, "trench_OD": 1.4940000000000001e-05, "1": {"n": 1.4517539550240655, "loss": -1.5865546384702494e-14, "neff": 1.452707094810329, "mode_effective_area": 6.88353426321743e-11, "TE_polarization_fraction": 0.9999999171265322}, "2": {"n": 1.4517539550240655, "loss": -1.0907528314349564e-12, "neff": 1.4527053876414942, "mode_effective_area": 6.888402176685235e-11, "TE_polarization_fraction": 8.23731398706819e-08}, "3": {"n": 1.4517539550240655, "loss": 0.9310502176576527, "neff": 1.451462068795263, "mode_effective_area": 1.3081813171379667e-10, "TE_polarization_fraction": 0.881453748158519}, "4": {"n": 1.4517539550240655, "loss": 0.7200096727390077, "neff": 1.4514612051737514, "mode_effective_area": 1.5012105115112914e-10, "TE_polarization_fraction": 0.7562212404683608}, "5": {"n": 1.4517539550240655, "loss": 0.9305406321486722, "neff": 1.4514603450596721, "mode_effective_area": 1.3138477876679255e-10, "TE_polarization_fraction": 0.11844578398021886}, "6": {"n": 1.4517539550240655, "loss": 0.8055790400124451, "neff": 1.4514601136204681, "mode_effective_area": 1.5039459190113155e-10, "TE_polarization_fraction": 0.24448400048328675}}