{"wavelength": 900, "bend_radius": 0.04, "cladding_n": 1.4517539550240655, "core_n": 1.4537539550240655, "trench_n": 1.4467539550240656, "deltan_core": 0.002, "deltan_ring": 0.005, "core_radius": 4.15e-06, "trench_ID": 9.96e-06, "trench_OD": 1.4940000000000001e-05, "1": {"n": 1.4517539550240655, "loss": 0.00012843183421238643, "neff": 1.452712761001596, "mode_effective_area": 6.894823801481468e-11, "TE_polarization_fraction": 0.9999999138134215}, "2": {"n": 1.4517539550240655, "loss": 0.00011561119419976558, "neff": 1.4527110659745681, "mode_effective_area": 6.899659031925619e-11, "TE_polarization_fraction": 8.637479453123275e-08}, "3": {"n": 1.4517539550240655, "loss": 1.6065872283262386, "neff": 1.4514747241150867, "mode_effective_area": 1.148379421401193e-10, "TE_polarization_fraction": 0.9945539971183645}, "4": {"n": 1.4517539550240655, "loss": 1.6070187388734012, "neff": 1.4514744045715053, "mode_effective_area": 1.1637666340676576e-10, "TE_polarization_fraction": 0.015388764382744214}, "5": {"n": 1.4517539550240655, "loss": 1.0529811844820036, "neff": 1.451469904711602, "mode_effective_area": 1.1580358644009989e-10, "TE_polarization_fraction": 0.9847145197661533}, "6": {"n": 1.4517539550240655, "loss": 1.060219471359951, "neff": 1.45146848223641, "mode_effective_area": 1.1500780212434185e-10, "TE_polarization_fraction": 0.005517784019811638}}