{"wavelength": 900, "bend_radius": 0.01, "cladding_n": 1.4517539550240655, "core_n": 1.4537539550240655, "trench_n": 1.4467539550240656, "deltan_core": 0.002, "deltan_ring": 0.005, "core_radius": 4.15e-06, "trench_ID": 9.96e-06, "trench_OD": 1.4940000000000001e-05, "1": {"n": 1.4517539550240655, "loss": 0.3810464208895333, "neff": 1.4528039947629783, "mode_effective_area": 7.146856557186827e-11, "TE_polarization_fraction": 0.9999998642397488}, "2": {"n": 1.4517539550240655, "loss": 0.3856069393117744, "neff": 1.4528025054708817, "mode_effective_area": 7.152696392616603e-11, "TE_polarization_fraction": 1.5043312531581677e-07}, "3": {"n": 1.4517539550240655, "loss": 20.057742683745072, "neff": 1.4516903012935423, "mode_effective_area": 1.130185134316171e-10, "TE_polarization_fraction": 3.773915012197339e-05}, "4": {"n": 1.4517539550240655, "loss": 19.972372350790245, "neff": 1.4516902119910846, "mode_effective_area": 1.1304386785428213e-10, "TE_polarization_fraction": 0.999987849312095}, "5": {"n": 1.4517539550240655, "loss": 6.629726466691224, "neff": 1.4516015963106865, "mode_effective_area": 1.2409385077941046e-10, "TE_polarization_fraction": 0.9999663015935705}, "6": {"n": 1.4517539550240655, "loss": 6.6731680849653605, "neff": 1.451600543187383, "mode_effective_area": 1.2465863400534848e-10, "TE_polarization_fraction": 1.5393638848388673e-05}}