{"wavelength": 900, "bend_radius": 0.045, "cladding_n": 1.4517539550240655, "core_n": 1.4537539550240655, "trench_n": 1.4467539550240656, "deltan_core": 0.002, "deltan_ring": 0.005, "core_radius": 4.15e-06, "trench_ID": 9.96e-06, "trench_OD": 1.4940000000000001e-05, "1": {"n": 1.4517539550240655, "loss": 2.290361368856176e-05, "neff": 1.4527115206012784, "mode_effective_area": 6.89230713018572e-11, "TE_polarization_fraction": 0.9999999145366357}, "2": {"n": 1.4517539550240655, "loss": 2.6505882598314628e-05, "neff": 1.452709822909905, "mode_effective_area": 6.897148559338583e-11, "TE_polarization_fraction": 8.550003296874677e-08}, "3": {"n": 1.4517539550240655, "loss": 1.4202877912675316, "neff": 1.451471721867177, "mode_effective_area": 1.1511003017398306e-10, "TE_polarization_fraction": 0.9915154658507455}, "4": {"n": 1.4517539550240655, "loss": 1.411486887528948, "neff": 1.4514714125442092, "mode_effective_area": 1.1823214503003248e-10, "TE_polarization_fraction": 0.028890623860393125}, "5": {"n": 1.4517539550240655, "loss": 1.0055756903189377, "neff": 1.4514681018607185, "mode_effective_area": 1.1768839335888056e-10, "TE_polarization_fraction": 0.9712552576469509}, "6": {"n": 1.4517539550240655, "loss": 1.008643910383828, "neff": 1.4514666913508365, "mode_effective_area": 1.1530372495860522e-10, "TE_polarization_fraction": 0.008578093101878516}}