{"wavelength": 900, "bend_radius": 0.025, "cladding_n": 1.4517539550240655, "core_n": 1.4537539550240655, "trench_n": 1.4467539550240656, "deltan_core": 0.002, "deltan_ring": 0.005, "core_radius": 4.15e-06, "trench_ID": 9.96e-06, "trench_OD": 1.4940000000000001e-05, "1": {"n": 1.4517539550240655, "loss": 0.007465592937125295, "neff": 1.4527220101702307, "mode_effective_area": 6.91439417819182e-11, "TE_polarization_fraction": 0.9999999084579533}, "2": {"n": 1.4517539550240655, "loss": 0.007596079442701653, "neff": 1.4527203351188194, "mode_effective_area": 6.91920033500692e-11, "TE_polarization_fraction": 9.287891521937125e-08}, "3": {"n": 1.4517539550240655, "loss": 2.9658389456840686, "neff": 1.4514971503344942, "mode_effective_area": 1.1531151576998007e-10, "TE_polarization_fraction": 0.9991605470076204}, "4": {"n": 1.4517539550240655, "loss": 2.980509959251316, "neff": 1.451496858428671, "mode_effective_area": 1.1549870086542849e-10, "TE_polarization_fraction": 0.001626135173559477}, "5": {"n": 1.4517539550240655, "loss": 1.451701866394546, "neff": 1.4514832177245611, "mode_effective_area": 1.1497970398251598e-10, "TE_polarization_fraction": 0.9984045263184471}, "6": {"n": 1.4517539550240655, "loss": 1.4645563382140614, "neff": 1.4514818119901811, "mode_effective_area": 1.1555162862817277e-10, "TE_polarization_fraction": 0.0008642814575578676}}