{"wavelength": 900, "bend_radius": 0.015, "cladding_n": 1.4517539550240655, "core_n": 1.4537539550240655, "trench_n": 1.4467539550240656, "deltan_core": 0.002, "deltan_ring": 0.005, "core_radius": 4.15e-06, "trench_ID": 9.96e-06, "trench_OD": 1.4940000000000001e-05, "1": {"n": 1.4517539550240655, "loss": 0.0784513935895387, "neff": 1.452749297588745, "mode_effective_area": 6.980162095450603e-11, "TE_polarization_fraction": 0.9999998930590122}, "2": {"n": 1.4517539550240655, "loss": 0.07946044980976077, "neff": 1.45274768259995, "mode_effective_area": 6.98505745793993e-11, "TE_polarization_fraction": 1.1195568720647602e-07}, "3": {"n": 1.4517539550240655, "loss": 7.615628764724545, "neff": 1.4515629535465109, "mode_effective_area": 1.1642395330532402e-10, "TE_polarization_fraction": 0.9999084316785051}, "4": {"n": 1.4517539550240655, "loss": 7.663109511723892, "neff": 1.451562804262467, "mode_effective_area": 1.165147492405942e-10, "TE_polarization_fraction": 0.00018103211551987445}, "5": {"n": 1.4517539550240655, "loss": 2.8263470070556442, "neff": 1.451522528863656, "mode_effective_area": 1.1828820267470447e-10, "TE_polarization_fraction": 0.9998284762303966}, "6": {"n": 1.4517539550240655, "loss": 2.8482898663154246, "neff": 1.4515212408966738, "mode_effective_area": 1.1892898183158933e-10, "TE_polarization_fraction": 9.938040868418906e-05}}