{"wavelength": 900, "bend_radius": 0.3, "cladding_n": 1.4517539550240655, "core_n": 1.4537539550240655, "trench_n": 1.4467539550240656, "deltan_core": 0.002, "deltan_ring": 0.005, "core_radius": 4.15e-06, "trench_ID": 9.96e-06, "trench_OD": 1.4940000000000001e-05, "1": {"n": 1.4517539550240655, "loss": -2.6269443143716546e-12, "neff": 1.4527069638768337, "mode_effective_area": 6.88327960629036e-11, "TE_polarization_fraction": 0.9999999172033747}, "2": {"n": 1.4517539550240655, "loss": 5.395236020271672e-13, "neff": 1.4527052564282772, "mode_effective_area": 6.888148407513379e-11, "TE_polarization_fraction": 8.228048986463436e-08}, "3": {"n": 1.4517539550240655, "loss": 0.9036229155446306, "neff": 1.4514618653907252, "mode_effective_area": 1.2865692038794854e-10, "TE_polarization_fraction": 0.8953261018489037}, "4": {"n": 1.4517539550240655, "loss": 0.9147325140903629, "neff": 1.4514609228126036, "mode_effective_area": 1.5632044210399774e-10, "TE_polarization_fraction": 0.7075967620651832}, "5": {"n": 1.4517539550240655, "loss": 0.812910117546113, "neff": 1.451460045019164, "mode_effective_area": 1.291808530847914e-10, "TE_polarization_fraction": 0.10459962441519224}, "6": {"n": 1.4517539550240655, "loss": 0.8810528104260335, "neff": 1.4514598918369344, "mode_effective_area": 1.5658569951367792e-10, "TE_polarization_fraction": 0.2932077811653217}}