{"wavelength": 900, "bend_radius": 0, "cladding_n": 1.4517539550240655, "core_n": 1.4537539550240655, "trench_n": 1.4467539550240656, "deltan_core": 0.002, "deltan_ring": 0.005, "core_radius": 4.15e-06, "trench_ID": 9.96e-06, "trench_OD": 1.4940000000000001e-05, "1": {"n": 1.4517539550240655, "loss": -5.183250462659601e-13, "neff": 1.452706859137425, "mode_effective_area": 6.883076096708667e-11, "TE_polarization_fraction": 0.9999999172648534}, "2": {"n": 1.4517539550240655, "loss": 1.4267355293853044e-12, "neff": 1.4527051514651346, "mode_effective_area": 6.887945612407791e-11, "TE_polarization_fraction": 8.220636894945727e-08}, "3": {"n": 1.4517539550240655, "loss": 0.8779370078296872, "neff": 1.4514617057205677, "mode_effective_area": 1.270262170058186e-10, "TE_polarization_fraction": 0.9057146037514209}, "4": {"n": 1.4517539550240655, "loss": 0.8447893545486213, "neff": 1.4514607031820417, "mode_effective_area": 1.6104098955440875e-10, "TE_polarization_fraction": 0.6645874292890585}, "5": {"n": 1.4517539550240655, "loss": 0.8970560484402447, "neff": 1.4514597982360038, "mode_effective_area": 1.2754884373997367e-10, "TE_polarization_fraction": 0.09418692546854228}, "6": {"n": 1.4517539550240655, "loss": 0.8607312895751332, "neff": 1.4514597094889334, "mode_effective_area": 1.6127229569109156e-10, "TE_polarization_fraction": 0.3361760596783735}}