{"wavelength": 900, "bend_radius": 0.035, "cladding_n": 1.4517539550240655, "core_n": 1.4537539550240655, "trench_n": 1.4467539550240656, "deltan_core": 0.002, "deltan_ring": 0.005, "core_radius": 4.15e-06, "trench_ID": 9.96e-06, "trench_OD": 1.4940000000000001e-05, "1": {"n": 1.4517539550240655, "loss": 0.00048259617953965085, "neff": 1.4527145719013304, "mode_effective_area": 6.898543807828413e-11, "TE_polarization_fraction": 0.9999999127596866}, "2": {"n": 1.4517539550240655, "loss": 0.0005407771383982449, "neff": 1.452712880769823, "mode_effective_area": 6.90337119824517e-11, "TE_polarization_fraction": 8.765071373029931e-08}, "3": {"n": 1.4517539550240655, "loss": 1.8673948892395704, "neff": 1.4514791122682655, "mode_effective_area": 1.1476776631076021e-10, "TE_polarization_fraction": 0.9967499144083739}, "4": {"n": 1.4517539550240655, "loss": 1.8841183231525154, "neff": 1.451478791131426, "mode_effective_area": 1.1550596111556207e-10, "TE_polarization_fraction": 0.007836066025509294}, "5": {"n": 1.4517539550240655, "loss": 1.1273281807853883, "neff": 1.4514725194674931, "mode_effective_area": 1.1490759624542865e-10, "TE_polarization_fraction": 0.9922353399931191}, "6": {"n": 1.4517539550240655, "loss": 1.1359741537681884, "neff": 1.4514710932029178, "mode_effective_area": 1.1491809196276547e-10, "TE_polarization_fraction": 0.0033031585530426404}}