{"wavelength": 900, "bend_radius": 0.05, "cladding_n": 1.4517539550240655, "core_n": 1.4537539550240655, "trench_n": 1.4467539550240656, "deltan_core": 0.002, "deltan_ring": 0.005, "core_radius": 4.15e-06, "trench_ID": 9.96e-06, "trench_OD": 1.4940000000000001e-05, "1": {"n": 1.4517539550240655, "loss": 4.144661682745891e-06, "neff": 1.452710633907568, "mode_effective_area": 6.890523755499975e-11, "TE_polarization_fraction": 0.9999999150543303}, "2": {"n": 1.4517539550240655, "loss": 5.8678960261926525e-06, "neff": 1.4527089343268473, "mode_effective_area": 6.895369961512719e-11, "TE_polarization_fraction": 8.487430658748173e-08}, "3": {"n": 1.4517539550240655, "loss": 1.279021479384623, "neff": 1.4514695790382683, "mode_effective_area": 1.1557680074494313e-10, "TE_polarization_fraction": 0.9875283442915805}, "4": {"n": 1.4517539550240655, "loss": 1.2726964918803854, "neff": 1.4514692897699046, "mode_effective_area": 1.2167728624807512e-10, "TE_polarization_fraction": 0.05233357632510805}, "5": {"n": 1.4517539550240655, "loss": 0.9783032275817704, "neff": 1.4514667976492668, "mode_effective_area": 1.2116259187168427e-10, "TE_polarization_fraction": 0.9478671651453333}, "6": {"n": 1.4517539550240655, "loss": 0.9755086052148594, "neff": 1.45146540843806, "mode_effective_area": 1.1579374476187239e-10, "TE_polarization_fraction": 0.01258982487721506}}