{"wavelength": 900, "bend_radius": 0.1, "cladding_n": 1.4517539550240655, "core_n": 1.4537539550240655, "trench_n": 1.4467539550240656, "deltan_core": 0.002, "deltan_ring": 0.005, "core_radius": 4.15e-06, "trench_ID": 9.96e-06, "trench_OD": 1.4940000000000001e-05, "1": {"n": 1.4517539550240655, "loss": -2.0834844856520896e-10, "neff": 1.4527078020286652, "mode_effective_area": 6.884914597098761e-11, "TE_polarization_fraction": 0.9999999167116973}, "2": {"n": 1.4517539550240655, "loss": 1.866611560743849e-10, "neff": 1.452706096371363, "mode_effective_area": 6.889777819283012e-11, "TE_polarization_fraction": 8.287342912153939e-08}, "3": {"n": 1.4517539550240655, "loss": 0.8912942714782922, "neff": 1.4514632074266294, "mode_effective_area": 1.5167994502420522e-10, "TE_polarization_fraction": 0.7382136218660813}, "4": {"n": 1.4517539550240655, "loss": 0.8546986144392961, "neff": 1.451462811391311, "mode_effective_area": 1.284117041680859e-10, "TE_polarization_fraction": 0.9017171759358671}, "5": {"n": 1.4517539550240655, "loss": 0.8577686050608201, "neff": 1.451461941425084, "mode_effective_area": 1.52241269084151e-10, "TE_polarization_fraction": 0.26186551245963025}, "6": {"n": 1.4517539550240655, "loss": 0.9136305863588022, "neff": 1.45146124097298, "mode_effective_area": 1.287493018034953e-10, "TE_polarization_fraction": 0.09870381100805918}}