{"wavelength": 900, "bend_radius": 0.03, "cladding_n": 1.4517539550240655, "core_n": 1.4537539550240655, "trench_n": 1.4467539550240656, "deltan_core": 0.002, "deltan_ring": 0.005, "core_radius": 4.15e-06, "trench_ID": 9.96e-06, "trench_OD": 1.4940000000000001e-05, "1": {"n": 1.4517539550240655, "loss": 0.002161769451642884, "neff": 1.452717365920951, "mode_effective_area": 6.904391171442085e-11, "TE_polarization_fraction": 0.999999911138833}, "2": {"n": 1.4517539550240655, "loss": 0.0021251678153795775, "neff": 1.452715680815309, "mode_effective_area": 6.909208115572567e-11, "TE_polarization_fraction": 8.961680855984535e-08}, "3": {"n": 1.4517539550240655, "loss": 2.27311588475157, "neff": 1.4514858875523695, "mode_effective_area": 1.1491624941712688e-10, "TE_polarization_fraction": 0.9982362188989946}, "4": {"n": 1.4517539550240655, "loss": 2.290189415261456, "neff": 1.4514855742373638, "mode_effective_area": 1.1527159863907825e-10, "TE_polarization_fraction": 0.003743392419895284}, "5": {"n": 1.4517539550240655, "loss": 1.2455667874110328, "neff": 1.4514765407325187, "mode_effective_area": 1.1467031149139755e-10, "TE_polarization_fraction": 0.996304505828594}, "6": {"n": 1.4517539550240655, "loss": 1.256006642545663, "neff": 1.4514751191392736, "mode_effective_area": 1.1506905035876664e-10, "TE_polarization_fraction": 0.0018012437839958998}}