{"wavelength": 900, "bend_radius": 0.005, "cladding_n": 1.4517539550240655, "core_n": 1.4537539550240655, "trench_n": 1.4467539550240656, "deltan_core": 0.002, "deltan_ring": 0.005, "core_radius": 4.15e-06, "trench_ID": 9.96e-06, "trench_OD": 1.4940000000000001e-05, "1": {"n": 1.4517539550240655, "loss": 12.974389987513161, "neff": 1.4531382072559296, "mode_effective_area": 8.756504380024982e-11, "TE_polarization_fraction": 0.9999997588297979}, "2": {"n": 1.4517539550240655, "loss": 13.074069038286483, "neff": 1.453137600374764, "mode_effective_area": 8.780822431313468e-11, "TE_polarization_fraction": 4.725338470082509e-07}, "3": {"n": 1.4517539550240655, "loss": 129.18293595199344, "neff": 1.4522639067701395, "mode_effective_area": 9.763445379240603e-11, "TE_polarization_fraction": 1.135514604245025e-05}, "4": {"n": 1.4517539550240655, "loss": 129.4817002521759, "neff": 1.452263569668937, "mode_effective_area": 9.789030625544301e-11, "TE_polarization_fraction": 0.9999998191280277}, "5": {"n": 1.4517539550240655, "loss": 60.56278314417105, "neff": 1.4520568864226406, "mode_effective_area": 1.2292275573861117e-10, "TE_polarization_fraction": 2.3171755567127955e-06}, "6": {"n": 1.4517539550240655, "loss": 60.41412401685303, "neff": 1.4520568745225622, "mode_effective_area": 1.2286026666368158e-10, "TE_polarization_fraction": 0.9999908271965247}}