{"wavelength": 910, "bend_radius": 0.04, "cladding_n": 1.4516122686289965, "core_n": 1.4536122686289965, "trench_n": 1.4466122686289966, "deltan_core": 0.002, "deltan_ring": 0.005, "core_radius": 4.15e-06, "trench_ID": 9.96e-06, "trench_OD": 1.4940000000000001e-05, "1": {"n": 1.4516122686289965, "loss": 0.00019331648483903642, "neff": 1.4525567003619484, "mode_effective_area": 6.981989204548194e-11, "TE_polarization_fraction": 0.9999999117789391}, "2": {"n": 1.4516122686289965, "loss": 0.0001756767440724915, "neff": 1.4525550189365206, "mode_effective_area": 6.987140831188097e-11, "TE_polarization_fraction": 8.831915617016647e-08}, "3": {"n": 1.4516122686289965, "loss": 1.8970723422555575, "neff": 1.4513085949173683, "mode_effective_area": 1.1688752853153242e-10, "TE_polarization_fraction": 0.9944249014819294}, "4": {"n": 1.4516122686289965, "loss": 1.897579502993316, "neff": 1.4513082997139566, "mode_effective_area": 1.1832505156733453e-10, "TE_polarization_fraction": 0.01465892382931556}, "5": {"n": 1.4516122686289965, "loss": 1.2750898648298248, "neff": 1.4513036374443091, "mode_effective_area": 1.1787762286462242e-10, "TE_polarization_fraction": 0.9854422835769312}, "6": {"n": 1.4516122686289965, "loss": 1.2842537226401234, "neff": 1.4513022922647367, "mode_effective_area": 1.1716744430761587e-10, "TE_polarization_fraction": 0.00564781538779708}}