{"wavelength": 910, "bend_radius": 0.03, "cladding_n": 1.4516122686289965, "core_n": 1.4536122686289965, "trench_n": 1.4466122686289966, "deltan_core": 0.002, "deltan_ring": 0.005, "core_radius": 4.15e-06, "trench_ID": 9.96e-06, "trench_OD": 1.4940000000000001e-05, "1": {"n": 1.4516122686289965, "loss": 0.0029246775320055946, "neff": 1.4525613312280734, "mode_effective_area": 6.992279490652687e-11, "TE_polarization_fraction": 0.9999999090672546}, "2": {"n": 1.4516122686289965, "loss": 0.002875424869679991, "neff": 1.4525596598012078, "mode_effective_area": 6.997419150632142e-11, "TE_polarization_fraction": 9.153506196958371e-08}, "3": {"n": 1.4516122686289965, "loss": 2.663497590832545, "neff": 1.4513198850600446, "mode_effective_area": 1.1684103356020308e-10, "TE_polarization_fraction": 0.9982045367643388}, "4": {"n": 1.4516122686289965, "loss": 2.684107360635121, "neff": 1.451319596996596, "mode_effective_area": 1.171846771264423e-10, "TE_polarization_fraction": 0.003644924751399}, "5": {"n": 1.4516122686289965, "loss": 1.4936458954844538, "neff": 1.4513103319354999, "mode_effective_area": 1.1679355011820355e-10, "TE_polarization_fraction": 0.9964025165480886}, "6": {"n": 1.4516122686289965, "loss": 1.5056795978073256, "neff": 1.4513089879655776, "mode_effective_area": 1.1718691033334365e-10, "TE_polarization_fraction": 0.0018334129536543653}}