{"wavelength": 910, "bend_radius": 0.2, "cladding_n": 1.4516122686289965, "core_n": 1.4536122686289965, "trench_n": 1.4466122686289966, "deltan_core": 0.002, "deltan_ring": 0.005, "core_radius": 4.15e-06, "trench_ID": 9.96e-06, "trench_OD": 1.4940000000000001e-05, "1": {"n": 1.4516122686289965, "loss": 3.5367842697634627e-12, "neff": 1.4525510024716926, "mode_effective_area": 6.969805742719705e-11, "TE_polarization_fraction": 0.9999999151391628}, "2": {"n": 1.4516122686289965, "loss": 3.4680053793309857e-12, "neff": 1.4525493088097214, "mode_effective_area": 6.974982207747413e-11, "TE_polarization_fraction": 8.435294076368736e-08}, "3": {"n": 1.4516122686289965, "loss": 1.1638008929784285, "neff": 1.4512957374165065, "mode_effective_area": 1.3497958519216654e-10, "TE_polarization_fraction": 0.8709544621136971}, "4": {"n": 1.4516122686289965, "loss": 0.9773891666746899, "neff": 1.4512949252289642, "mode_effective_area": 1.5523873216864286e-10, "TE_polarization_fraction": 0.7396285384672778}, "5": {"n": 1.4516122686289965, "loss": 1.030487410104441, "neff": 1.4512940573745536, "mode_effective_area": 1.355097289784267e-10, "TE_polarization_fraction": 0.12900781981414938}, "6": {"n": 1.4516122686289965, "loss": 1.0159061163150767, "neff": 1.4512938333906977, "mode_effective_area": 1.5550371998299527e-10, "TE_polarization_fraction": 0.26115269192675905}}