{"wavelength": 910, "bend_radius": 0.025, "cladding_n": 1.4516122686289965, "core_n": 1.4536122686289965, "trench_n": 1.4466122686289966, "deltan_core": 0.002, "deltan_ring": 0.005, "core_radius": 4.15e-06, "trench_ID": 9.96e-06, "trench_OD": 1.4940000000000001e-05, "1": {"n": 1.4516122686289965, "loss": 0.009587168880052722, "neff": 1.4525660017946085, "mode_effective_area": 7.003006723166131e-11, "TE_polarization_fraction": 0.9999999063499724}, "2": {"n": 1.4516122686289965, "loss": 0.009749339984779046, "neff": 1.4525643404979522, "mode_effective_area": 7.008141929595873e-11, "TE_polarization_fraction": 9.47733771633263e-08}, "3": {"n": 1.4516122686289965, "loss": 3.456738714400499, "neff": 1.451331264345104, "mode_effective_area": 1.171329585895676e-10, "TE_polarization_fraction": 0.9991469031354289}, "4": {"n": 1.4516122686289965, "loss": 3.4725763629637076, "neff": 1.4513309975079989, "mode_effective_area": 1.1731752763866813e-10, "TE_polarization_fraction": 0.0015987404915749452}, "5": {"n": 1.4516122686289965, "loss": 1.7292201211512388, "neff": 1.451317067094757, "mode_effective_area": 1.1709159781095732e-10, "TE_polarization_fraction": 0.9984317928715631}, "6": {"n": 1.4516122686289965, "loss": 1.7438630850620638, "neff": 1.4513157382059982, "mode_effective_area": 1.176473554775827e-10, "TE_polarization_fraction": 0.0008782642523783928}}