{"wavelength": 910, "bend_radius": 0.05, "cladding_n": 1.4516122686289965, "core_n": 1.4536122686289965, "trench_n": 1.4466122686289966, "deltan_core": 0.002, "deltan_ring": 0.005, "core_radius": 4.15e-06, "trench_ID": 9.96e-06, "trench_OD": 1.4940000000000001e-05, "1": {"n": 1.4516122686289965, "loss": 6.910002322505735e-06, "neff": 1.4525545613375264, "mode_effective_area": 6.977354241046498e-11, "TE_polarization_fraction": 0.9999999130373403}, "2": {"n": 1.4516122686289965, "loss": 1.007526157204825e-05, "neff": 1.4525528753229298, "mode_effective_area": 6.98251390785626e-11, "TE_polarization_fraction": 8.683155217637106e-08}, "3": {"n": 1.4516122686289965, "loss": 1.5191561967088205, "neff": 1.4513033879641914, "mode_effective_area": 1.1773306218798332e-10, "TE_polarization_fraction": 0.9871400472995514}, "4": {"n": 1.4516122686289965, "loss": 1.5142482373495074, "neff": 1.4513031194958044, "mode_effective_area": 1.232819217528662e-10, "TE_polarization_fraction": 0.048449897903610276}, "5": {"n": 1.4516122686289965, "loss": 1.19062116794654, "neff": 1.4513005053208, "mode_effective_area": 1.228532672687815e-10, "TE_polarization_fraction": 0.9517447941788132}, "6": {"n": 1.4516122686289965, "loss": 1.1898529297391758, "neff": 1.451299190238254, "mode_effective_area": 1.1802156954505018e-10, "TE_polarization_fraction": 0.012979770981763285}}