{"wavelength": 910, "bend_radius": 0.3, "cladding_n": 1.4516122686289965, "core_n": 1.4536122686289965, "trench_n": 1.4466122686289966, "deltan_core": 0.002, "deltan_ring": 0.005, "core_radius": 4.15e-06, "trench_ID": 9.96e-06, "trench_OD": 1.4940000000000001e-05, "1": {"n": 1.4516122686289965, "loss": -1.3194038538197103e-12, "neff": 1.452550870808785, "mode_effective_area": 6.969530351287284e-11, "TE_polarization_fraction": 0.9999999152171131}, "2": {"n": 1.4516122686289965, "loss": -4.6364040628902154e-12, "neff": 1.452549176864908, "mode_effective_area": 6.974707522271588e-11, "TE_polarization_fraction": 8.426115182709414e-08}, "3": {"n": 1.4516122686289965, "loss": 1.0583402789111154, "neff": 1.4512955315003317, "mode_effective_area": 1.3248811455752385e-10, "TE_polarization_fraction": 0.8866045932854526}, "4": {"n": 1.4516122686289965, "loss": 1.092683806350263, "neff": 1.4512946382389154, "mode_effective_area": 1.6180034122346171e-10, "TE_polarization_fraction": 0.6861333025673977}, "5": {"n": 1.4516122686289965, "loss": 1.075591557164966, "neff": 1.4512937546532216, "mode_effective_area": 1.3302167266710486e-10, "TE_polarization_fraction": 0.1132941608792323}, "6": {"n": 1.4516122686289965, "loss": 1.1004619611630222, "neff": 1.4512936050680405, "mode_effective_area": 1.620523903688947e-10, "TE_polarization_fraction": 0.3146316177529209}}