{"wavelength": 910, "bend_radius": 0.1, "cladding_n": 1.4516122686289965, "core_n": 1.4536122686289965, "trench_n": 1.4466122686289966, "deltan_core": 0.002, "deltan_ring": 0.005, "core_radius": 4.15e-06, "trench_ID": 9.96e-06, "trench_OD": 1.4940000000000001e-05, "1": {"n": 1.4516122686289965, "loss": -4.0411664794743037e-10, "neff": 1.452551713632258, "mode_effective_area": 6.971298002548472e-11, "TE_polarization_fraction": 0.9999999147183574}, "2": {"n": 1.4516122686289965, "loss": 3.7497159810944205e-10, "neff": 1.4525500214936198, "mode_effective_area": 6.976470757659688e-11, "TE_polarization_fraction": 8.484861185520496e-08}, "3": {"n": 1.4516122686289965, "loss": 1.0991673055656366, "neff": 1.4512969013032555, "mode_effective_area": 1.5811285005659093e-10, "TE_polarization_fraction": 0.7104144157017375}, "4": {"n": 1.4516122686289965, "loss": 1.0575710369894464, "neff": 1.4512965406765541, "mode_effective_area": 1.3182250086910384e-10, "TE_polarization_fraction": 0.8954729345669213}, "5": {"n": 1.4516122686289965, "loss": 1.064423236970834, "neff": 1.451295660761336, "mode_effective_area": 1.5863645675809982e-10, "TE_polarization_fraction": 0.289691446603826}, "6": {"n": 1.4516122686289965, "loss": 1.1264807362252145, "neff": 1.451294978614596, "mode_effective_area": 1.321743322607646e-10, "TE_polarization_fraction": 0.1049593511499537}}