{"wavelength": 910, "bend_radius": 0.005, "cladding_n": 1.4516122686289965, "core_n": 1.4536122686289965, "trench_n": 1.4466122686289966, "deltan_core": 0.002, "deltan_ring": 0.005, "core_radius": 4.15e-06, "trench_ID": 9.96e-06, "trench_OD": 1.4940000000000001e-05, "1": {"n": 1.4516122686289965, "loss": 14.312904406855814, "neff": 1.4529841320574777, "mode_effective_area": 8.856687245978125e-11, "TE_polarization_fraction": 0.9999997553041351}, "2": {"n": 1.4516122686289965, "loss": 14.419616860512287, "neff": 1.4529835368173758, "mode_effective_area": 8.881112829776604e-11, "TE_polarization_fraction": 4.78448169104272e-07}, "3": {"n": 1.4516122686289965, "loss": 140.86428201517407, "neff": 1.452094903636597, "mode_effective_area": 9.880967117652948e-11, "TE_polarization_fraction": 1.2113614742242238e-05}, "4": {"n": 1.4516122686289965, "loss": 141.2026122995292, "neff": 1.4520945670585437, "mode_effective_area": 9.906022441242237e-11, "TE_polarization_fraction": 0.9999998156158026}, "5": {"n": 1.4516122686289965, "loss": 66.063503065062, "neff": 1.451891233908258, "mode_effective_area": 1.2390655549454846e-10, "TE_polarization_fraction": 2.3539055142440682e-06}, "6": {"n": 1.4516122686289965, "loss": 65.91237652953743, "neff": 1.4518912140619284, "mode_effective_area": 1.2383469393391663e-10, "TE_polarization_fraction": 0.9999901748900225}}