{"wavelength": 910, "bend_radius": 0.015, "cladding_n": 1.4516122686289965, "core_n": 1.4536122686289965, "trench_n": 1.4466122686289966, "deltan_core": 0.002, "deltan_ring": 0.005, "core_radius": 4.15e-06, "trench_ID": 9.96e-06, "trench_OD": 1.4940000000000001e-05, "1": {"n": 1.4516122686289965, "loss": 0.0940316898597583, "neff": 1.4525934463437198, "mode_effective_area": 7.072901146545144e-11, "TE_polarization_fraction": 0.9999998907570825}, "2": {"n": 1.4516122686289965, "loss": 0.09525637000011937, "neff": 1.4525918455545563, "mode_effective_area": 7.078162233962443e-11, "TE_polarization_fraction": 1.1376133143023595e-07}, "3": {"n": 1.4516122686289965, "loss": 8.708057859933279, "neff": 1.4513975406303636, "mode_effective_area": 1.1775567868027172e-10, "TE_polarization_fraction": 0.9999067281012433}, "4": {"n": 1.4516122686289965, "loss": 8.759994637034637, "neff": 1.451397412989095, "mode_effective_area": 1.1784182268620413e-10, "TE_polarization_fraction": 0.00018258186611520207}, "5": {"n": 1.4516122686289965, "loss": 3.2967309350152956, "neff": 1.451356688488632, "mode_effective_area": 1.202856632823518e-10, "TE_polarization_fraction": 0.9998270392839081}, "6": {"n": 1.4516122686289965, "loss": 3.320929716694628, "neff": 1.4513554712036039, "mode_effective_area": 1.2090467386318638e-10, "TE_polarization_fraction": 0.0001012329509234762}}