{"wavelength": 910, "bend_radius": 0.045, "cladding_n": 1.4516122686289965, "core_n": 1.4536122686289965, "trench_n": 1.4466122686289966, "deltan_core": 0.002, "deltan_ring": 0.005, "core_radius": 4.15e-06, "trench_ID": 9.96e-06, "trench_OD": 1.4940000000000001e-05, "1": {"n": 1.4516122686289965, "loss": 3.778127228284756e-05, "neff": 1.4525554530001465, "mode_effective_area": 6.979277313586912e-11, "TE_polarization_fraction": 0.9999999125123256}, "2": {"n": 1.4516122686289965, "loss": 4.194381836549789e-05, "neff": 1.4525537688894603, "mode_effective_area": 6.984433406568028e-11, "TE_polarization_fraction": 8.745184581705186e-08}, "3": {"n": 1.4516122686289965, "loss": 1.6820876205570379, "neff": 1.4513055567868578, "mode_effective_area": 1.1721113200715298e-10, "TE_polarization_fraction": 0.9912839924540826}, "4": {"n": 1.4516122686289965, "loss": 1.6730346984022673, "neff": 1.4513052704697647, "mode_effective_area": 1.2008852386896252e-10, "TE_polarization_fraction": 0.027152359664603207}, "5": {"n": 1.4516122686289965, "loss": 1.221394705495209, "neff": 1.4513018193929013, "mode_effective_area": 1.1964753014423208e-10, "TE_polarization_fraction": 0.9729897816989409}, "6": {"n": 1.4516122686289965, "loss": 1.2265097225820303, "neff": 1.451300485064248, "mode_effective_area": 1.1749238577748277e-10, "TE_polarization_fraction": 0.008810826093135462}}