{"wavelength": 910, "bend_radius": 0.075, "cladding_n": 1.4516122686289965, "core_n": 1.4536122686289965, "trench_n": 1.4466122686289966, "deltan_core": 0.002, "deltan_ring": 0.005, "core_radius": 4.15e-06, "trench_ID": 9.96e-06, "trench_OD": 1.4940000000000001e-05, "1": {"n": 1.4516122686289965, "loss": -9.180731581662238e-09, "neff": 1.4525524514549553, "mode_effective_area": 6.972854716209782e-11, "TE_polarization_fraction": 0.999999914282198}, "2": {"n": 1.4516122686289965, "loss": 9.913599744470431e-09, "neff": 1.4525507608979287, "mode_effective_area": 6.978023806437772e-11, "TE_polarization_fraction": 8.53626637118889e-08}, "3": {"n": 1.4516122686289965, "loss": 1.1453416367311793, "neff": 1.4512982875173182, "mode_effective_area": 1.232210407261272e-10, "TE_polarization_fraction": 0.950236497535552}, "4": {"n": 1.4516122686289965, "loss": 1.1377993966715991, "neff": 1.4512982870548428, "mode_effective_area": 1.6920794068688006e-10, "TE_polarization_fraction": 0.4023863404297808}, "5": {"n": 1.4516122686289965, "loss": 1.1293566070934276, "neff": 1.4512971405248447, "mode_effective_area": 1.6921010858398335e-10, "TE_polarization_fraction": 0.5979716575170257}, "6": {"n": 1.4516122686289965, "loss": 1.1285852337715514, "neff": 1.4512960957811987, "mode_effective_area": 1.2355316173237037e-10, "TE_polarization_fraction": 0.050038588179591066}}