{"wavelength": 910, "bend_radius": 0.035, "cladding_n": 1.4516122686289965, "core_n": 1.4536122686289965, "trench_n": 1.4466122686289966, "deltan_core": 0.002, "deltan_ring": 0.005, "core_radius": 4.15e-06, "trench_ID": 9.96e-06, "trench_OD": 1.4940000000000001e-05, "1": {"n": 1.4516122686289965, "loss": 0.0006904972290306002, "neff": 1.4525585214468535, "mode_effective_area": 6.985993834886532e-11, "TE_polarization_fraction": 0.9999999107104918}, "2": {"n": 1.4516122686289965, "loss": 0.00077254375553507, "neff": 1.452556843946929, "mode_effective_area": 6.991140171858688e-11, "TE_polarization_fraction": 8.95845108315399e-08}, "3": {"n": 1.4516122686289965, "loss": 2.197485701288817, "neff": 1.4513130341888612, "mode_effective_area": 1.1676222469180528e-10, "TE_polarization_fraction": 0.9966831618486133}, "4": {"n": 1.4516122686289965, "loss": 2.21679041057895, "neff": 1.4513127380989623, "mode_effective_area": 1.174626237951162e-10, "TE_polarization_fraction": 0.007552022827358771}, "5": {"n": 1.4516122686289965, "loss": 1.359258084933874, "neff": 1.4513062751391332, "mode_effective_area": 1.170232478162086e-10, "TE_polarization_fraction": 0.9925183307369596}, "6": {"n": 1.4516122686289965, "loss": 1.3694805363494515, "neff": 1.4513049266163487, "mode_effective_area": 1.1705542758038221e-10, "TE_polarization_fraction": 0.0033705928524875193}}