{"wavelength": 910, "bend_radius": 0.02, "cladding_n": 1.4516122686289965, "core_n": 1.4536122686289965, "trench_n": 1.4466122686289966, "deltan_core": 0.002, "deltan_ring": 0.005, "core_radius": 4.15e-06, "trench_ID": 9.96e-06, "trench_OD": 1.4940000000000001e-05, "1": {"n": 1.4516122686289965, "loss": 0.02963000740262211, "neff": 1.4525746350075623, "mode_effective_area": 7.02373738177979e-11, "TE_polarization_fraction": 0.999999901374646}, "2": {"n": 1.4516122686289965, "loss": 0.03027417697228426, "neff": 1.4525729925601754, "mode_effective_area": 7.028885201063054e-11, "TE_polarization_fraction": 1.0075020834586167e-07}, "3": {"n": 1.4516122686289965, "loss": 4.989391717834445, "neff": 1.4513522407803945, "mode_effective_area": 1.175992299727669e-10, "TE_polarization_fraction": 0.9996666374643426}, "4": {"n": 1.4516122686289965, "loss": 5.025306174436496, "neff": 1.4513520178471357, "mode_effective_area": 1.1772066854910302e-10, "TE_polarization_fraction": 0.0006062581903842077}, "5": {"n": 1.4516122686289965, "loss": 2.1870935457244842, "neff": 1.451329518943796, "mode_effective_area": 1.1804985315910295e-10, "TE_polarization_fraction": 0.9994119823840976}, "6": {"n": 1.4516122686289965, "loss": 2.2046910078032593, "neff": 1.4513282238778773, "mode_effective_area": 1.186664751427878e-10, "TE_polarization_fraction": 0.00034859252375277964}}