{"wavelength": 910, "bend_radius": 0.01, "cladding_n": 1.4516122686289965, "core_n": 1.4536122686289965, "trench_n": 1.4466122686289966, "deltan_core": 0.002, "deltan_ring": 0.005, "core_radius": 4.15e-06, "trench_ID": 9.96e-06, "trench_OD": 1.4940000000000001e-05, "1": {"n": 1.4516122686289965, "loss": 0.4446781756175218, "neff": 1.4526484656971328, "mode_effective_area": 7.247054542203907e-11, "TE_polarization_fraction": 0.9999998616449823}, "2": {"n": 1.4516122686289965, "loss": 0.44991995631420123, "neff": 1.4526469914005955, "mode_effective_area": 7.253325643670094e-11, "TE_polarization_fraction": 1.5230891941300184e-07}, "3": {"n": 1.4516122686289965, "loss": 22.48850730095526, "neff": 1.4515250565639024, "mode_effective_area": 1.1393439653657436e-10, "TE_polarization_fraction": 3.910998014004746e-05}, "4": {"n": 1.4516122686289965, "loss": 22.396250165636054, "neff": 1.4515249538246944, "mode_effective_area": 1.1396697083937949e-10, "TE_polarization_fraction": 0.9999874815274973}, "5": {"n": 1.4516122686289965, "loss": 7.572718047345182, "neff": 1.4514362134431154, "mode_effective_area": 1.257913882278313e-10, "TE_polarization_fraction": 0.9999650611376066}, "6": {"n": 1.4516122686289965, "loss": 7.619434085362198, "neff": 1.451435218555415, "mode_effective_area": 1.263346760362388e-10, "TE_polarization_fraction": 1.5851743025364968e-05}}