{"wavelength": 910, "bend_radius": 0, "cladding_n": 1.4516122686289965, "core_n": 1.4536122686289965, "trench_n": 1.4466122686289966, "deltan_core": 0.002, "deltan_ring": 0.005, "core_radius": 4.15e-06, "trench_ID": 9.96e-06, "trench_OD": 1.4940000000000001e-05, "1": {"n": 1.4516122686289965, "loss": 3.647493634463354e-12, "neff": 1.4525507654859882, "mode_effective_area": 6.969310252405467e-11, "TE_polarization_fraction": 0.9999999152794795}, "2": {"n": 1.4516122686289965, "loss": 1.9993919839038864e-12, "neff": 1.4525490713166296, "mode_effective_area": 6.974487992412433e-11, "TE_polarization_fraction": 8.418772108375666e-08}, "3": {"n": 1.4516122686289965, "loss": 1.0510698992455458, "neff": 1.4512953688393728, "mode_effective_area": 1.306265541277193e-10, "TE_polarization_fraction": 0.8983092762909756}, "4": {"n": 1.4516122686289965, "loss": 1.0723516479694348, "neff": 1.4512944184904908, "mode_effective_area": 1.663734102380245e-10, "TE_polarization_fraction": 0.6411669182211639}, "5": {"n": 1.4516122686289965, "loss": 1.067091710693748, "neff": 1.4512935044819097, "mode_effective_area": 1.311448866196572e-10, "TE_polarization_fraction": 0.10159336245716379}, "6": {"n": 1.4516122686289965, "loss": 1.0900557617545423, "neff": 1.4512934184847028, "mode_effective_area": 1.665728161359991e-10, "TE_polarization_fraction": 0.359590784350772}}