{"wavelength": 920, "bend_radius": 0.01, "cladding_n": 1.4514726603407175, "core_n": 1.4534726603407175, "trench_n": 1.4464726603407176, "deltan_core": 0.002, "deltan_ring": 0.005, "core_radius": 4.15e-06, "trench_ID": 9.96e-06, "trench_OD": 1.4940000000000001e-05, "1": {"n": 1.4514726603407175, "loss": 0.5170748833552798, "neff": 1.4524950589487187, "mode_effective_area": 7.34779315844054e-11, "TE_polarization_fraction": 0.9999998590852394}, "2": {"n": 1.4514726603407175, "loss": 0.5230622372170182, "neff": 1.4524935996775148, "mode_effective_area": 7.354490147490082e-11, "TE_polarization_fraction": 1.5423319138102232e-07}, "3": {"n": 1.4514726603407175, "loss": 25.142907634457536, "neff": 1.4513618397943098, "mode_effective_area": 1.1486582705360115e-10, "TE_polarization_fraction": 4.062737244388605e-05}, "4": {"n": 1.4514726603407175, "loss": 25.043616304433964, "neff": 1.4513617240191343, "mode_effective_area": 1.1490534576450363e-10, "TE_polarization_fraction": 0.9999870685743455}, "5": {"n": 1.4514726603407175, "loss": 8.62027758568066, "neff": 1.451272976119461, "mode_effective_area": 1.2744969151938848e-10, "TE_polarization_fraction": 0.9999636817213601}, "6": {"n": 1.4514726603407175, "loss": 8.67033493729335, "neff": 1.4512720376163106, "mode_effective_area": 1.2797211618191925e-10, "TE_polarization_fraction": 1.63610585488308e-05}}