{"wavelength": 920, "bend_radius": 0.03, "cladding_n": 1.4514726603407175, "core_n": 1.4534726603407175, "trench_n": 1.4464726603407176, "deltan_core": 0.002, "deltan_ring": 0.005, "core_radius": 4.15e-06, "trench_ID": 9.96e-06, "trench_OD": 1.4940000000000001e-05, "1": {"n": 1.4514726603407175, "loss": 0.003917853312477781, "neff": 1.4524074151509532, "mode_effective_area": 7.08104706614496e-11, "TE_polarization_fraction": 0.9999999070088411}, "2": {"n": 1.4514726603407175, "loss": 0.0038531091777863646, "neff": 1.4524057575723295, "mode_effective_area": 7.086506015291412e-11, "TE_polarization_fraction": 9.344989934754447e-08}, "3": {"n": 1.4514726603407175, "loss": 3.1067579707559516, "neff": 1.4511560711928697, "mode_effective_area": 1.187363362464089e-10, "TE_polarization_fraction": 0.9981674833357435}, "4": {"n": 1.4514726603407175, "loss": 3.1314919517519857, "neff": 1.4511558074954387, "mode_effective_area": 1.1907059951813242e-10, "TE_polarization_fraction": 0.0035734720806352214}, "5": {"n": 1.4514726603407175, "loss": 1.7819330021399853, "neff": 1.4511463351818965, "mode_effective_area": 1.1889222995408338e-10, "TE_polarization_fraction": 0.9964737071884819}, "6": {"n": 1.4514726603407175, "loss": 1.7956988952467137, "neff": 1.4511450666250865, "mode_effective_area": 1.1927702997960432e-10, "TE_polarization_fraction": 0.0018710234322549557}}