{"wavelength": 920, "bend_radius": 0.1, "cladding_n": 1.4514726603407175, "core_n": 1.4534726603407175, "trench_n": 1.4464726603407176, "deltan_core": 0.002, "deltan_ring": 0.005, "core_radius": 4.15e-06, "trench_ID": 9.96e-06, "trench_OD": 1.4940000000000001e-05, "1": {"n": 1.4514726603407175, "loss": -7.816912427266475e-10, "neff": 1.4523977429110502, "mode_effective_area": 7.058588751827361e-11, "TE_polarization_fraction": 0.9999999127351102}, "2": {"n": 1.4514726603407175, "loss": 7.219752215932607e-10, "neff": 1.452396064474022, "mode_effective_area": 7.06406768032217e-11, "TE_polarization_fraction": 8.68147428862362e-08}, "3": {"n": 1.4514726603407175, "loss": 1.3484699644189964, "neff": 1.4511328166682367, "mode_effective_area": 1.6441224640040876e-10, "TE_polarization_fraction": 0.681959524423114}, "4": {"n": 1.4514726603407175, "loss": 1.3133913085475388, "neff": 1.4511324875071314, "mode_effective_area": 1.3528136083864744e-10, "TE_polarization_fraction": 0.8890101171576397}, "5": {"n": 1.4514726603407175, "loss": 1.3205836805879707, "neff": 1.451131594875447, "mode_effective_area": 1.648961701078537e-10, "TE_polarization_fraction": 0.31816453235149966}, "6": {"n": 1.4514726603407175, "loss": 1.3771144791906038, "neff": 1.4511309336456777, "mode_effective_area": 1.3564291946841022e-10, "TE_polarization_fraction": 0.11143770787002209}}