{"wavelength": 920, "bend_radius": 0.045, "cladding_n": 1.4514726603407175, "core_n": 1.4534726603407175, "trench_n": 1.4464726603407176, "deltan_core": 0.002, "deltan_ring": 0.005, "core_radius": 4.15e-06, "trench_ID": 9.96e-06, "trench_OD": 1.4940000000000001e-05, "1": {"n": 1.4514726603407175, "loss": 6.146504170110438e-05, "neff": 1.4524015034518085, "mode_effective_area": 7.067143822806891e-11, "TE_polarization_fraction": 0.9999999104993127}, "2": {"n": 1.4514726603407175, "loss": 6.541312909470795e-05, "neff": 1.4523998330994476, "mode_effective_area": 7.07261118040335e-11, "TE_polarization_fraction": 8.93967861010393e-08}, "3": {"n": 1.4514726603407175, "loss": 1.982719720464308, "neff": 1.4511415975030604, "mode_effective_area": 1.1928858323125718e-10, "TE_polarization_fraction": 0.9910286139718588}, "4": {"n": 1.4514726603407175, "loss": 1.9733742293349719, "neff": 1.45114133369851, "mode_effective_area": 1.2196447123262525e-10, "TE_polarization_fraction": 0.02578499728252805}, "5": {"n": 1.4514726603407175, "loss": 1.4750424416691166, "neff": 1.451137753375393, "mode_effective_area": 1.216291141951865e-10, "TE_polarization_fraction": 0.9743544396334224}, "6": {"n": 1.4514726603407175, "loss": 1.4824435217099967, "neff": 1.4511364933993949, "mode_effective_area": 1.1965948282721988e-10, "TE_polarization_fraction": 0.009067561712346735}}