{"wavelength": 920, "bend_radius": 0.3, "cladding_n": 1.4514726603407175, "core_n": 1.4534726603407175, "trench_n": 1.4464726603407176, "deltan_core": 0.002, "deltan_ring": 0.005, "core_radius": 4.15e-06, "trench_ID": 9.96e-06, "trench_OD": 1.4940000000000001e-05, "1": {"n": 1.4514726603407175, "loss": -5.970296026326405e-12, "neff": 1.452396895328824, "mode_effective_area": 7.056690922364749e-11, "TE_polarization_fraction": 0.9999999132406728}, "2": {"n": 1.4514726603407175, "loss": -8.39322507284259e-12, "neff": 1.452395215073756, "mode_effective_area": 7.062173109716943e-11, "TE_polarization_fraction": 8.623227140978065e-08}, "3": {"n": 1.4514726603407175, "loss": 1.2993724423438635, "neff": 1.4511314187000357, "mode_effective_area": 1.364139382630826e-10, "TE_polarization_fraction": 0.8774572004297471}, "4": {"n": 1.4514726603407175, "loss": 1.3299203928655214, "neff": 1.4511305736272297, "mode_effective_area": 1.6708430458766435e-10, "TE_polarization_fraction": 0.665174963700017}, "5": {"n": 1.4514726603407175, "loss": 1.4028888632931187, "neff": 1.451129681271275, "mode_effective_area": 1.369532379119506e-10, "TE_polarization_fraction": 0.12242075249410204}, "6": {"n": 1.4514726603407175, "loss": 1.371353928575215, "neff": 1.451129535842803, "mode_effective_area": 1.6731728496081633e-10, "TE_polarization_fraction": 0.33554803864958715}}