{"wavelength": 920, "bend_radius": 0, "cladding_n": 1.4514726603407175, "core_n": 1.4534726603407175, "trench_n": 1.4464726603407176, "deltan_core": 0.002, "deltan_ring": 0.005, "core_radius": 4.15e-06, "trench_ID": 9.96e-06, "trench_OD": 1.4940000000000001e-05, "1": {"n": 1.4514726603407175, "loss": -4.977659755494954e-12, "neff": 1.4523967894116996, "mode_effective_area": 7.056454543878016e-11, "TE_polarization_fraction": 0.9999999133038919}, "2": {"n": 1.4514726603407175, "loss": -4.407804470576025e-12, "neff": 1.4523951089295506, "mode_effective_area": 7.061937155560773e-11, "TE_polarization_fraction": 8.615946952910921e-08}, "3": {"n": 1.4514726603407175, "loss": 1.2615965057008094, "neff": 1.4511312534836698, "mode_effective_area": 1.343157651904996e-10, "TE_polarization_fraction": 0.890450980726325}, "4": {"n": 1.4514726603407175, "loss": 1.3554794968162458, "neff": 1.451130353850238, "mode_effective_area": 1.713990843088582e-10, "TE_polarization_fraction": 0.6184356861100381}, "5": {"n": 1.4514726603407175, "loss": 1.2720272796534207, "neff": 1.451129429254792, "mode_effective_area": 1.3482889099654626e-10, "TE_polarization_fraction": 0.10945390929243609}, "6": {"n": 1.4514726603407175, "loss": 1.3733129889244051, "neff": 1.4511293451976974, "mode_effective_area": 1.7156545987569998e-10, "TE_polarization_fraction": 0.38231455124393077}}