{"wavelength": 920, "bend_radius": 0.035, "cladding_n": 1.4514726603407175, "core_n": 1.4534726603407175, "trench_n": 1.4464726603407176, "deltan_core": 0.002, "deltan_ring": 0.005, "core_radius": 4.15e-06, "trench_ID": 9.96e-06, "trench_OD": 1.4940000000000001e-05, "1": {"n": 1.4514726603407175, "loss": 0.000977546476351707, "neff": 1.452404589343412, "mode_effective_area": 7.074331264570878e-11, "TE_polarization_fraction": 0.9999999086735738}, "2": {"n": 1.4514726603407175, "loss": 0.0010908050237954266, "neff": 1.4524029256482718, "mode_effective_area": 7.079793146772852e-11, "TE_polarization_fraction": 9.151323133351214e-08}, "3": {"n": 1.4514726603407175, "loss": 2.5739416927977876, "neff": 1.4511491528351654, "mode_effective_area": 1.1872868530399764e-10, "TE_polarization_fraction": 0.9966067917889538}, "4": {"n": 1.4514726603407175, "loss": 2.595953910037808, "neff": 1.4511488809825182, "mode_effective_area": 1.1939800906434108e-10, "TE_polarization_fraction": 0.007335341354801027}, "5": {"n": 1.4514726603407175, "loss": 1.6300524239963576, "neff": 1.4511422450850369, "mode_effective_area": 1.1912063302811204e-10, "TE_polarization_fraction": 0.9927343137757454}, "6": {"n": 1.4514726603407175, "loss": 1.6419821990346488, "neff": 1.4511409721558302, "mode_effective_area": 1.1916691718569816e-10, "TE_polarization_fraction": 0.003447731632941538}}