{"wavelength": 920, "bend_radius": 0.025, "cladding_n": 1.4514726603407175, "core_n": 1.4534726603407175, "trench_n": 1.4464726603407176, "deltan_core": 0.002, "deltan_ring": 0.005, "core_radius": 4.15e-06, "trench_ID": 9.96e-06, "trench_OD": 1.4940000000000001e-05, "1": {"n": 1.4514726603407175, "loss": 0.012220554602803585, "neff": 1.4524121124545626, "mode_effective_area": 7.092484568246858e-11, "TE_polarization_fraction": 0.9999999042566028}, "2": {"n": 1.4514726603407175, "loss": 0.01242093192249562, "neff": 1.4524104650707854, "mode_effective_area": 7.097945337480795e-11, "TE_polarization_fraction": 9.666721142911937e-08}, "3": {"n": 1.4514726603407175, "loss": 4.01127409507369, "neff": 1.4511675539086792, "mode_effective_area": 1.189242992772329e-10, "TE_polarization_fraction": 0.9991306302606854}, "4": {"n": 1.4514726603407175, "loss": 4.028345046815277, "neff": 1.4511673112122054, "mode_effective_area": 1.1910680805897307e-10, "TE_polarization_fraction": 0.0015813501289452456}, "5": {"n": 1.4514726603407175, "loss": 2.049821241787215, "neff": 1.4511531247257268, "mode_effective_area": 1.1917502002238197e-10, "TE_polarization_fraction": 0.9984491593569661}, "6": {"n": 1.4514726603407175, "loss": 2.066409448899708, "neff": 1.4511518704440576, "mode_effective_area": 1.1971319918811792e-10, "TE_polarization_fraction": 0.0008949267145482396}}