{"wavelength": 920, "bend_radius": 0.075, "cladding_n": 1.4514726603407175, "core_n": 1.4534726603407175, "trench_n": 1.4464726603407176, "deltan_core": 0.002, "deltan_ring": 0.005, "core_radius": 4.15e-06, "trench_ID": 9.96e-06, "trench_OD": 1.4940000000000001e-05, "1": {"n": 1.4514726603407175, "loss": -1.606094941711772e-08, "neff": 1.452398484903683, "mode_effective_area": 7.060259288169864e-11, "TE_polarization_fraction": 0.9999999122930217}, "2": {"n": 1.4514726603407175, "loss": 1.845116944620223e-08, "neff": 1.4523968080594727, "mode_effective_area": 7.065735563397477e-11, "TE_polarization_fraction": 8.732449161768108e-08}, "3": {"n": 1.4514726603407175, "loss": 1.3774543061712035, "neff": 1.4511342504850158, "mode_effective_area": 1.2585250432974974e-10, "TE_polarization_fraction": 0.9477083615863077}, "4": {"n": 1.4514726603407175, "loss": 1.3796787310801195, "neff": 1.4511342429328946, "mode_effective_area": 1.6970229740058242e-10, "TE_polarization_fraction": 0.3677745317065276}, "5": {"n": 1.4514726603407175, "loss": 1.3729000720685272, "neff": 1.4511330636929693, "mode_effective_area": 1.6965776488756897e-10, "TE_polarization_fraction": 0.6326067718717742}, "6": {"n": 1.4514726603407175, "loss": 1.3816224527691878, "neff": 1.4511320640226482, "mode_effective_area": 1.262182592417855e-10, "TE_polarization_fraction": 0.05257144926299064}}