{"wavelength": 920, "bend_radius": 0.015, "cladding_n": 1.4514726603407175, "core_n": 1.4534726603407175, "trench_n": 1.4464726603407176, "deltan_core": 0.002, "deltan_ring": 0.005, "core_radius": 4.15e-06, "trench_ID": 9.96e-06, "trench_OD": 1.4940000000000001e-05, "1": {"n": 1.4514726603407175, "loss": 0.11222814672245177, "neff": 1.4524397160732345, "mode_effective_area": 7.166414026917297e-11, "TE_polarization_fraction": 0.9999998884776791}, "2": {"n": 1.4514726603407175, "loss": 0.11371444858799014, "neff": 1.4524381296043538, "mode_effective_area": 7.172037081487377e-11, "TE_polarization_fraction": 1.1558305764773045e-07}, "3": {"n": 1.4514726603407175, "loss": 9.921072610372129, "neff": 1.4512342368937525, "mode_effective_area": 1.1907118751549736e-10, "TE_polarization_fraction": 0.9999047222052907}, "4": {"n": 1.4514726603407175, "loss": 9.977392698775635, "neff": 1.4512341300595888, "mode_effective_area": 1.1915259237562741e-10, "TE_polarization_fraction": 0.00018493645866264264}, "5": {"n": 1.4514726603407175, "loss": 3.829644224063948, "neff": 1.4511930342577943, "mode_effective_area": 1.2224601155935728e-10, "TE_polarization_fraction": 0.9998248202059116}, "6": {"n": 1.4514726603407175, "loss": 3.8561955234697485, "neff": 1.4511918854868373, "mode_effective_area": 1.2284307434540585e-10, "TE_polarization_fraction": 0.0001034045446857489}}