{"wavelength": 920, "bend_radius": 0.005, "cladding_n": 1.4514726603407175, "core_n": 1.4534726603407175, "trench_n": 1.4464726603407176, "deltan_core": 0.002, "deltan_ring": 0.005, "core_radius": 4.15e-06, "trench_ID": 9.96e-06, "trench_OD": 1.4940000000000001e-05, "1": {"n": 1.4514726603407175, "loss": 15.755585919465034, "neff": 1.452832144881681, "mode_effective_area": 8.95616839159307e-11, "TE_polarization_fraction": 0.9999997517706933}, "2": {"n": 1.4514726603407175, "loss": 15.86951002233399, "neff": 1.4528315609528801, "mode_effective_area": 8.980697009011932e-11, "TE_polarization_fraction": 4.8445287459834e-07}, "3": {"n": 1.4514726603407175, "loss": 153.31653469677977, "neff": 1.4519279390513766, "mode_effective_area": 9.999727613117854e-11, "TE_polarization_fraction": 1.2928444689245788e-05}, "4": {"n": 1.4514726603407175, "loss": 153.69729629577876, "neff": 1.4519276025047805, "mode_effective_area": 1.0024222296159273e-10, "TE_polarization_fraction": 0.9999998112314089}, "5": {"n": 1.4514726603407175, "loss": 71.9372304657146, "neff": 1.4517276421768557, "mode_effective_area": 1.24903520208389e-10, "TE_polarization_fraction": 2.393504674395713e-06}, "6": {"n": 1.4514726603407175, "loss": 71.78422929689295, "neff": 1.4517276142758906, "mode_effective_area": 1.248221278746781e-10, "TE_polarization_fraction": 0.9999894697141626}}