{"wavelength": 920, "bend_radius": 0.02, "cladding_n": 1.4514726603407175, "core_n": 1.4534726603407175, "trench_n": 1.4464726603407176, "deltan_core": 0.002, "deltan_ring": 0.005, "core_radius": 4.15e-06, "trench_ID": 9.96e-06, "trench_OD": 1.4940000000000001e-05, "1": {"n": 1.4514726603407175, "loss": 0.036337378415946205, "neff": 1.452420795365289, "mode_effective_area": 7.114510723840182e-11, "TE_polarization_fraction": 0.9999998992191816}, "2": {"n": 1.4514726603407175, "loss": 0.03714548087502166, "neff": 1.4524191669694466, "mode_effective_area": 7.119996033653816e-11, "TE_polarization_fraction": 1.0261206124219156e-07}, "3": {"n": 1.4514726603407175, "loss": 5.74871501615067, "neff": 1.4511886936403133, "mode_effective_area": 1.1921805122600836e-10, "TE_polarization_fraction": 0.9996603451226891}, "4": {"n": 1.4514726603407175, "loss": 5.789654868109551, "neff": 1.4511884939892634, "mode_effective_area": 1.193381349778964e-10, "TE_polarization_fraction": 0.0006055837275974661}, "5": {"n": 1.4514726603407175, "loss": 2.571002204832729, "neff": 1.4511656730927671, "mode_effective_area": 1.2009769111619778e-10, "TE_polarization_fraction": 0.9994127456176921}, "6": {"n": 1.4514726603407175, "loss": 2.5906316856827627, "neff": 1.4511644507927963, "mode_effective_area": 1.2069344451934304e-10, "TE_polarization_fraction": 0.0003551457846884885}}