{"wavelength": 920, "bend_radius": 0.2, "cladding_n": 1.4514726603407175, "core_n": 1.4534726603407175, "trench_n": 1.4464726603407176, "deltan_core": 0.002, "deltan_ring": 0.005, "core_radius": 4.15e-06, "trench_ID": 9.96e-06, "trench_OD": 1.4940000000000001e-05, "1": {"n": 1.4514726603407175, "loss": -7.50155763815239e-12, "neff": 1.4523970277348028, "mode_effective_area": 7.056986660994456e-11, "TE_polarization_fraction": 0.9999999131616564}, "2": {"n": 1.4514726603407175, "loss": -1.9651403776771253e-12, "neff": 1.4523953477636402, "mode_effective_area": 7.062468323234505e-11, "TE_polarization_fraction": 8.6323275921293e-08}, "3": {"n": 1.4514726603407175, "loss": 1.4079257921300845, "neff": 1.4511316260482252, "mode_effective_area": 1.3932052883153162e-10, "TE_polarization_fraction": 0.859453631624744}, "4": {"n": 1.4514726603407175, "loss": 1.4914569752992803, "neff": 1.4511308604768554, "mode_effective_area": 1.606813098047308e-10, "TE_polarization_fraction": 0.7208084870330567}, "5": {"n": 1.4514726603407175, "loss": 1.2331847320682867, "neff": 1.4511299874041441, "mode_effective_area": 1.3983483727346052e-10, "TE_polarization_fraction": 0.1405379245739322}, "6": {"n": 1.4514726603407175, "loss": 1.3682860682014941, "neff": 1.4511297694222858, "mode_effective_area": 1.6091230199557413e-10, "TE_polarization_fraction": 0.28030763078811133}}