{"wavelength": 920, "bend_radius": 0.05, "cladding_n": 1.4514726603407175, "core_n": 1.4534726603407175, "trench_n": 1.4464726603407176, "deltan_core": 0.002, "deltan_ring": 0.005, "core_radius": 4.15e-06, "trench_ID": 9.96e-06, "trench_OD": 1.4940000000000001e-05, "1": {"n": 1.4514726603407175, "loss": 1.14172340550335e-05, "neff": 1.452400606731506, "mode_effective_area": 7.065083659486073e-11, "TE_polarization_fraction": 0.999999911031361}, "2": {"n": 1.4514726603407175, "loss": 1.69668137197681e-05, "neff": 1.4523989344619634, "mode_effective_area": 7.070553409359656e-11, "TE_polarization_fraction": 8.87814050243917e-08}, "3": {"n": 1.4514726603407175, "loss": 1.7958921254520663, "neff": 1.451139405374482, "mode_effective_area": 1.1986867766623171e-10, "TE_polarization_fraction": 0.986717169378799}, "4": {"n": 1.4514726603407175, "loss": 1.7926495330152303, "neff": 1.451139157568098, "mode_effective_area": 1.2496709837817935e-10, "TE_polarization_fraction": 0.045391825251638936}, "5": {"n": 1.4514726603407175, "loss": 1.4406446864593572, "neff": 1.4511364298018383, "mode_effective_area": 1.246272475549337e-10, "TE_polarization_fraction": 0.9547983841145229}, "6": {"n": 1.4514726603407175, "loss": 1.4421287278320596, "neff": 1.4511351873746579, "mode_effective_area": 1.202306648976219e-10, "TE_polarization_fraction": 0.013404382482550794}}