{"wavelength": 920, "bend_radius": 0.04, "cladding_n": 1.4514726603407175, "core_n": 1.4534726603407175, "trench_n": 1.4464726603407176, "deltan_core": 0.002, "deltan_ring": 0.005, "core_radius": 4.15e-06, "trench_ID": 9.96e-06, "trench_OD": 1.4940000000000001e-05, "1": {"n": 1.4514726603407175, "loss": 0.00028663798551804674, "neff": 1.4524027578978003, "mode_effective_area": 7.070047282898109e-11, "TE_polarization_fraction": 0.9999999097561525}, "2": {"n": 1.4514726603407175, "loss": 0.00026368697214583086, "neff": 1.4524010902499598, "mode_effective_area": 7.075511922441564e-11, "TE_polarization_fraction": 9.025737411559707e-08}, "3": {"n": 1.4514726603407175, "loss": 2.2295435620194537, "neff": 1.4511446677981499, "mode_effective_area": 1.1891105924323192e-10, "TE_polarization_fraction": 0.994280116223204}, "4": {"n": 1.4514726603407175, "loss": 2.22994565695103, "neff": 1.4511443962401176, "mode_effective_area": 1.2026489259948342e-10, "TE_polarization_fraction": 0.014089638903664662}, "5": {"n": 1.4514726603407175, "loss": 1.5353923859635685, "neff": 1.4511395858233793, "mode_effective_area": 1.1994614008087886e-10, "TE_polarization_fraction": 0.986010113593117}, "6": {"n": 1.4514726603407175, "loss": 1.5466648265473637, "neff": 1.4511383159062234, "mode_effective_area": 1.1930322002458778e-10, "TE_polarization_fraction": 0.00579363382884057}}