{"wavelength": 930, "bend_radius": 0.005, "cladding_n": 1.4513350097137934, "core_n": 1.4533350097137934, "trench_n": 1.4463350097137935, "deltan_core": 0.002, "deltan_ring": 0.005, "core_radius": 4.15e-06, "trench_ID": 9.96e-06, "trench_OD": 1.4940000000000001e-05, "1": {"n": 1.4513350097137934, "loss": 17.308209756496446, "neff": 1.4526821242216221, "mode_effective_area": 9.055005023713587e-11, "TE_polarization_fraction": 0.9999997482258466}, "2": {"n": 1.4513350097137934, "loss": 17.429548521306742, "neff": 1.4526815512913498, "mode_effective_area": 9.079633136420178e-11, "TE_polarization_fraction": 4.905489766318249e-07}, "3": {"n": 1.4513350097137934, "loss": 166.56279771631816, "neff": 1.451762894827559, "mode_effective_area": 1.0119864923910883e-10, "TE_polarization_fraction": 1.380413610621367e-05}, "4": {"n": 1.4513350097137934, "loss": 166.98923965241008, "neff": 1.451762557845384, "mode_effective_area": 1.0143769352505715e-10, "TE_polarization_fraction": 0.9999998057157163}, "5": {"n": 1.4513350097137934, "loss": 78.19984653869415, "neff": 1.4515659904317466, "mode_effective_area": 1.2591417610473543e-10, "TE_polarization_fraction": 2.436422879282486e-06}, "6": {"n": 1.4513350097137934, "loss": 78.04558468169093, "neff": 1.4515659543795747, "mode_effective_area": 1.2582308630717083e-10, "TE_polarization_fraction": 0.9999887071046455}}