{"wavelength": 930, "bend_radius": 0.045, "cladding_n": 1.4513350097137934, "core_n": 1.4533350097137934, "trench_n": 1.4463350097137935, "deltan_core": 0.002, "deltan_ring": 0.005, "core_radius": 4.15e-06, "trench_ID": 9.96e-06, "trench_OD": 1.4940000000000001e-05, "1": {"n": 1.4513350097137934, "loss": 9.858092449110901e-05, "neff": 1.4522495518529175, "mode_effective_area": 7.15588876366707e-11, "TE_polarization_fraction": 0.9999999084991169}, "2": {"n": 1.4513350097137934, "loss": 0.00010061336424641994, "neff": 1.4522478954219633, "mode_effective_area": 7.161663858273515e-11, "TE_polarization_fraction": 9.133337129018157e-08}, "3": {"n": 1.4513350097137934, "loss": 2.3266543748311332, "neff": 1.450979715238399, "mode_effective_area": 1.213420903922122e-10, "TE_polarization_fraction": 0.9907479066191418}, "4": {"n": 1.4513350097137934, "loss": 2.3169900798073306, "neff": 1.4509794734211834, "mode_effective_area": 1.2385079786287315e-10, "TE_polarization_fraction": 0.02471653928007883}, "5": {"n": 1.4513350097137934, "loss": 1.7715647471696716, "neff": 1.4509757748942578, "mode_effective_area": 1.2362321233846574e-10, "TE_polarization_fraction": 0.9754211048499375}, "6": {"n": 1.4513350097137934, "loss": 1.781491144526787, "neff": 1.4509745873695952, "mode_effective_area": 1.21804089851172e-10, "TE_polarization_fraction": 0.009349716655887642}}