{"wavelength": 930, "bend_radius": 0.025, "cladding_n": 1.4513350097137934, "core_n": 1.4533350097137934, "trench_n": 1.4463350097137935, "deltan_core": 0.002, "deltan_ring": 0.005, "core_radius": 4.15e-06, "trench_ID": 9.96e-06, "trench_OD": 1.4940000000000001e-05, "1": {"n": 1.4513350097137934, "loss": 0.015466727288205669, "neff": 1.4522602219067144, "mode_effective_area": 7.182808824287679e-11, "TE_polarization_fraction": 0.9999999021793197}, "2": {"n": 1.4513350097137934, "loss": 0.01571302148913301, "neff": 1.452258588587937, "mode_effective_area": 7.188591524043507e-11, "TE_polarization_fraction": 9.85590500869359e-08}, "3": {"n": 1.4513350097137934, "loss": 4.635325614046335, "neff": 1.451005891024454, "mode_effective_area": 1.206865975644938e-10, "TE_polarization_fraction": 0.99911169481876}, "4": {"n": 1.4513350097137934, "loss": 4.653750307101744, "neff": 1.4510056715893767, "mode_effective_area": 1.2086750893807648e-10, "TE_polarization_fraction": 0.0015729836816475674}, "5": {"n": 1.4513350097137934, "loss": 2.4186139581152286, "neff": 1.4509912617690204, "mode_effective_area": 1.2122885245539437e-10, "TE_polarization_fraction": 0.9984575991710635}, "6": {"n": 1.4513350097137934, "loss": 2.4373087005098033, "neff": 1.450990079866668, "mode_effective_area": 1.217482986748186e-10, "TE_polarization_fraction": 0.0009143021350965464}}