{"wavelength": 930, "bend_radius": 0.2, "cladding_n": 1.4513350097137934, "core_n": 1.4533350097137934, "trench_n": 1.4463350097137935, "deltan_core": 0.002, "deltan_ring": 0.005, "core_radius": 4.15e-06, "trench_ID": 9.96e-06, "trench_OD": 1.4940000000000001e-05, "1": {"n": 1.4513350097137934, "loss": -9.526707528408501e-12, "neff": 1.4522450505539914, "mode_effective_area": 7.145059593567217e-11, "TE_polarization_fraction": 0.9999999111955448}, "2": {"n": 1.4513350097137934, "loss": 5.363967331950009e-13, "neff": 1.4522433844428244, "mode_effective_area": 7.150842985704418e-11, "TE_polarization_fraction": 8.828262041633583e-08}, "3": {"n": 1.4513350097137934, "loss": 1.569715857719437, "neff": 1.4509696075296736, "mode_effective_area": 1.4377086716956006e-10, "TE_polarization_fraction": 0.847311459723276}, "4": {"n": 1.4513350097137934, "loss": 1.687924288886176, "neff": 1.4509688831753287, "mode_effective_area": 1.6613041053821925e-10, "TE_polarization_fraction": 0.7001619053524951}, "5": {"n": 1.4513350097137934, "loss": 1.505551919818016, "neff": 1.4509680060799366, "mode_effective_area": 1.4428613545102018e-10, "TE_polarization_fraction": 0.15263482599471184}, "6": {"n": 1.4513350097137934, "loss": 1.6449649857816793, "neff": 1.450967792919577, "mode_effective_area": 1.663600734489287e-10, "TE_polarization_fraction": 0.3007376823386337}}