{"wavelength": 930, "bend_radius": 0.04, "cladding_n": 1.4513350097137934, "core_n": 1.4533350097137934, "trench_n": 1.4463350097137935, "deltan_core": 0.002, "deltan_ring": 0.005, "core_radius": 4.15e-06, "trench_ID": 9.96e-06, "trench_OD": 1.4940000000000001e-05, "1": {"n": 1.4513350097137934, "loss": 0.00041897166928766275, "neff": 1.4522508134897616, "mode_effective_area": 7.158980022324533e-11, "TE_polarization_fraction": 0.9999999077465801}, "2": {"n": 1.4513350097137934, "loss": 0.0003910637952110924, "neff": 1.4522491597810478, "mode_effective_area": 7.164754177638721e-11, "TE_polarization_fraction": 9.218797796913742e-08}, "3": {"n": 1.4513350097137934, "loss": 2.6085989762343327, "neff": 1.4509828140546879, "mode_effective_area": 1.20908289341041e-10, "TE_polarization_fraction": 0.9941189059531157}, "4": {"n": 1.4513350097137934, "loss": 2.6086648070067424, "neff": 1.4509825654559054, "mode_effective_area": 1.2219264554168593e-10, "TE_polarization_fraction": 0.013653486152247523}, "5": {"n": 1.4513350097137934, "loss": 1.838900835889237, "neff": 1.4509776209051417, "mode_effective_area": 1.2200468797193178e-10, "TE_polarization_fraction": 0.986445368662719}, "6": {"n": 1.4513350097137934, "loss": 1.8524609948251989, "neff": 1.4509764241845076, "mode_effective_area": 1.2141409230402458e-10, "TE_polarization_fraction": 0.005955970077041483}}