{"wavelength": 930, "bend_radius": 0.3, "cladding_n": 1.4513350097137934, "core_n": 1.4533350097137934, "trench_n": 1.4463350097137935, "deltan_core": 0.002, "deltan_ring": 0.005, "core_radius": 4.15e-06, "trench_ID": 9.96e-06, "trench_OD": 1.4940000000000001e-05, "1": {"n": 1.4513350097137934, "loss": -7.104817777782699e-13, "neff": 1.4522449173930039, "mode_effective_area": 7.144743910110176e-11, "TE_polarization_fraction": 0.9999999112755847}, "2": {"n": 1.4513350097137934, "loss": 4.418207556082972e-12, "neff": 1.4522432509961103, "mode_effective_area": 7.150527647734691e-11, "TE_polarization_fraction": 8.819232241798689e-08}, "3": {"n": 1.4513350097137934, "loss": 1.5735125552170306, "neff": 1.4509693976653746, "mode_effective_area": 1.404247363491162e-10, "TE_polarization_fraction": 0.8679004368724234}, "4": {"n": 1.4513350097137934, "loss": 1.617020411365292, "neff": 1.4509685996308708, "mode_effective_area": 1.721223387334022e-10, "TE_polarization_fraction": 0.6449533329683639}, "5": {"n": 1.4513350097137934, "loss": 1.7441786395187524, "neff": 1.450967695835126, "mode_effective_area": 1.4096325804499705e-10, "TE_polarization_fraction": 0.13196071855455038}, "6": {"n": 1.4513350097137934, "loss": 1.6792656136280004, "neff": 1.4509675550189087, "mode_effective_area": 1.7233272749744085e-10, "TE_polarization_fraction": 0.35573367814487084}}