{"wavelength": 930, "bend_radius": 0.05, "cladding_n": 1.4513350097137934, "core_n": 1.4533350097137934, "trench_n": 1.4463350097137935, "deltan_core": 0.002, "deltan_ring": 0.005, "core_radius": 4.15e-06, "trench_ID": 9.96e-06, "trench_OD": 1.4940000000000001e-05, "1": {"n": 1.4513350097137934, "loss": 1.8697923768966066e-05, "neff": 1.4522486500108276, "mode_effective_area": 7.153694196036586e-11, "TE_polarization_fraction": 0.9999999090379151}, "2": {"n": 1.4513350097137934, "loss": 2.802691455753472e-05, "neff": 1.4522469916373075, "mode_effective_area": 7.15947053161257e-11, "TE_polarization_fraction": 9.072237404816018e-08}, "3": {"n": 1.4513350097137934, "loss": 2.113689835501399, "neff": 1.4509775024466294, "mode_effective_area": 1.2198344894639422e-10, "TE_polarization_fraction": 0.9862572753494838}, "4": {"n": 1.4513350097137934, "loss": 2.1124520026285496, "neff": 1.4509772750585825, "mode_effective_area": 1.2671018543483555e-10, "TE_polarization_fraction": 0.04298222887560355}, "5": {"n": 1.4513350097137934, "loss": 1.7334270137741536, "neff": 1.4509744422387036, "mode_effective_area": 1.264612071056244e-10, "TE_polarization_fraction": 0.9572048612285025}, "6": {"n": 1.4513350097137934, "loss": 1.7374082012690424, "neff": 1.4509732708466565, "mode_effective_area": 1.2242029241033376e-10, "TE_polarization_fraction": 0.01386608607535962}}