{"wavelength": 930, "bend_radius": 0.075, "cladding_n": 1.4513350097137934, "core_n": 1.4533350097137934, "trench_n": 1.4463350097137935, "deltan_core": 0.002, "deltan_ring": 0.005, "core_radius": 4.15e-06, "trench_ID": 9.96e-06, "trench_OD": 1.4940000000000001e-05, "1": {"n": 1.4513350097137934, "loss": -2.712521883363069e-08, "neff": 1.4522465160386877, "mode_effective_area": 7.148551436734354e-11, "TE_polarization_fraction": 0.9999999103157048}, "2": {"n": 1.4513350097137934, "loss": 3.389725728201413e-08, "neff": 1.4522448530745107, "mode_effective_area": 7.154331416013915e-11, "TE_polarization_fraction": 8.927618640022517e-08}, "3": {"n": 1.4513350097137934, "loss": 1.651930949646568, "neff": 1.450972299575385, "mode_effective_area": 1.2849345222340095e-10, "TE_polarization_fraction": 0.9450424862532539}, "4": {"n": 1.4513350097137934, "loss": 1.6631987144724008, "neff": 1.4509722886650753, "mode_effective_area": 1.6985650737480102e-10, "TE_polarization_fraction": 0.3378105698312021}, "5": {"n": 1.4513350097137934, "loss": 1.6612887466480841, "neff": 1.4509710724292493, "mode_effective_area": 1.6978793061873802e-10, "TE_polarization_fraction": 0.6625877773611948}, "6": {"n": 1.4513350097137934, "loss": 1.678179789198775, "neff": 1.4509701201455476, "mode_effective_area": 1.288923095591819e-10, "TE_polarization_fraction": 0.055242262212032975}}