{"wavelength": 930, "bend_radius": 0.03, "cladding_n": 1.4513350097137934, "core_n": 1.4533350097137934, "trench_n": 1.4463350097137935, "deltan_core": 0.002, "deltan_ring": 0.005, "core_radius": 4.15e-06, "trench_ID": 9.96e-06, "trench_OD": 1.4940000000000001e-05, "1": {"n": 1.4513350097137934, "loss": 0.005198544601641192, "neff": 1.452255497510803, "mode_effective_area": 7.17067548447464e-11, "TE_polarization_fraction": 0.9999999049650926}, "2": {"n": 1.4513350097137934, "loss": 0.0051153450459680005, "neff": 1.4522538539390357, "mode_effective_area": 7.176450168682709e-11, "TE_polarization_fraction": 9.535989963584276e-08}, "3": {"n": 1.4513350097137934, "loss": 3.6081105744385846, "neff": 1.4509943175679045, "mode_effective_area": 1.2060253829616877e-10, "TE_polarization_fraction": 0.9981249411760863}, "4": {"n": 1.4513350097137934, "loss": 3.637616213554419, "neff": 1.450994077394746, "mode_effective_area": 1.2092937952150238e-10, "TE_polarization_fraction": 0.003525719283847911}, "5": {"n": 1.4513350097137934, "loss": 2.1154217934011808, "neff": 1.4509844215629177, "mode_effective_area": 1.2096481082373438e-10, "TE_polarization_fraction": 0.9965213775446915}, "6": {"n": 1.4513350097137934, "loss": 2.1310589952913395, "neff": 1.450983226210787, "mode_effective_area": 1.2133838829268568e-10, "TE_polarization_fraction": 0.0019141915150993566}}