{"wavelength": 930, "bend_radius": 0.01, "cladding_n": 1.4513350097137934, "core_n": 1.4533350097137934, "trench_n": 1.4463350097137935, "deltan_core": 0.002, "deltan_ring": 0.005, "core_radius": 4.15e-06, "trench_ID": 9.96e-06, "trench_OD": 1.4940000000000001e-05, "1": {"n": 1.4513350097137934, "loss": 0.5991909295796876, "neff": 1.4523436533386758, "mode_effective_area": 7.449044873595057e-11, "TE_polarization_fraction": 0.9999998565609993}, "2": {"n": 1.4513350097137934, "loss": 0.6059864850523967, "neff": 1.4523422091210023, "mode_effective_area": 7.456162075058068e-11, "TE_polarization_fraction": 1.5620511260982608e-07}, "3": {"n": 1.4513350097137934, "loss": 28.034935934724665, "neff": 1.4512005307474052, "mode_effective_area": 1.1581369101896479e-10, "TE_polarization_fraction": 4.2297513550537346e-05}, "4": {"n": 1.4513350097137934, "loss": 27.928643615269337, "neff": 1.451200402294021, "mode_effective_area": 1.1585988612428601e-10, "TE_polarization_fraction": 0.9999866081350133}, "5": {"n": 1.4513350097137934, "loss": 9.780669820512507, "neff": 1.4511117576366301, "mode_effective_area": 1.2907103352055334e-10, "TE_polarization_fraction": 0.9999621571341477}, "6": {"n": 1.4513350097137934, "loss": 9.834122669670476, "neff": 1.4511108737204597, "mode_effective_area": 1.2957329721208307e-10, "TE_polarization_fraction": 1.6924187776286137e-05}}