{"wavelength": 930, "bend_radius": 0.1, "cladding_n": 1.4513350097137934, "core_n": 1.4533350097137934, "trench_n": 1.4463350097137935, "deltan_core": 0.002, "deltan_ring": 0.005, "core_radius": 4.15e-06, "trench_ID": 9.96e-06, "trench_OD": 1.4940000000000001e-05, "1": {"n": 1.4513350097137934, "loss": -1.4750534706036271e-09, "neff": 1.4522457698100917, "mode_effective_area": 7.146769339308382e-11, "TE_polarization_fraction": 0.9999999107634864}, "2": {"n": 1.4513350097137934, "loss": 1.3743176555299755e-09, "neff": 1.4522441052428938, "mode_effective_area": 7.152550967244433e-11, "TE_polarization_fraction": 8.877030410963482e-08}, "3": {"n": 1.4513350097137934, "loss": 1.6493951819202186, "neff": 1.4509708243179573, "mode_effective_area": 1.704406156793103e-10, "TE_polarization_fraction": 0.6533049435603734}, "4": {"n": 1.4513350097137934, "loss": 1.6396565134387817, "neff": 1.4509705228771677, "mode_effective_area": 1.387915359344222e-10, "TE_polarization_fraction": 0.8823281032364559}, "5": {"n": 1.4513350097137934, "loss": 1.6384549987906458, "neff": 1.4509696149543716, "mode_effective_area": 1.7088470897474197e-10, "TE_polarization_fraction": 0.34681863806143004}, "6": {"n": 1.4513350097137934, "loss": 1.6701513701003319, "neff": 1.450968977029492, "mode_effective_area": 1.3915507786296226e-10, "TE_polarization_fraction": 0.1181441659433457}}