{"wavelength": 930, "bend_radius": 0, "cladding_n": 1.4513350097137934, "core_n": 1.4533350097137934, "trench_n": 1.4463350097137935, "deltan_core": 0.002, "deltan_ring": 0.005, "core_radius": 4.15e-06, "trench_ID": 9.96e-06, "trench_OD": 1.4940000000000001e-05, "1": {"n": 1.4513350097137934, "loss": -7.652376502521944e-12, "neff": 1.4522448108719892, "mode_effective_area": 7.144491573768889e-11, "TE_polarization_fraction": 0.9999999113396228}, "2": {"n": 1.4513350097137934, "loss": -6.7289878571778165e-12, "neff": 1.4522431442465578, "mode_effective_area": 7.15027559200527e-11, "TE_polarization_fraction": 8.81200870758154e-08}, "3": {"n": 1.4513350097137934, "loss": 1.5200226027048866, "neff": 1.4509692305887076, "mode_effective_area": 1.3809489968155438e-10, "TE_polarization_fraction": 0.8821371264729788}, "4": {"n": 1.4513350097137934, "loss": 1.6864083924916087, "neff": 1.4509683799054667, "mode_effective_area": 1.760902536999678e-10, "TE_polarization_fraction": 0.5965129759126153}, "5": {"n": 1.4513350097137934, "loss": 1.523000221719897, "neff": 1.4509674435091375, "mode_effective_area": 1.3860202939556446e-10, "TE_polarization_fraction": 0.11777114770119199}, "6": {"n": 1.4513350097137934, "loss": 1.7029494058215022, "neff": 1.4509673605400173, "mode_effective_area": 1.7622341271064794e-10, "TE_polarization_fraction": 0.4042291408147372}}