{"wavelength": 930, "bend_radius": 0.02, "cladding_n": 1.4513350097137934, "core_n": 1.4533350097137934, "trench_n": 1.4463350097137935, "deltan_core": 0.002, "deltan_ring": 0.005, "core_radius": 4.15e-06, "trench_ID": 9.96e-06, "trench_OD": 1.4940000000000001e-05, "1": {"n": 1.4513350097137934, "loss": 0.04433218731378642, "neff": 1.4522689551160979, "mode_effective_area": 7.206102414709661e-11, "TE_polarization_fraction": 0.9999998970823368}, "2": {"n": 1.4513350097137934, "loss": 0.045339994326692994, "neff": 1.4522673408978692, "mode_effective_area": 7.21192158668543e-11, "TE_polarization_fraction": 1.0447724734319689e-07}, "3": {"n": 1.4513350097137934, "loss": 6.597521711586999, "neff": 1.4510271720101233, "mode_effective_area": 1.2081088565455146e-10, "TE_polarization_fraction": 0.9996529892534841}, "4": {"n": 1.4513350097137934, "loss": 6.643812241142863, "neff": 1.451026994782023, "mode_effective_area": 1.2092957000499887e-10, "TE_polarization_fraction": 0.0006078973753497138}, "5": {"n": 1.4513350097137934, "loss": 3.0092699978392554, "neff": 1.4510038997738381, "mode_effective_area": 1.2211268350621756e-10, "TE_polarization_fraction": 0.9994105696461639}, "6": {"n": 1.4513350097137934, "loss": 3.031050899256849, "neff": 1.4510027480264776, "mode_effective_area": 1.2268707948518968e-10, "TE_polarization_fraction": 0.00036279486336077377}}