{"wavelength": 930, "bend_radius": 0.035, "cladding_n": 1.4513350097137934, "core_n": 1.4533350097137934, "trench_n": 1.4463350097137935, "deltan_core": 0.002, "deltan_ring": 0.005, "core_radius": 4.15e-06, "trench_ID": 9.96e-06, "trench_OD": 1.4940000000000001e-05, "1": {"n": 1.4513350097137934, "loss": 0.0013697598186390913, "neff": 1.4522526554498547, "mode_effective_area": 7.163537937688237e-11, "TE_polarization_fraction": 0.9999999066504446}, "2": {"n": 1.4513350097137934, "loss": 0.0015228350090374311, "neff": 1.4522510057182463, "mode_effective_area": 7.169311832856144e-11, "TE_polarization_fraction": 9.343542314649365e-08}, "3": {"n": 1.4513350097137934, "loss": 3.001602030816043, "neff": 1.4509873396207698, "mode_effective_area": 1.2066711562360707e-10, "TE_polarization_fraction": 0.9965204791045699}, "4": {"n": 1.4513350097137934, "loss": 3.026399685461165, "neff": 1.4509870912272433, "mode_effective_area": 1.2131092957933766e-10, "TE_polarization_fraction": 0.007176134020928949}, "5": {"n": 1.4513350097137934, "loss": 1.944697105985935, "neff": 1.4509803003707682, "mode_effective_area": 1.2119739400600553e-10, "TE_polarization_fraction": 0.9928931449305}, "6": {"n": 1.4513350097137934, "loss": 1.9584646225486775, "neff": 1.4509791008759645, "mode_effective_area": 1.2125149078025596e-10, "TE_polarization_fraction": 0.003534897435856526}}