{"wavelength": 930, "bend_radius": 0.015, "cladding_n": 1.4513350097137934, "core_n": 1.4533350097137934, "trench_n": 1.4463350097137935, "deltan_core": 0.002, "deltan_ring": 0.005, "core_radius": 4.15e-06, "trench_ID": 9.96e-06, "trench_OD": 1.4940000000000001e-05, "1": {"n": 1.4513350097137934, "loss": 0.1333955831252976, "neff": 1.4522879861993339, "mode_effective_area": 7.26067868660457e-11, "TE_polarization_fraction": 0.999999886222048}, "2": {"n": 1.4513350097137934, "loss": 0.13519685721749297, "neff": 1.4522864141587832, "mode_effective_area": 7.26665977365878e-11, "TE_polarization_fraction": 1.1741978616060382e-07}, "3": {"n": 1.4513350097137934, "loss": 11.263923875277506, "neff": 1.4510729171031798, "mode_effective_area": 1.2037325721523238e-10, "TE_polarization_fraction": 0.9999024091047013}, "4": {"n": 1.4513350097137934, "loss": 11.32449000175909, "neff": 1.4510728302937834, "mode_effective_area": 1.204498636313982e-10, "TE_polarization_fraction": 0.00018807298831968408}, "5": {"n": 1.4513350097137934, "loss": 4.431265683124573, "neff": 1.451031437856505, "mode_effective_area": 1.241694406969105e-10, "TE_polarization_fraction": 0.9998218410136598}, "6": {"n": 1.4513350097137934, "loss": 4.460252392052012, "neff": 1.451030355464858, "mode_effective_area": 1.2474451999527196e-10, "TE_polarization_fraction": 0.00010590035698769288}}