{"wavelength": 940, "bend_radius": 0.075, "cladding_n": 1.451199202758338, "core_n": 1.453199202758338, "trench_n": 1.4461992027583381, "deltan_core": 0.002, "deltan_ring": 0.005, "core_radius": 4.15e-06, "trench_ID": 9.96e-06, "trench_OD": 1.4940000000000001e-05, "1": {"n": 1.451199202758338, "loss": -4.3407946197075936e-08, "neff": 1.4520964311707314, "mode_effective_area": 7.237712806317175e-11, "TE_polarization_fraction": 0.9999999083516716}, "2": {"n": 1.451199202758338, "loss": 6.15610745988933e-08, "neff": 1.4520947822394965, "mode_effective_area": 7.24379289260771e-11, "TE_polarization_fraction": 9.121633813572995e-08}, "3": {"n": 1.451199202758338, "loss": 1.9762371828488179, "neff": 1.450812312628164, "mode_effective_area": 1.311458181693923e-10, "TE_polarization_fraction": 0.9422317471729842}, "4": {"n": 1.451199202758338, "loss": 1.9955770912235746, "neff": 1.450812301357652, "mode_effective_area": 1.6990495895159743e-10, "TE_polarization_fraction": 0.3121074469286495}, "5": {"n": 1.451199202758338, "loss": 2.000237633146906, "neff": 1.4508110451769067, "mode_effective_area": 1.6982952547848115e-10, "TE_polarization_fraction": 0.6883016185237066}, "6": {"n": 1.451199202758338, "loss": 2.022987178893165, "neff": 1.4508101418306438, "mode_effective_area": 1.31576200950829e-10, "TE_polarization_fraction": 0.05805845991397065}}