{"wavelength": 940, "bend_radius": 0.03, "cladding_n": 1.451199202758338, "core_n": 1.453199202758338, "trench_n": 1.4461992027583381, "deltan_core": 0.002, "deltan_ring": 0.005, "core_radius": 4.15e-06, "trench_ID": 9.96e-06, "trench_OD": 1.4940000000000001e-05, "1": {"n": 1.451199202758338, "loss": 0.006834990745775359, "neff": 1.4521054645087563, "mode_effective_area": 7.261145633605444e-11, "TE_polarization_fraction": 0.9999999029373927}, "2": {"n": 1.451199202758338, "loss": 0.00673044227904047, "neff": 1.4521038350820143, "mode_effective_area": 7.267232374740997e-11, "TE_polarization_fraction": 9.726374037545721e-08}, "3": {"n": 1.451199202758338, "loss": 4.173089629079364, "neff": 1.4508345026357266, "mode_effective_area": 1.224402533840782e-10, "TE_polarization_fraction": 0.9980767490785885}, "4": {"n": 1.451199202758338, "loss": 4.208068400806441, "neff": 1.4508342851894054, "mode_effective_area": 1.2276134785661998e-10, "TE_polarization_fraction": 0.0034991387617956744}, "5": {"n": 1.451199202758338, "loss": 2.4995282454474492, "neff": 1.4508244689129535, "mode_effective_area": 1.2301017963251803e-10, "TE_polarization_fraction": 0.9965480438417968}, "6": {"n": 1.451199202758338, "loss": 2.5171748601629695, "neff": 1.4508233445683478, "mode_effective_area": 1.233703022708713e-10, "TE_polarization_fraction": 0.001963077371174437}}