{"wavelength": 940, "bend_radius": 0.025, "cladding_n": 1.451199202758338, "core_n": 1.453199202758338, "trench_n": 1.4461992027583381, "deltan_core": 0.002, "deltan_ring": 0.005, "core_radius": 4.15e-06, "trench_ID": 9.96e-06, "trench_OD": 1.4940000000000001e-05, "1": {"n": 1.451199202758338, "loss": 0.019441956409173084, "neff": 1.4521102162996342, "mode_effective_area": 7.273959931526837e-11, "TE_polarization_fraction": 0.9999999001194725}, "2": {"n": 1.451199202758338, "loss": 0.019743292277196723, "neff": 1.452108597180194, "mode_effective_area": 7.280060785392939e-11, "TE_polarization_fraction": 1.0044762309732151e-07}, "3": {"n": 1.451199202758338, "loss": 5.335081872378376, "neff": 1.4508461545588858, "mode_effective_area": 1.224210730803394e-10, "TE_polarization_fraction": 0.9990900397361865}, "4": {"n": 1.451199202758338, "loss": 5.355056010685567, "neff": 1.4508459575534365, "mode_effective_area": 1.2260078326531776e-10, "TE_polarization_fraction": 0.0015729006839590508}, "5": {"n": 1.451199202758338, "loss": 2.841116364477084, "neff": 1.450831356134419, "mode_effective_area": 1.2325234181213917e-10, "TE_polarization_fraction": 0.9984578474685972}, "6": {"n": 1.451199202758338, "loss": 2.8620827477082327, "neff": 1.450830244402393, "mode_effective_area": 1.2375212538327837e-10, "TE_polarization_fraction": 0.0009364475053305953}}