{"wavelength": 940, "bend_radius": 0, "cladding_n": 1.451199202758338, "core_n": 1.453199202758338, "trench_n": 1.4461992027583381, "deltan_core": 0.002, "deltan_ring": 0.005, "core_radius": 4.15e-06, "trench_ID": 9.96e-06, "trench_OD": 1.4940000000000001e-05, "1": {"n": 1.451199202758338, "loss": 6.918645580877892e-12, "neff": 1.4520947161987465, "mode_effective_area": 7.233403173838562e-11, "TE_polarization_fraction": 0.9999999093881018}, "2": {"n": 1.451199202758338, "loss": 4.488436976612171e-12, "neff": 1.4520930635851548, "mode_effective_area": 7.239485020697684e-11, "TE_polarization_fraction": 9.006814850167263e-08}, "3": {"n": 1.451199202758338, "loss": 1.8336844702345911, "neff": 1.4508091777359247, "mode_effective_area": 1.4196348671171083e-10, "TE_polarization_fraction": 0.8733709728243164}, "4": {"n": 1.451199202758338, "loss": 2.0546934215360593, "neff": 1.4508083741888074, "mode_effective_area": 1.8043416253873227e-10, "TE_polarization_fraction": 0.5754799174954442}, "5": {"n": 1.451199202758338, "loss": 1.828655691540844, "neff": 1.4508074248470768, "mode_effective_area": 1.4246396871799854e-10, "TE_polarization_fraction": 0.12654136223810572}, "6": {"n": 1.451199202758338, "loss": 2.0696721939147174, "neff": 1.4508073422923518, "mode_effective_area": 1.8053477900337892e-10, "TE_polarization_fraction": 0.4252526910488871}}