{"wavelength": 940, "bend_radius": 0.005, "cladding_n": 1.451199202758338, "core_n": 1.453199202758338, "trench_n": 1.4461992027583381, "deltan_core": 0.002, "deltan_ring": 0.005, "core_radius": 4.15e-06, "trench_ID": 9.96e-06, "trench_OD": 1.4940000000000001e-05, "1": {"n": 1.451199202758338, "loss": 18.976479573557416, "neff": 1.452533955107843, "mode_effective_area": 9.15325325866324e-11, "TE_polarization_fraction": 0.9999997446659166}, "2": {"n": 1.451199202758338, "loss": 19.105471813246492, "neff": 1.452533392879304, "mode_effective_area": 9.177978247686204e-11, "TE_polarization_fraction": 4.967377833068018e-07}, "3": {"n": 1.451199202758338, "loss": 180.62512668387777, "neff": 1.4515996591183067, "mode_effective_area": 1.0241512577888776e-10, "TE_polarization_fraction": 1.4745600486615761e-05}, "4": {"n": 1.451199202758338, "loss": 181.10106767192443, "neff": 1.4515993212590534, "mode_effective_area": 1.0264798477431669e-10, "TE_polarization_fraction": 0.9999997987594942}, "5": {"n": 1.451199202758338, "loss": 84.86718961631615, "neff": 1.4514061643722582, "mode_effective_area": 1.2693906352987832e-10, "TE_polarization_fraction": 2.4831765472166324e-06}, "6": {"n": 1.451199202758338, "loss": 84.7123123332349, "neff": 1.4514061200838357, "mode_effective_area": 1.268381014983236e-10, "TE_polarization_fraction": 0.9999878820672685}}