{"wavelength": 940, "bend_radius": 0.3, "cladding_n": 1.451199202758338, "core_n": 1.453199202758338, "trench_n": 1.4461992027583381, "deltan_core": 0.002, "deltan_ring": 0.005, "core_radius": 4.15e-06, "trench_ID": 9.96e-06, "trench_OD": 1.4940000000000001e-05, "1": {"n": 1.451199202758338, "loss": 7.03204629691554e-13, "neff": 1.4520948233318907, "mode_effective_area": 7.23367113444828e-11, "TE_polarization_fraction": 0.9999999093232774}, "2": {"n": 1.451199202758338, "loss": 7.864828357065539e-13, "neff": 1.4520931709481553, "mode_effective_area": 7.239752843238866e-11, "TE_polarization_fraction": 9.013988059228727e-08}, "3": {"n": 1.451199202758338, "loss": 1.8683275217352624, "neff": 1.4508093466297458, "mode_effective_area": 1.4451215482408436e-10, "TE_polarization_fraction": 0.8579656644037874}, "4": {"n": 1.451199202758338, "loss": 1.9367425907603601, "neff": 1.4508085938064583, "mode_effective_area": 1.7689824988630177e-10, "TE_polarization_fraction": 0.625458214661932}, "5": {"n": 1.451199202758338, "loss": 2.0810652271393972, "neff": 1.4508076767230955, "mode_effective_area": 1.4504396106880794e-10, "TE_polarization_fraction": 0.14188729590887722}, "6": {"n": 1.451199202758338, "loss": 2.0039195891957116, "neff": 1.45080754051937, "mode_effective_area": 1.770840177417399e-10, "TE_polarization_fraction": 0.3752112604999848}}