{"wavelength": 940, "bend_radius": 0.045, "cladding_n": 1.451199202758338, "core_n": 1.453199202758338, "trench_n": 1.4461992027583381, "deltan_core": 0.002, "deltan_ring": 0.005, "core_radius": 4.15e-06, "trench_ID": 9.96e-06, "trench_OD": 1.4940000000000001e-05, "1": {"n": 1.451199202758338, "loss": 0.0001558107285339093, "neff": 1.4520994844770316, "mode_effective_area": 7.245493498115956e-11, "TE_polarization_fraction": 0.9999999065131522}, "2": {"n": 1.451199202758338, "loss": 0.00015273690883528418, "neff": 1.4520978421163881, "mode_effective_area": 7.251572671576362e-11, "TE_polarization_fraction": 9.326021859653566e-08}, "3": {"n": 1.451199202758338, "loss": 2.718771185547698, "neff": 1.4508197879944797, "mode_effective_area": 1.2337170463554327e-10, "TE_polarization_fraction": 0.9904403310211178}, "4": {"n": 1.451199202758338, "loss": 2.7087755687794592, "neff": 1.4508195676232891, "mode_effective_area": 1.257408851229052e-10, "TE_polarization_fraction": 0.023893696112598}, "5": {"n": 1.451199202758338, "loss": 2.1164519425024415, "neff": 1.4508157617432922, "mode_effective_area": 1.2562247537968463e-10, "TE_polarization_fraction": 0.9762429728693957}, "6": {"n": 1.451199202758338, "loss": 2.1291337914174413, "neff": 1.4508146447214518, "mode_effective_area": 1.2392563597748768e-10, "TE_polarization_fraction": 0.009658823028605086}}