{"wavelength": 940, "bend_radius": 0.02, "cladding_n": 1.451199202758338, "core_n": 1.453199202758338, "trench_n": 1.4461992027583381, "deltan_core": 0.002, "deltan_ring": 0.005, "core_radius": 4.15e-06, "trench_ID": 9.96e-06, "trench_OD": 1.4940000000000001e-05, "1": {"n": 1.451199202758338, "loss": 0.053816398306797235, "neff": 1.4521190002949693, "mode_effective_area": 7.298491985674551e-11, "TE_polarization_fraction": 0.9999998949653913}, "2": {"n": 1.451199202758338, "loss": 0.05506564587148413, "neff": 1.4521174003821646, "mode_effective_area": 7.304641256822605e-11, "TE_polarization_fraction": 1.0634459423181926e-07}, "3": {"n": 1.451199202758338, "loss": 7.543163158914579, "neff": 1.4508675556002062, "mode_effective_area": 1.2237978952000592e-10, "TE_polarization_fraction": 0.9996445503991253}, "4": {"n": 1.451199202758338, "loss": 7.595031395611591, "neff": 1.4508673999914572, "mode_effective_area": 1.2249703640213105e-10, "TE_polarization_fraction": 0.0006130369471229354}, "5": {"n": 1.451199202758338, "loss": 3.507713179696646, "neff": 1.4508440770592763, "mode_effective_area": 1.2409448990460214e-10, "TE_polarization_fraction": 0.9994056143983769}, "6": {"n": 1.451199202758338, "loss": 3.5317552273801223, "neff": 1.4508429936777656, "mode_effective_area": 1.2464719754070947e-10, "TE_polarization_fraction": 0.00037155953857905807}}