{"wavelength": 940, "bend_radius": 0.035, "cladding_n": 1.451199202758338, "core_n": 1.453199202758338, "trench_n": 1.4461992027583381, "deltan_core": 0.002, "deltan_ring": 0.005, "core_radius": 4.15e-06, "trench_ID": 9.96e-06, "trench_OD": 1.4940000000000001e-05, "1": {"n": 1.451199202758338, "loss": 0.0019002463941849954, "neff": 1.4521026060012685, "mode_effective_area": 7.253594980717072e-11, "TE_polarization_fraction": 0.9999999046425029}, "2": {"n": 1.451199202758338, "loss": 0.0021028125146195825, "neff": 1.4521009703809935, "mode_effective_area": 7.259677223017224e-11, "TE_polarization_fraction": 9.534973298235718e-08}, "3": {"n": 1.451199202758338, "loss": 3.4856447419616967, "neff": 1.4508274727683061, "mode_effective_area": 1.2257776123458e-10, "TE_polarization_fraction": 0.9964238298048187}, "4": {"n": 1.451199202758338, "loss": 3.513242200662898, "neff": 1.4508272470898775, "mode_effective_area": 1.2320073649970905e-10, "TE_polarization_fraction": 0.0070668881216342525}, "5": {"n": 1.451199202758338, "loss": 2.3086103534086906, "neff": 1.450820318793938, "mode_effective_area": 1.2325178005577811e-10, "TE_polarization_fraction": 0.9930023136640791}, "6": {"n": 1.451199202758338, "loss": 2.3243447173593004, "neff": 1.4508191905752759, "mode_effective_area": 1.2330842108556733e-10, "TE_polarization_fraction": 0.0036324815739579657}}