{"wavelength": 940, "bend_radius": 0.01, "cladding_n": 1.451199202758338, "core_n": 1.453199202758338, "trench_n": 1.4461992027583381, "deltan_core": 0.002, "deltan_ring": 0.005, "core_radius": 4.15e-06, "trench_ID": 9.96e-06, "trench_OD": 1.4940000000000001e-05, "1": {"n": 1.451199202758338, "loss": 0.6920563954911335, "neff": 1.4521941341205633, "mode_effective_area": 7.550782559688845e-11, "TE_polarization_fraction": 0.9999998540725372}, "2": {"n": 1.451199202758338, "loss": 0.6997216511080775, "neff": 1.4521927049520906, "mode_effective_area": 7.558314021350571e-11, "TE_polarization_fraction": 1.5822391609541047e-07}, "3": {"n": 1.451199202758338, "loss": 31.179087643890227, "neff": 1.451041015865914, "mode_effective_area": 1.167787944073683e-10, "TE_polarization_fraction": 4.412775447998332e-05}, "4": {"n": 1.451199202758338, "loss": 31.066032605241883, "neff": 1.4510408750549446, "mode_effective_area": 1.1683140610129297e-10, "TE_polarization_fraction": 0.9999860974926487}, "5": {"n": 1.451199202758338, "loss": 11.062543689337696, "neff": 1.4509524381262717, "mode_effective_area": 1.3065774819877986e-10, "TE_polarization_fraction": 0.9999604800123205}, "6": {"n": 1.451199202758338, "loss": 11.119429964463226, "neff": 1.45095160705296, "mode_effective_area": 1.3114060787839412e-10, "TE_polarization_fraction": 1.754417275707551e-05}}