{"wavelength": 940, "bend_radius": 0.04, "cladding_n": 1.451199202758338, "core_n": 1.453199202758338, "trench_n": 1.4461992027583381, "deltan_core": 0.002, "deltan_ring": 0.005, "core_radius": 4.15e-06, "trench_ID": 9.96e-06, "trench_OD": 1.4940000000000001e-05, "1": {"n": 1.451199202758338, "loss": 0.0006041387471493595, "neff": 1.452100753395999, "mode_effective_area": 7.248768672629643e-11, "TE_polarization_fraction": 0.9999999057516284}, "2": {"n": 1.451199202758338, "loss": 0.0005731991639737479, "neff": 1.4520991137738934, "mode_effective_area": 7.254848738075333e-11, "TE_polarization_fraction": 9.410959659949886e-08}, "3": {"n": 1.451199202758338, "loss": 3.0392014084032963, "neff": 1.4508229117709204, "mode_effective_area": 1.2287928639968753e-10, "TE_polarization_fraction": 0.993940440333745}, "4": {"n": 1.451199202758338, "loss": 3.038641267571701, "neff": 1.4508226854607091, "mode_effective_area": 1.241058604766251e-10, "TE_polarization_fraction": 0.013329857248197291}, "5": {"n": 1.451199202758338, "loss": 2.1910647747772267, "neff": 1.4508176204792287, "mode_effective_area": 1.2404994538018083e-10, "TE_polarization_fraction": 0.9867686094338902}, "6": {"n": 1.451199202758338, "loss": 2.207085417194158, "neff": 1.4508164948729616, "mode_effective_area": 1.234993723085042e-10, "TE_polarization_fraction": 0.006135649522241683}}