{"wavelength": 940, "bend_radius": 0.1, "cladding_n": 1.451199202758338, "core_n": 1.453199202758338, "trench_n": 1.4461992027583381, "deltan_core": 0.002, "deltan_ring": 0.005, "core_radius": 4.15e-06, "trench_ID": 9.96e-06, "trench_OD": 1.4940000000000001e-05, "1": {"n": 1.451199202758338, "loss": -2.7307335799411064e-09, "neff": 1.4520956806493739, "mode_effective_area": 7.235821490688125e-11, "TE_polarization_fraction": 0.9999999088049113}, "2": {"n": 1.451199202758338, "loss": 2.5634829498186535e-09, "neff": 1.4520940301058844, "mode_effective_area": 7.241902229504757e-11, "TE_polarization_fraction": 9.07138789351007e-08}, "3": {"n": 1.451199202758338, "loss": 2.0175442245159885, "neff": 1.4508108016924117, "mode_effective_area": 1.7607617805064827e-10, "TE_polarization_fraction": 0.6249528056727033}, "4": {"n": 1.451199202758338, "loss": 2.06126059669488, "neff": 1.450810524419606, "mode_effective_area": 1.4236219279228888e-10, "TE_polarization_fraction": 0.8754090470032051}, "5": {"n": 1.451199202758338, "loss": 2.034311377048528, "neff": 1.4508095988678205, "mode_effective_area": 1.7648216812470955e-10, "TE_polarization_fraction": 0.3751349063852583}, "6": {"n": 1.451199202758338, "loss": 2.012069680727089, "neff": 1.4508089864666016, "mode_effective_area": 1.4271488869500402e-10, "TE_polarization_fraction": 0.12510489599532346}}