{"wavelength": 940, "bend_radius": 0.2, "cladding_n": 1.451199202758338, "core_n": 1.453199202758338, "trench_n": 1.4461992027583381, "deltan_core": 0.002, "deltan_ring": 0.005, "core_radius": 4.15e-06, "trench_ID": 9.96e-06, "trench_OD": 1.4940000000000001e-05, "1": {"n": 1.451199202758338, "loss": -2.0620622356871423e-11, "neff": 1.4520949572581712, "mode_effective_area": 7.234006345582328e-11, "TE_polarization_fraction": 0.9999999092422565}, "2": {"n": 1.451199202758338, "loss": 1.7450570362028182e-11, "neff": 1.4520933051618106, "mode_effective_area": 7.240087887039278e-11, "TE_polarization_fraction": 9.022955119153925e-08}, "3": {"n": 1.451199202758338, "loss": 1.7982666906302676, "neff": 1.4508095611024918, "mode_effective_area": 1.4827292734127917e-10, "TE_polarization_fraction": 0.8349855736273538}, "4": {"n": 1.451199202758338, "loss": 1.9109165353572535, "neff": 1.450808878528104, "mode_effective_area": 1.7112586995130847e-10, "TE_polarization_fraction": 0.6822526352893383}, "5": {"n": 1.451199202758338, "loss": 1.8808692261964852, "neff": 1.4508079911243967, "mode_effective_area": 1.4879616259610483e-10, "TE_polarization_fraction": 0.16490716204381636}, "6": {"n": 1.451199202758338, "loss": 1.9752646008438268, "neff": 1.4508077843287668, "mode_effective_area": 1.7136460589059355e-10, "TE_polarization_fraction": 0.3184745332880608}}