{"wavelength": 940, "bend_radius": 0.05, "cladding_n": 1.451199202758338, "core_n": 1.453199202758338, "trench_n": 1.4461992027583381, "deltan_core": 0.002, "deltan_ring": 0.005, "core_radius": 4.15e-06, "trench_ID": 9.96e-06, "trench_OD": 1.4940000000000001e-05, "1": {"n": 1.451199202758338, "loss": 3.0355437614229657e-05, "neff": 1.4520985774336925, "mode_effective_area": 7.243167282226766e-11, "TE_polarization_fraction": 0.999999907058419}, "2": {"n": 1.451199202758338, "loss": 4.5426750103430516e-05, "neff": 1.452096933119504, "mode_effective_area": 7.24924658593463e-11, "TE_polarization_fraction": 9.265306826698944e-08}, "3": {"n": 1.451199202758338, "loss": 2.477488258405244, "neff": 1.4508175571220698, "mode_effective_area": 1.240775557695457e-10, "TE_polarization_fraction": 0.9857578103326067}, "4": {"n": 1.451199202758338, "loss": 2.4786896495583064, "neff": 1.4508173498368422, "mode_effective_area": 1.284948043683121e-10, "TE_polarization_fraction": 0.04109187091627813}, "5": {"n": 1.451199202758338, "loss": 2.0744766385266784, "neff": 1.4508144204664453, "mode_effective_area": 1.2833808060563124e-10, "TE_polarization_fraction": 0.959093300557648}, "6": {"n": 1.451199202758338, "loss": 2.0811987221996735, "neff": 1.4508133183860144, "mode_effective_area": 1.2459007823546724e-10, "TE_polarization_fraction": 0.014367429013312949}}