{"wavelength": 940, "bend_radius": 0.015, "cladding_n": 1.451199202758338, "core_n": 1.453199202758338, "trench_n": 1.4461992027583381, "deltan_core": 0.002, "deltan_ring": 0.005, "core_radius": 4.15e-06, "trench_ID": 9.96e-06, "trench_OD": 1.4940000000000001e-05, "1": {"n": 1.451199202758338, "loss": 0.15792455306462405, "neff": 1.4521381425411723, "mode_effective_area": 7.355672632243048e-11, "TE_polarization_fraction": 0.999999883991277}, "2": {"n": 1.451199202758338, "loss": 0.16010136477929252, "neff": 1.4521365850247794, "mode_effective_area": 7.362007649527559e-11, "TE_polarization_fraction": 1.1927052598428914e-07}, "3": {"n": 1.451199202758338, "loss": 12.746219896952221, "neff": 1.4509134629361835, "mode_effective_area": 1.216644880239884e-10, "TE_polarization_fraction": 0.9998997810957152}, "4": {"n": 1.451199202758338, "loss": 12.810858358400834, "neff": 1.4509133954234583, "mode_effective_area": 1.217362630304588e-10, "TE_polarization_fraction": 0.0001919799100883106}, "5": {"n": 1.451199202758338, "loss": 5.108165287344034, "neff": 1.450871777789995, "mode_effective_area": 1.2605643406186256e-10, "TE_polarization_fraction": 0.9998181125439412}, "6": {"n": 1.451199202758338, "loss": 5.1396556988046465, "neff": 1.450870759680505, "mode_effective_area": 1.2660962277579997e-10, "TE_polarization_fraction": 0.0001087284818805104}}