{"wavelength": 950, "bend_radius": 0.035, "cladding_n": 1.4510651315237548, "core_n": 1.4530651315237548, "trench_n": 1.446065131523755, "deltan_core": 0.002, "deltan_ring": 0.005, "core_radius": 4.15e-06, "trench_ID": 9.96e-06, "trench_OD": 1.4940000000000001e-05, "1": {"n": 1.4510651315237548, "loss": 0.00261068671378691, "neff": 1.4519543331995914, "mode_effective_area": 7.34448287749246e-11, "TE_polarization_fraction": 0.999999902651035}, "2": {"n": 1.4510651315237548, "loss": 0.0028730856328033575, "neff": 1.45195271181853, "mode_effective_area": 7.350869664330069e-11, "TE_polarization_fraction": 9.725490790440282e-08}, "3": {"n": 1.4510651315237548, "loss": 4.031603016049261, "neff": 1.4506694368965156, "mode_effective_area": 1.2446111986684683e-10, "TE_polarization_fraction": 0.9963163802206695}, "4": {"n": 1.4510651315237548, "loss": 4.061934454157019, "neff": 1.4506692332247444, "mode_effective_area": 1.2506722923967624e-10, "TE_polarization_fraction": 0.007001883004484562}, "5": {"n": 1.4510651315237548, "loss": 2.7276585591662497, "neff": 1.4506621844821266, "mode_effective_area": 1.2528256901610563e-10, "TE_polarization_fraction": 0.993067524264993}, "6": {"n": 1.4510651315237548, "loss": 2.7454869396001778, "neff": 1.4506611253922068, "mode_effective_area": 1.253373071066732e-10, "TE_polarization_fraction": 0.0037409448954681523}}