{"wavelength": 950, "bend_radius": 0.005, "cladding_n": 1.4510651315237548, "core_n": 1.4530651315237548, "trench_n": 1.446065131523755, "deltan_core": 0.002, "deltan_ring": 0.005, "core_radius": 4.15e-06, "trench_ID": 9.96e-06, "trench_OD": 1.4940000000000001e-05, "1": {"n": 1.4510651315237548, "loss": 20.765866155693562, "neff": 1.45238752868548, "mode_effective_area": 9.250967792787403e-11, "TE_polarization_fraction": 0.9999997410872526}, "2": {"n": 1.4510651315237548, "loss": 20.902789326769895, "neff": 1.4523869768769706, "mode_effective_area": 9.275787903512491e-11, "TE_polarization_fraction": 5.030208524603623e-07}, "3": {"n": 1.4510651315237548, "loss": 195.52574053199677, "neff": 1.4514381259962503, "mode_effective_area": 1.0364801355709345e-10, "TE_polarization_fraction": 1.5758205534490588e-05}, "4": {"n": 1.4510651315237548, "loss": 196.0556826670362, "neff": 1.4514377868459138, "mode_effective_area": 1.0387441892622943e-10, "TE_polarization_fraction": 0.999999789994982}, "5": {"n": 1.4510651315237548, "loss": 91.95502344187335, "neff": 1.451248055772106, "mode_effective_area": 1.2797873625156845e-10, "TE_polarization_fraction": 2.534357823266597e-06}, "6": {"n": 1.4510651315237548, "loss": 91.80022302773173, "neff": 1.4512480031736792, "mode_effective_area": 1.278677195943455e-10, "TE_polarization_fraction": 0.9999869891269954}}