{"wavelength": 950, "bend_radius": 0.01, "cladding_n": 1.4510651315237548, "core_n": 1.4530651315237548, "trench_n": 1.446065131523755, "deltan_core": 0.002, "deltan_ring": 0.005, "core_radius": 4.15e-06, "trench_ID": 9.96e-06, "trench_OD": 1.4940000000000001e-05, "1": {"n": 1.4510651315237548, "loss": 0.7967785329047149, "neff": 1.4520463925623357, "mode_effective_area": 7.652979613530121e-11, "TE_polarization_fraction": 0.9999998516199252}, "2": {"n": 1.4510651315237548, "loss": 0.8053757576065033, "neff": 1.4520449784611993, "mode_effective_area": 7.66091912838993e-11, "TE_polarization_fraction": 1.6028889955766134e-07}, "3": {"n": 1.4510651315237548, "loss": 34.590324391116944, "neff": 1.4508831878181043, "mode_effective_area": 1.1776187787797184e-10, "TE_polarization_fraction": 4.612661182963112e-05}, "4": {"n": 1.4510651315237548, "loss": 34.4709502273094, "neff": 1.4508830349387398, "mode_effective_area": 1.1782065483938586e-10, "TE_polarization_fraction": 0.9999855335175284}, "5": {"n": 1.4510651315237548, "loss": 12.474937508980508, "neff": 1.450794904148562, "mode_effective_area": 1.3221220480794115e-10, "TE_polarization_fraction": 0.9999586418322659}, "6": {"n": 1.4510651315237548, "loss": 12.535273776095162, "neff": 1.4507941242269937, "mode_effective_area": 1.3267645881484682e-10, "TE_polarization_fraction": 1.8224509845661394e-05}}