{"wavelength": 950, "bend_radius": 0, "cladding_n": 1.4510651315237548, "core_n": 1.4530651315237548, "trench_n": 1.446065131523755, "deltan_core": 0.002, "deltan_ring": 0.005, "core_radius": 4.15e-06, "trench_ID": 9.96e-06, "trench_OD": 1.4940000000000001e-05, "1": {"n": 1.4510651315237548, "loss": 5.539784459882441e-12, "neff": 1.451946397685855, "mode_effective_area": 7.323170460304314e-11, "TE_polarization_fraction": 0.999999907450654}, "2": {"n": 1.4510651315237548, "loss": 7.630094468123558e-12, "neff": 1.4519447592252301, "mode_effective_area": 7.329546445467196e-11, "TE_polarization_fraction": 9.200233253014866e-08}, "3": {"n": 1.4510651315237548, "loss": 2.205881041253465, "neff": 1.4506509788195927, "mode_effective_area": 1.459189051257973e-10, "TE_polarization_fraction": 0.8641641942912307}, "4": {"n": 1.4510651315237548, "loss": 2.4546734814732427, "neff": 1.4506502207026741, "mode_effective_area": 1.8443094507336717e-10, "TE_polarization_fraction": 0.5554014157920072}, "5": {"n": 1.4510651315237548, "loss": 2.193502059016213, "neff": 1.4506492571791405, "mode_effective_area": 1.464121693213629e-10, "TE_polarization_fraction": 0.1357524199139557}, "6": {"n": 1.4510651315237548, "loss": 2.4690827442789853, "neff": 1.4506491746779855, "mode_effective_area": 1.8450043096309617e-10, "TE_polarization_fraction": 0.4453186580107343}}