{"wavelength": 950, "bend_radius": 0.3, "cladding_n": 1.4510651315237548, "core_n": 1.4530651315237548, "trench_n": 1.446065131523755, "deltan_core": 0.002, "deltan_ring": 0.005, "core_radius": 4.15e-06, "trench_ID": 9.96e-06, "trench_OD": 1.4940000000000001e-05, "1": {"n": 1.4510651315237548, "loss": -9.17892424482763e-12, "neff": 1.451946505438098, "mode_effective_area": 7.323453700125321e-11, "TE_polarization_fraction": 0.9999999073850772}, "2": {"n": 1.4510651315237548, "loss": 7.767915403950113e-12, "neff": 1.4519448672085151, "mode_effective_area": 7.329829688397326e-11, "TE_polarization_fraction": 9.207362555687172e-08}, "3": {"n": 1.4510651315237548, "loss": 2.206242996439068, "neff": 1.4506511499035761, "mode_effective_area": 1.4867586025851967e-10, "TE_polarization_fraction": 0.847654859708847}, "4": {"n": 1.4510651315237548, "loss": 2.2825241099319498, "neff": 1.4506504404158838, "mode_effective_area": 1.8140989280286157e-10, "TE_polarization_fraction": 0.606586614793168}, "5": {"n": 1.4510651315237548, "loss": 2.4324102346940624, "neff": 1.4506495084907698, "mode_effective_area": 1.49196628167527e-10, "TE_polarization_fraction": 0.15220002521195866}, "6": {"n": 1.4510651315237548, "loss": 2.3464568710114504, "neff": 1.450649376917979, "mode_effective_area": 1.8156989818754956e-10, "TE_polarization_fraction": 0.3940751662788272}}