{"wavelength": 950, "bend_radius": 0.2, "cladding_n": 1.4510651315237548, "core_n": 1.4530651315237548, "trench_n": 1.446065131523755, "deltan_core": 0.002, "deltan_ring": 0.005, "core_radius": 4.15e-06, "trench_ID": 9.96e-06, "trench_OD": 1.4940000000000001e-05, "1": {"n": 1.4510651315237548, "loss": -4.380654215296461e-11, "neff": 1.451946640138369, "mode_effective_area": 7.323808007471524e-11, "TE_polarization_fraction": 0.9999999073031159}, "2": {"n": 1.4510651315237548, "loss": 4.426394910076415e-11, "neff": 1.4519450021976426, "mode_effective_area": 7.330184004854773e-11, "TE_polarization_fraction": 9.216274899546201e-08}, "3": {"n": 1.4510651315237548, "loss": 2.1716409175878884, "neff": 1.4506513689451423, "mode_effective_area": 1.528353377405248e-10, "TE_polarization_fraction": 0.8224456236347164}, "4": {"n": 1.4510651315237548, "loss": 2.3106184410084283, "neff": 1.4506507260682582, "mode_effective_area": 1.759422760747697e-10, "TE_polarization_fraction": 0.6652169437454849}, "5": {"n": 1.4510651315237548, "loss": 2.373643000847129, "neff": 1.4506498256285247, "mode_effective_area": 1.533638356734759e-10, "TE_polarization_fraction": 0.17740266703743693}, "6": {"n": 1.4510651315237548, "loss": 2.411543727133697, "neff": 1.4506496258225468, "mode_effective_area": 1.7617657431653646e-10, "TE_polarization_fraction": 0.33546656714003087}}