{"wavelength": 950, "bend_radius": 0.075, "cladding_n": 1.4510651315237548, "core_n": 1.4530651315237548, "trench_n": 1.446065131523755, "deltan_core": 0.002, "deltan_ring": 0.005, "core_radius": 4.15e-06, "trench_ID": 9.96e-06, "trench_OD": 1.4940000000000001e-05, "1": {"n": 1.4510651315237548, "loss": -6.419531712804314e-08, "neff": 1.4519481225734419, "mode_effective_area": 7.327724332781854e-11, "TE_polarization_fraction": 0.9999999064022388}, "2": {"n": 1.4510651315237548, "loss": 1.1049566453448332e-07, "neff": 1.45194648781414, "mode_effective_area": 7.334100813478406e-11, "TE_polarization_fraction": 9.314363984693106e-08}, "3": {"n": 1.4510651315237548, "loss": 2.3599387283127586, "neff": 1.4506541738354866, "mode_effective_area": 1.3381205850352204e-10, "TE_polarization_fraction": 0.939270818799328}, "4": {"n": 1.4510651315237548, "loss": 2.3860750248052933, "neff": 1.4506541645906523, "mode_effective_area": 1.6999553552933148e-10, "TE_polarization_fraction": 0.29017913120512967}, "5": {"n": 1.4510651315237548, "loss": 2.3959873412019053, "neff": 1.4506528665777674, "mode_effective_area": 1.69924833458091e-10, "TE_polarization_fraction": 0.7102338523960611}, "6": {"n": 1.4510651315237548, "loss": 2.4210939122546438, "neff": 1.4506520130839358, "mode_effective_area": 1.342709804598156e-10, "TE_polarization_fraction": 0.0610258824386694}}