{"wavelength": 950, "bend_radius": 0.05, "cladding_n": 1.4510651315237548, "core_n": 1.4530651315237548, "trench_n": 1.446065131523755, "deltan_core": 0.002, "deltan_ring": 0.005, "core_radius": 4.15e-06, "trench_ID": 9.96e-06, "trench_OD": 1.4940000000000001e-05, "1": {"n": 1.4510651315237548, "loss": 4.885422239489525e-05, "neff": 1.4519502812618084, "mode_effective_area": 7.333483659173703e-11, "TE_polarization_fraction": 0.9999999050941802}, "2": {"n": 1.4510651315237548, "loss": 7.227850726461649e-05, "neff": 1.451948651143233, "mode_effective_area": 7.339862192630725e-11, "TE_polarization_fraction": 9.457219844315763e-08}, "3": {"n": 1.4510651315237548, "loss": 2.892774132814319, "neff": 1.450659453712468, "mode_effective_area": 1.261515481274333e-10, "TE_polarization_fraction": 0.9852160978003374}, "4": {"n": 1.4510651315237548, "loss": 2.89694445870712, "neff": 1.4506592661667357, "mode_effective_area": 1.3030906713985597e-10, "TE_polarization_fraction": 0.03962497833874923}, "5": {"n": 1.4510651315237548, "loss": 2.4697575830546326, "neff": 1.4506562486119268, "mode_effective_area": 1.3024528856501596e-10, "TE_polarization_fraction": 0.960559340856104}, "6": {"n": 1.4510651315237548, "loss": 2.4794455139753273, "neff": 1.450655214049484, "mode_effective_area": 1.267400000220802e-10, "TE_polarization_fraction": 0.014911082669894729}}