{"wavelength": 950, "bend_radius": 0.1, "cladding_n": 1.4510651315237548, "core_n": 1.4530651315237548, "trench_n": 1.446065131523755, "deltan_core": 0.002, "deltan_ring": 0.005, "core_radius": 4.15e-06, "trench_ID": 9.96e-06, "trench_OD": 1.4940000000000001e-05, "1": {"n": 1.4510651315237548, "loss": -4.981590253483695e-09, "neff": 1.45194736771137, "mode_effective_area": 7.325726219673665e-11, "TE_polarization_fraction": 0.9999999068607068}, "2": {"n": 1.4510651315237548, "loss": 4.7136439324167564e-09, "neff": 1.451945731331516, "mode_effective_area": 7.332102366718757e-11, "TE_polarization_fraction": 9.264415415671468e-08}, "3": {"n": 1.4510651315237548, "loss": 2.4767199729339233, "neff": 1.4506526323469573, "mode_effective_area": 1.8122504789434222e-10, "TE_polarization_fraction": 0.5975285280476578}, "4": {"n": 1.4510651315237548, "loss": 2.617764809767273, "neff": 1.4506523757986802, "mode_effective_area": 1.4601875067916222e-10, "TE_polarization_fraction": 0.8681784162753898}, "5": {"n": 1.4510651315237548, "loss": 2.530145213769962, "neff": 1.4506514305952176, "mode_effective_area": 1.8159589110356065e-10, "TE_polarization_fraction": 0.4024550485833172}, "6": {"n": 1.4510651315237548, "loss": 2.4141545676912632, "neff": 1.4506508459538903, "mode_effective_area": 1.4633904030120673e-10, "TE_polarization_fraction": 0.1324134599544057}}