{"wavelength": 950, "bend_radius": 0.025, "cladding_n": 1.4510651315237548, "core_n": 1.4530651315237548, "trench_n": 1.446065131523755, "deltan_core": 0.002, "deltan_ring": 0.005, "core_radius": 4.15e-06, "trench_ID": 9.96e-06, "trench_OD": 1.4940000000000001e-05, "1": {"n": 1.4510651315237548, "loss": 0.024279358289039446, "neff": 1.451961987747227, "mode_effective_area": 7.365917738116108e-11, "TE_polarization_fraction": 0.9999998980782889}, "2": {"n": 1.4510651315237548, "loss": 0.02464655085683605, "neff": 1.4519603829480683, "mode_effective_area": 7.372332827730316e-11, "TE_polarization_fraction": 1.0233175974978304e-07}, "3": {"n": 1.4510651315237548, "loss": 6.117041722639602, "neff": 1.4506882298207633, "mode_effective_area": 1.2412907191359074e-10, "TE_polarization_fraction": 0.9990655853611193}, "4": {"n": 1.4510651315237548, "loss": 6.138860020331192, "neff": 1.4506880544590484, "mode_effective_area": 1.2430793180640298e-10, "TE_polarization_fraction": 0.0015805529868831048}, "5": {"n": 1.4510651315237548, "loss": 3.3232707033847575, "neff": 1.4506732920837015, "mode_effective_area": 1.2524507515053228e-10, "TE_polarization_fraction": 0.9984504485276626}, "6": {"n": 1.4510651315237548, "loss": 3.3466767700403235, "neff": 1.4506722483386167, "mode_effective_area": 1.2572446234564182e-10, "TE_polarization_fraction": 0.0009614425459137255}}