{"wavelength": 950, "bend_radius": 0.02, "cladding_n": 1.4510651315237548, "core_n": 1.4530651315237548, "trench_n": 1.446065131523755, "deltan_core": 0.002, "deltan_ring": 0.005, "core_radius": 4.15e-06, "trench_ID": 9.96e-06, "trench_OD": 1.4940000000000001e-05, "1": {"n": 1.4510651315237548, "loss": 0.06501627792743939, "neff": 1.451970822917367, "mode_effective_area": 7.391658441789531e-11, "TE_polarization_fraction": 0.9999998928694901}, "2": {"n": 1.4510651315237548, "loss": 0.06655515646623876, "neff": 1.4519692374199884, "mode_effective_area": 7.398133921978549e-11, "TE_polarization_fraction": 1.0821302678869418e-07}, "3": {"n": 1.4510651315237548, "loss": 8.593310206958538, "neff": 1.4507097305913121, "mode_effective_area": 1.2392681838760855e-10, "TE_polarization_fraction": 0.9996349996823749}, "4": {"n": 1.4510651315237548, "loss": 8.650854754378454, "neff": 1.4507095958509924, "mode_effective_area": 1.2404259931104628e-10, "TE_polarization_fraction": 0.0006208915954108192}, "5": {"n": 1.4510651315237548, "loss": 4.072560654507676, "neff": 1.4506860893926798, "mode_effective_area": 1.2604308129607994e-10, "TE_polarization_fraction": 0.9993979890268121}, "6": {"n": 1.4510651315237548, "loss": 4.098960915215992, "neff": 1.4506850722223934, "mode_effective_area": 1.26573911260172e-10, "TE_polarization_fraction": 0.0003814691690896866}}