{"wavelength": 950, "bend_radius": 0.045, "cladding_n": 1.4510651315237548, "core_n": 1.4530651315237548, "trench_n": 1.446065131523755, "deltan_core": 0.002, "deltan_ring": 0.005, "core_radius": 4.15e-06, "trench_ID": 9.96e-06, "trench_OD": 1.4940000000000001e-05, "1": {"n": 1.4510651315237548, "loss": 0.0002425907500507591, "neff": 1.4519511935621567, "mode_effective_area": 7.335938709580815e-11, "TE_polarization_fraction": 0.9999999045427213}, "2": {"n": 1.4510651315237548, "loss": 0.00022898804710845666, "neff": 1.4519495654069456, "mode_effective_area": 7.342318171659576e-11, "TE_polarization_fraction": 9.517604658311863e-08}, "3": {"n": 1.4510651315237548, "loss": 3.164402027629079, "neff": 1.4506617001444755, "mode_effective_area": 1.253778075465753e-10, "TE_polarization_fraction": 0.9901042263150518}, "4": {"n": 1.4510651315237548, "loss": 3.154074475334431, "neff": 1.4506615006730696, "mode_effective_area": 1.2763003251792288e-10, "TE_polarization_fraction": 0.02327651507160576}, "5": {"n": 1.4510651315237548, "loss": 2.5156457525350713, "neff": 1.4506575980267093, "mode_effective_area": 1.276214875021711e-10, "TE_polarization_fraction": 0.9768599243707546}, "6": {"n": 1.4510651315237548, "loss": 2.531297431792007, "neff": 1.4506565495321437, "mode_effective_area": 1.2602389210273513e-10, "TE_polarization_fraction": 0.009996534753027336}}