{"wavelength": 950, "bend_radius": 0.03, "cladding_n": 1.4510651315237548, "core_n": 1.4530651315237548, "trench_n": 1.446065131523755, "deltan_core": 0.002, "deltan_ring": 0.005, "core_radius": 4.15e-06, "trench_ID": 9.96e-06, "trench_OD": 1.4940000000000001e-05, "1": {"n": 1.4510651315237548, "loss": 0.008907846512628695, "neff": 1.45195720831347, "mode_effective_area": 7.352437776198081e-11, "TE_polarization_fraction": 0.9999999009270071}, "2": {"n": 1.4510651315237548, "loss": 0.008779399112082299, "neff": 1.451955593159782, "mode_effective_area": 7.358832776868788e-11, "TE_polarization_fraction": 9.916019927395844e-08}, "3": {"n": 1.4510651315237548, "loss": 4.8075598234081935, "neff": 1.4506765112627547, "mode_effective_area": 1.242502972507073e-10, "TE_polarization_fraction": 0.9980227027942221}, "4": {"n": 1.4510651315237548, "loss": 4.8487583819939415, "neff": 1.4506763157901528, "mode_effective_area": 1.2456710259763115e-10, "TE_polarization_fraction": 0.003491815082589918}, "5": {"n": 1.4510651315237548, "loss": 2.9401072159183235, "neff": 1.450666361405728, "mode_effective_area": 1.2502761517086233e-10, "TE_polarization_fraction": 0.9965556134338618}, "6": {"n": 1.4510651315237548, "loss": 2.959898350231475, "neff": 1.4506653058908339, "mode_effective_area": 1.2537240865237214e-10, "TE_polarization_fraction": 0.002017884256031452}}