{"wavelength": 950, "bend_radius": 0.04, "cladding_n": 1.4510651315237548, "core_n": 1.4530651315237548, "trench_n": 1.446065131523755, "deltan_core": 0.002, "deltan_ring": 0.005, "core_radius": 4.15e-06, "trench_ID": 9.96e-06, "trench_OD": 1.4940000000000001e-05, "1": {"n": 1.4510651315237548, "loss": 0.0008599978477642872, "neff": 1.4519524698398099, "mode_effective_area": 7.339393814846367e-11, "TE_polarization_fraction": 0.9999999037725954}, "2": {"n": 1.4510651315237548, "loss": 0.0008305555445183177, "neff": 1.4519508444381366, "mode_effective_area": 7.345776083831839e-11, "TE_polarization_fraction": 9.602095969469144e-08}, "3": {"n": 1.4510651315237548, "loss": 3.5267047003689305, "neff": 1.4506648454175155, "mode_effective_area": 1.2482441016641115e-10, "TE_polarization_fraction": 0.9937437904001406}, "4": {"n": 1.4510651315237548, "loss": 3.525162316523534, "neff": 1.4506646407452721, "mode_effective_area": 1.2600294973839223e-10, "TE_polarization_fraction": 0.01310313744969034}, "5": {"n": 1.4510651315237548, "loss": 2.597783829432015, "neff": 1.4506594686501655, "mode_effective_area": 1.2607949886747235e-10, "TE_polarization_fraction": 0.986995416003443}, "6": {"n": 1.4510651315237548, "loss": 2.616430217170701, "neff": 1.4506584120732764, "mode_effective_area": 1.2555870443025118e-10, "TE_polarization_fraction": 0.00633359596499769}}