{"wavelength": 950, "bend_radius": 0.015, "cladding_n": 1.4510651315237548, "core_n": 1.4530651315237548, "trench_n": 1.446065131523755, "deltan_core": 0.002, "deltan_ring": 0.005, "core_radius": 4.15e-06, "trench_ID": 9.96e-06, "trench_OD": 1.4940000000000001e-05, "1": {"n": 1.4510651315237548, "loss": 0.18624353869241347, "neff": 1.4519900768995788, "mode_effective_area": 7.4513730307635e-11, "TE_polarization_fraction": 0.9999998817862941}, "2": {"n": 1.4510651315237548, "loss": 0.1888630581206886, "neff": 1.451988533997534, "mode_effective_area": 7.458057717687516e-11, "TE_polarization_fraction": 1.2113437563263362e-07}, "3": {"n": 1.4510651315237548, "loss": 14.377909331740202, "neff": 1.4507557625306717, "mode_effective_area": 1.2294730456894886e-10, "TE_polarization_fraction": 0.9998968277670234}, "4": {"n": 1.4510651315237548, "loss": 14.446449811703895, "neff": 1.4507557136361071, "mode_effective_area": 1.2301424042800257e-10, "TE_polarization_fraction": 0.000196655630056699}, "5": {"n": 1.4510651315237548, "loss": 5.867313289376021, "neff": 1.4507139389648542, "mode_effective_area": 1.2790773299628408e-10, "TE_polarization_fraction": 0.9998136358328285}, "6": {"n": 1.4510651315237548, "loss": 5.9013614205163005, "neff": 1.450712983081555, "mode_effective_area": 1.2843923791165945e-10, "TE_polarization_fraction": 0.00011189982489955797}}