{"wavelength": 960, "bend_radius": 0.005, "cladding_n": 1.4509326937135074, "core_n": 1.4529326937135074, "trench_n": 1.4459326937135075, "deltan_core": 0.002, "deltan_ring": 0.005, "core_radius": 4.15e-06, "trench_ID": 9.96e-06, "trench_OD": 1.4940000000000001e-05, "1": {"n": 1.4509326937135074, "loss": 22.681516091898047, "neff": 1.4522427418214436, "mode_effective_area": 9.34820161901874e-11, "TE_polarization_fraction": 0.9999997374862997}, "2": {"n": 1.4509326937135074, "loss": 22.82668217490191, "neff": 1.4522422001655397, "mode_effective_area": 9.37311589670902e-11, "TE_polarization_fraction": 5.093999077156088e-07}, "3": {"n": 1.4509326937135074, "loss": 211.28811476687562, "neff": 1.45127819507519, "mode_effective_area": 1.0489861274206238e-10, "TE_polarization_fraction": 1.6847824053631833e-05}, "4": {"n": 1.4509326937135074, "loss": 211.87727613406236, "neff": 1.4512778542496538, "mode_effective_area": 1.051183101238655e-10, "TE_polarization_fraction": 0.9999997789862568}, "5": {"n": 1.4509326937135074, "loss": 99.47905755242856, "neff": 1.4510915620890947, "mode_effective_area": 1.29033761820156e-10, "TE_polarization_fraction": 2.5906450736701303e-06}, "6": {"n": 1.4509326937135074, "loss": 99.32508991018429, "neff": 1.451091501118043, "mode_effective_area": 1.28912501001197e-10, "TE_polarization_fraction": 0.9999860222700988}}