{"wavelength": 960, "bend_radius": 0.3, "cladding_n": 1.4509326937135074, "core_n": 1.4529326937135074, "trench_n": 1.4459326937135075, "deltan_core": 0.002, "deltan_ring": 0.005, "core_radius": 4.15e-06, "trench_ID": 9.96e-06, "trench_OD": 1.4940000000000001e-05, "1": {"n": 1.4509326937135074, "loss": -2.1865572078878138e-11, "neff": 1.4517998615848529, "mode_effective_area": 7.414072053888257e-11, "TE_polarization_fraction": 0.9999999054622037}, "2": {"n": 1.4509326937135074, "loss": 9.457395205869649e-12, "neff": 1.451798237636827, "mode_effective_area": 7.420738518519901e-11, "TE_polarization_fraction": 9.399234211296437e-08}, "3": {"n": 1.4509326937135074, "loss": 2.6102894886345434, "neff": 1.450494697349085, "mode_effective_area": 1.5291633778427584e-10, "TE_polarization_fraction": 0.8369613027494655}, "4": {"n": 1.4509326937135074, "loss": 2.672566751190553, "neff": 1.4504940296409576, "mode_effective_area": 1.856498487214745e-10, "TE_polarization_fraction": 0.5883924044542957}, "5": {"n": 1.4509326937135074, "loss": 2.8244817178188444, "neff": 1.4504930812598422, "mode_effective_area": 1.534232403320345e-10, "TE_polarization_fraction": 0.16290425115941873}, "6": {"n": 1.4509326937135074, "loss": 2.7325491584458446, "neff": 1.450492954534747, "mode_effective_area": 1.8578365529133472e-10, "TE_polarization_fraction": 0.41225733318921887}}