{"wavelength": 960, "bend_radius": 0.05, "cladding_n": 1.4509326937135074, "core_n": 1.4529326937135074, "trench_n": 1.4459326937135075, "deltan_core": 0.002, "deltan_ring": 0.005, "core_radius": 4.15e-06, "trench_ID": 9.96e-06, "trench_OD": 1.4940000000000001e-05, "1": {"n": 1.4509326937135074, "loss": 7.794308059466116e-05, "neff": 1.4518036593263215, "mode_effective_area": 7.424623443302749e-11, "TE_polarization_fraction": 0.9999999031463975}, "2": {"n": 1.4509326937135074, "loss": 0.00011296173486340374, "neff": 1.4518020435261938, "mode_effective_area": 7.431297346203105e-11, "TE_polarization_fraction": 9.647857811367609e-08}, "3": {"n": 1.4509326937135074, "loss": 3.3656670453135424, "neff": 1.4505030825132081, "mode_effective_area": 1.2820634019849868e-10, "TE_polarization_fraction": 0.9846293436549357}, "4": {"n": 1.4509326937135074, "loss": 3.3734255689396746, "neff": 1.4505029143130335, "mode_effective_area": 1.3214438521056305e-10, "TE_polarization_fraction": 0.03850956932683425}, "5": {"n": 1.4509326937135074, "loss": 2.925680162694895, "neff": 1.4504998167291177, "mode_effective_area": 1.3217353273428964e-10, "TE_polarization_fraction": 0.9616748470445241}, "6": {"n": 1.4509326937135074, "loss": 2.938527830048067, "neff": 1.450498847846579, "mode_effective_area": 1.2887037105535607e-10, "TE_polarization_fraction": 0.015499840835457985}}