{"wavelength": 960, "bend_radius": 0.1, "cladding_n": 1.4509326937135074, "core_n": 1.4529326937135074, "trench_n": 1.4459326937135075, "deltan_core": 0.002, "deltan_ring": 0.005, "core_radius": 4.15e-06, "trench_ID": 9.96e-06, "trench_OD": 1.4940000000000001e-05, "1": {"n": 1.4509326937135074, "loss": -8.960502792153476e-09, "neff": 1.4518007288596058, "mode_effective_area": 7.416463886340923e-11, "TE_polarization_fraction": 0.999999904932088}, "2": {"n": 1.4509326937135074, "loss": 8.537682482885112e-09, "neff": 1.4517991067697629, "mode_effective_area": 7.423131626111579e-11, "TE_polarization_fraction": 9.455992117546895e-08}, "3": {"n": 1.4509326937135074, "loss": 3.051242504362271, "neff": 1.450496205183288, "mode_effective_area": 1.8582392708911683e-10, "TE_polarization_fraction": 0.5720941250744735}, "4": {"n": 1.4509326937135074, "loss": 3.3583989595167227, "neff": 1.4504959655213372, "mode_effective_area": 1.4983350118446232e-10, "TE_polarization_fraction": 0.8603440688647166}, "5": {"n": 1.4509326937135074, "loss": 3.140373235784972, "neff": 1.4504949994129777, "mode_effective_area": 1.8616129337021282e-10, "TE_polarization_fraction": 0.42765856521649487}, "6": {"n": 1.4509326937135074, "loss": 2.892815993456624, "neff": 1.4504944452403525, "mode_effective_area": 1.5008807944232768e-10, "TE_polarization_fraction": 0.14040764444298534}}