{"wavelength": 960, "bend_radius": 0.015, "cladding_n": 1.4509326937135074, "core_n": 1.4529326937135074, "trench_n": 1.4459326937135075, "deltan_core": 0.002, "deltan_ring": 0.005, "core_radius": 4.15e-06, "trench_ID": 9.96e-06, "trench_OD": 1.4940000000000001e-05, "1": {"n": 1.4509326937135074, "loss": 0.2188211595988362, "neff": 1.4518436866877804, "mode_effective_area": 7.547756811071147e-11, "TE_polarization_fraction": 0.9999998796078742}, "2": {"n": 1.4509326937135074, "loss": 0.22195599705363434, "neff": 1.4518421584603207, "mode_effective_area": 7.554786757448727e-11, "TE_polarization_fraction": 1.230105235922825e-07}, "3": {"n": 1.4509326937135074, "loss": 16.169261608169283, "neff": 1.4505997100674908, "mode_effective_area": 1.2422396057207558e-10, "TE_polarization_fraction": 0.9998935360520228}, "4": {"n": 1.4509326937135074, "loss": 16.24158692220264, "neff": 1.450599679157852, "mode_effective_area": 1.2428607420044612e-10, "TE_polarization_fraction": 0.00020210747062909332}, "5": {"n": 1.4509326937135074, "loss": 6.71608882023162, "neff": 1.450557812299002, "mode_effective_area": 1.2972430604052436e-10, "TE_polarization_fraction": 0.9998084031268017}, "6": {"n": 1.4509326937135074, "loss": 6.752736135502003, "neff": 1.4505569166299024, "mode_effective_area": 1.3023443357636342e-10, "TE_polarization_fraction": 0.00011542804681850934}}