{"wavelength": 960, "bend_radius": 0.035, "cladding_n": 1.4509326937135074, "core_n": 1.4529326937135074, "trench_n": 1.4459326937135075, "deltan_core": 0.002, "deltan_ring": 0.005, "core_radius": 4.15e-06, "trench_ID": 9.96e-06, "trench_OD": 1.4940000000000001e-05, "1": {"n": 1.4509326937135074, "loss": 0.0035529961700714826, "neff": 1.4518077348314633, "mode_effective_area": 7.436181542724104e-11, "TE_polarization_fraction": 0.9999999006772103}, "2": {"n": 1.4509326937135074, "loss": 0.0038855576713961396, "neff": 1.4518061278071772, "mode_effective_area": 7.44286893068617e-11, "TE_polarization_fraction": 9.914979635045805e-08}, "3": {"n": 1.4509326937135074, "loss": 4.6453832817927445, "neff": 1.4505131226349424, "mode_effective_area": 1.2631791723355415e-10, "TE_polarization_fraction": 0.9961975955304131}, "4": {"n": 1.4509326937135074, "loss": 4.678284949828436, "neff": 1.4505129402976233, "mode_effective_area": 1.2691058505467118e-10, "TE_polarization_fraction": 0.006976773622948282}, "5": {"n": 1.4509326937135074, "loss": 3.2081709444137223, "neff": 1.4505057875176333, "mode_effective_area": 1.2728900430849711e-10, "TE_polarization_fraction": 0.9930931110720502}, "6": {"n": 1.4509326937135074, "loss": 3.2282182354329394, "neff": 1.4505047954282326, "mode_effective_area": 1.2733805580661152e-10, "TE_polarization_fraction": 0.0038608192242544585}}