{"wavelength": 960, "bend_radius": 0.02, "cladding_n": 1.4509326937135074, "core_n": 1.4529326937135074, "trench_n": 1.4459326937135075, "deltan_core": 0.002, "deltan_ring": 0.005, "core_radius": 4.15e-06, "trench_ID": 9.96e-06, "trench_OD": 1.4940000000000001e-05, "1": {"n": 1.4509326937135074, "loss": 0.07818434936263272, "neff": 1.4518243205874282, "mode_effective_area": 7.485580349386797e-11, "TE_polarization_fraction": 0.9999998907956403}, "2": {"n": 1.4509326937135074, "loss": 0.08006790388413317, "neff": 1.4518227496080671, "mode_effective_area": 7.492378029726067e-11, "TE_polarization_fraction": 1.1008156801944334e-07}, "3": {"n": 1.4509326937135074, "loss": 9.755950577627841, "neff": 1.4505535892284742, "mode_effective_area": 1.2545400534988077e-10, "TE_polarization_fraction": 0.9996242990970653}, "4": {"n": 1.4509326937135074, "loss": 9.819113367605947, "neff": 1.4505534746551354, "mode_effective_area": 1.255683034303424e-10, "TE_polarization_fraction": 0.0006313939461837966}, "5": {"n": 1.4509326937135074, "loss": 4.710466685549842, "neff": 1.4505298272062834, "mode_effective_area": 1.2795871412706995e-10, "TE_polarization_fraction": 0.9993877597060102}, "6": {"n": 1.4509326937135074, "loss": 4.739306661099156, "neff": 1.4505288741293223, "mode_effective_area": 1.2846760262260956e-10, "TE_polarization_fraction": 0.000392562386810653}}