{"wavelength": 960, "bend_radius": 0.025, "cladding_n": 1.4509326937135074, "core_n": 1.4529326937135074, "trench_n": 1.4459326937135075, "deltan_core": 0.002, "deltan_ring": 0.005, "core_radius": 4.15e-06, "trench_ID": 9.96e-06, "trench_OD": 1.4940000000000001e-05, "1": {"n": 1.4509326937135074, "loss": 0.030130515147139658, "neff": 1.4518154339488187, "mode_effective_area": 7.458661579388498e-11, "TE_polarization_fraction": 0.9999998960568682}, "2": {"n": 1.4509326937135074, "loss": 0.030576407970185217, "neff": 1.4518138435778651, "mode_effective_area": 7.465386847451759e-11, "TE_polarization_fraction": 1.0421038964351077e-07}, "3": {"n": 1.4509326937135074, "loss": 6.98801667062484, "neff": 1.4505320081649218, "mode_effective_area": 1.2581203749264552e-10, "TE_polarization_fraction": 0.9990382299292025}, "4": {"n": 1.4509326937135074, "loss": 7.012098095797402, "neff": 1.4505318537052145, "mode_effective_area": 1.2599037025234154e-10, "TE_polarization_fraction": 0.0015955494556556457}, "5": {"n": 1.4509326937135074, "loss": 3.871457530159289, "neff": 1.4505169598516792, "mode_effective_area": 1.272069549963448e-10, "TE_polarization_fraction": 0.9984357908631234}, "6": {"n": 1.4509326937135074, "loss": 3.8974731863731096, "neff": 1.4505159819415046, "mode_effective_area": 1.276653819776428e-10, "TE_polarization_fraction": 0.0009893892031592828}}