{"wavelength": 960, "bend_radius": 0.04, "cladding_n": 1.4509326937135074, "core_n": 1.4529326937135074, "trench_n": 1.4459326937135075, "deltan_core": 0.002, "deltan_ring": 0.005, "core_radius": 4.15e-06, "trench_ID": 9.96e-06, "trench_OD": 1.4940000000000001e-05, "1": {"n": 1.4509326937135074, "loss": 0.0012093800712090765, "neff": 1.451805860628226, "mode_effective_area": 7.430835430450206e-11, "TE_polarization_fraction": 0.9999999018106644}, "2": {"n": 1.4509326937135074, "loss": 0.0011899714515213133, "neff": 1.4518042495703085, "mode_effective_area": 7.437516105306561e-11, "TE_polarization_fraction": 9.792089874320145e-08}, "3": {"n": 1.4509326937135074, "loss": 4.076883760579217, "neff": 1.4505085054630569, "mode_effective_area": 1.2674429349704826e-10, "TE_polarization_fraction": 0.9935279248788783}, "4": {"n": 1.4509326937135074, "loss": 4.073928491922075, "neff": 1.4505083218012753, "mode_effective_area": 1.2788302278706434e-10, "TE_polarization_fraction": 0.012961435189172874}, "5": {"n": 1.4509326937135074, "loss": 3.065418189438802, "neff": 1.4505030554710847, "mode_effective_area": 1.2809168129681694e-10, "TE_polarization_fraction": 0.9871376553620567}, "6": {"n": 1.4509326937135074, "loss": 3.0868485491208184, "neff": 1.450502065846768, "mode_effective_area": 1.2759204939752212e-10, "TE_polarization_fraction": 0.00655083543374534}}