{"wavelength": 960, "bend_radius": 0.03, "cladding_n": 1.4509326937135074, "core_n": 1.4529326937135074, "trench_n": 1.4459326937135075, "deltan_core": 0.002, "deltan_ring": 0.005, "core_radius": 4.15e-06, "trench_ID": 9.96e-06, "trench_OD": 1.4940000000000001e-05, "1": {"n": 1.4509326937135074, "loss": 0.011511684157847007, "neff": 1.451810626679646, "mode_effective_area": 7.444531624060617e-11, "TE_polarization_fraction": 0.9999998989350822}, "2": {"n": 1.4509326937135074, "loss": 0.011357494842933878, "neff": 1.4518090259140803, "mode_effective_area": 7.451230973802899e-11, "TE_polarization_fraction": 1.010481552849246e-07}, "3": {"n": 1.4509326937135074, "loss": 5.517726960820794, "neff": 1.4505202343415438, "mode_effective_area": 1.260336597246278e-10, "TE_polarization_fraction": 0.9979625550675305}, "4": {"n": 1.4509326937135074, "loss": 5.565924511004285, "neff": 1.4505200601334869, "mode_effective_area": 1.2634746721601512e-10, "TE_polarization_fraction": 0.003502317028974461}, "5": {"n": 1.4509326937135074, "loss": 3.4434683281978984, "neff": 1.450509989177495, "mode_effective_area": 1.2701675578216876e-10, "TE_polarization_fraction": 0.9965455122762419}, "6": {"n": 1.4509326937135074, "loss": 3.4655339285132984, "neff": 1.4505090003406367, "mode_effective_area": 1.2734464397314694e-10, "TE_polarization_fraction": 0.0020788584202738347}}