{"wavelength": 960, "bend_radius": 0, "cladding_n": 1.4509326937135074, "core_n": 1.4529326937135074, "trench_n": 1.4459326937135075, "deltan_core": 0.002, "deltan_ring": 0.005, "core_radius": 4.15e-06, "trench_ID": 9.96e-06, "trench_OD": 1.4940000000000001e-05, "1": {"n": 1.4509326937135074, "loss": -6.463376001760004e-13, "neff": 1.4517997532077564, "mode_effective_area": 7.413773890878713e-11, "TE_polarization_fraction": 0.9999999055285006}, "2": {"n": 1.4509326937135074, "loss": 3.6363333188930382e-12, "neff": 1.451798129027632, "mode_effective_area": 7.42044021276724e-11, "TE_polarization_fraction": 9.392142313308057e-08}, "3": {"n": 1.4509326937135074, "loss": 2.637834862970777, "neff": 1.450494523718665, "mode_effective_area": 1.49956475029534e-10, "TE_polarization_fraction": 0.8545367046074054}, "4": {"n": 1.4509326937135074, "loss": 2.8885411529315617, "neff": 1.4504938094503543, "mode_effective_area": 1.8809210250422873e-10, "TE_polarization_fraction": 0.5363329263148944}, "5": {"n": 1.4509326937135074, "loss": 2.6193900753421953, "neff": 1.4504928304044125, "mode_effective_area": 1.5044197530286e-10, "TE_polarization_fraction": 0.1453842426960384}, "6": {"n": 1.4509326937135074, "loss": 2.904002575345617, "neff": 1.4504927478923486, "mode_effective_area": 1.8813247093490384e-10, "TE_polarization_fraction": 0.4643706580584298}}