{"wavelength": 960, "bend_radius": 0.075, "cladding_n": 1.4509326937135074, "core_n": 1.4529326937135074, "trench_n": 1.4459326937135075, "deltan_core": 0.002, "deltan_ring": 0.005, "core_radius": 4.15e-06, "trench_ID": 9.96e-06, "trench_OD": 1.4940000000000001e-05, "1": {"n": 1.4509326937135074, "loss": -8.152994415414002e-08, "neff": 1.4518014881018886, "mode_effective_area": 7.418566303057991e-11, "TE_polarization_fraction": 0.9999999044686182}, "2": {"n": 1.4509326937135074, "loss": 1.9616514343273455e-07, "neff": 1.4517998676399924, "mode_effective_area": 7.425235351152837e-11, "TE_polarization_fraction": 9.50568886665382e-08}, "3": {"n": 1.4509326937135074, "loss": 2.816123673112434, "neff": 1.450497773368282, "mode_effective_area": 1.364953850348063e-10, "TE_polarization_fraction": 0.9361566375008927}, "4": {"n": 1.4509326937135074, "loss": 2.8470209995545352, "neff": 1.4504977680151696, "mode_effective_area": 1.7021084692022815e-10, "TE_polarization_fraction": 0.2715190658864628}, "5": {"n": 1.4509326937135074, "loss": 2.855462298710495, "neff": 1.4504964271041763, "mode_effective_area": 1.7015107643738917e-10, "TE_polarization_fraction": 0.7288895131559231}, "6": {"n": 1.4509326937135074, "loss": 2.877955185428353, "neff": 1.4504956238620954, "mode_effective_area": 1.369778105059427e-10, "TE_polarization_fraction": 0.06414856228756957}}