{"wavelength": 960, "bend_radius": 0.045, "cladding_n": 1.4509326937135074, "core_n": 1.4529326937135074, "trench_n": 1.4459326937135075, "deltan_core": 0.002, "deltan_ring": 0.005, "core_radius": 4.15e-06, "trench_ID": 9.96e-06, "trench_OD": 1.4940000000000001e-05, "1": {"n": 1.4509326937135074, "loss": 0.00037194291463813026, "neff": 1.4518045769293828, "mode_effective_area": 7.427204470164369e-11, "TE_polarization_fraction": 0.9999999025890167}, "2": {"n": 1.4509326937135074, "loss": 0.00033925253030915044, "neff": 1.4518029631013523, "mode_effective_area": 7.433880298082028e-11, "TE_polarization_fraction": 9.707967618037365e-08}, "3": {"n": 1.4509326937135074, "loss": 3.6693817348028106, "neff": 1.4505053420537628, "mode_effective_area": 1.273610981757269e-10, "TE_polarization_fraction": 0.9897378061306558}, "4": {"n": 1.4509326937135074, "loss": 3.6587301367812097, "neff": 1.4505051629388568, "mode_effective_area": 1.295150082835717e-10, "TE_polarization_fraction": 0.022834722966130164}, "5": {"n": 1.4509326937135074, "loss": 2.975541871602131, "neff": 1.4505011737882898, "mode_effective_area": 1.2961631506839596e-10, "TE_polarization_fraction": 0.9773021760916264}, "6": {"n": 1.4509326937135074, "loss": 2.9943590166362397, "neff": 1.4505001918345075, "mode_effective_area": 1.2809895512560107e-10, "TE_polarization_fraction": 0.010364632321779725}}