{"wavelength": 960, "bend_radius": 0.01, "cladding_n": 1.4509326937135074, "core_n": 1.4529326937135074, "trench_n": 1.4459326937135075, "deltan_core": 0.002, "deltan_ring": 0.005, "core_radius": 4.15e-06, "trench_ID": 9.96e-06, "trench_OD": 1.4940000000000001e-05, "1": {"n": 1.4509326937135074, "loss": 0.9145423374675089, "neff": 1.4519003255698977, "mode_effective_area": 7.755610067008529e-11, "TE_polarization_fraction": 0.9999998492030454}, "2": {"n": 1.4509326937135074, "loss": 0.924137943219746, "neff": 1.4518989265141187, "mode_effective_area": 7.763951198939461e-11, "TE_polarization_fraction": 1.623994284485821e-07}, "3": {"n": 1.4509326937135074, "loss": 38.2840171966712, "neff": 1.45072694509222, "mode_effective_area": 1.1876362877944098e-10, "TE_polarization_fraction": 4.830378725236438e-05}, "4": {"n": 1.4509326937135074, "loss": 38.15894455955819, "neff": 1.450726780407608, "mode_effective_area": 1.18828327823249e-10, "TE_polarization_fraction": 0.9999849126475955}, "5": {"n": 1.4509326937135074, "loss": 14.027282842608736, "neff": 1.4506390482648326, "mode_effective_area": 1.3373678676439338e-10, "TE_polarization_fraction": 0.9999566328854975}, "6": {"n": 1.4509326937135074, "loss": 14.09105797649891, "neff": 1.4506383178561193, "mode_effective_area": 1.341832630483585e-10, "TE_polarization_fraction": 1.8969170444880958e-05}}