{"wavelength": 960, "bend_radius": 0.2, "cladding_n": 1.4509326937135074, "core_n": 1.4529326937135074, "trench_n": 1.4459326937135075, "deltan_core": 0.002, "deltan_ring": 0.005, "core_radius": 4.15e-06, "trench_ID": 9.96e-06, "trench_OD": 1.4940000000000001e-05, "1": {"n": 1.4509326937135074, "loss": -8.381974114199326e-11, "neff": 1.451799997066294, "mode_effective_area": 7.414445012310723e-11, "TE_polarization_fraction": 0.9999999053793424}, "2": {"n": 1.4509326937135074, "loss": 9.07844516429995e-11, "neff": 1.4517983734084456, "mode_effective_area": 7.421111660566875e-11, "TE_polarization_fraction": 9.408099966467386e-08}, "3": {"n": 1.4509326937135074, "loss": 2.6507734300448145, "neff": 1.450494919802815, "mode_effective_area": 1.574330589998616e-10, "TE_polarization_fraction": 0.809771996542998}, "4": {"n": 1.4509326937135074, "loss": 2.791498511791333, "neff": 1.450494314360618, "mode_effective_area": 1.8060649446800027e-10, "TE_polarization_fraction": 0.6484719042710335}, "5": {"n": 1.4509326937135074, "loss": 2.938360696315225, "neff": 1.4504933987688866, "mode_effective_area": 1.5795809797367024e-10, "TE_polarization_fraction": 0.19003677353388537}, "6": {"n": 1.4509326937135074, "loss": 2.8987670705165685, "neff": 1.450493206768877, "mode_effective_area": 1.8082805707126176e-10, "TE_polarization_fraction": 0.3521923489812449}}