{"wavelength": 970, "bend_radius": 0.04, "cladding_n": 1.4508017923282956, "core_n": 1.4528017923282956, "trench_n": 1.4458017923282958, "deltan_core": 0.002, "deltan_ring": 0.005, "core_radius": 4.15e-06, "trench_ID": 9.96e-06, "trench_OD": 1.4940000000000001e-05, "1": {"n": 1.4508017923282956, "loss": 0.0016811829753106441, "neff": 1.4516608288007766, "mode_effective_area": 7.52307297230757e-11, "TE_polarization_fraction": 0.9999998998669065}, "2": {"n": 1.4508017923282956, "loss": 0.0016861791322916478, "neff": 1.4516592321888495, "mode_effective_area": 7.530048176476375e-11, "TE_polarization_fraction": 9.980834748589093e-08}, "3": {"n": 1.4508017923282956, "loss": 4.695969149535272, "neff": 1.4503537880187523, "mode_effective_area": 1.286398252198294e-10, "TE_polarization_fraction": 0.9932917066962895}, "4": {"n": 1.4508017923282956, "loss": 4.691088806695906, "neff": 1.4503536247648525, "mode_effective_area": 1.2974576481065838e-10, "TE_polarization_fraction": 0.01289567994869906}, "5": {"n": 1.4508017923282956, "loss": 3.600796810280606, "neff": 1.4503482765932905, "mode_effective_area": 1.3008545041858793e-10, "TE_polarization_fraction": 0.9872043811547766}, "6": {"n": 1.4508017923282956, "loss": 3.625164546501486, "neff": 1.4503473518619718, "mode_effective_area": 1.295996661044308e-10, "TE_polarization_fraction": 0.0067884998891851196}}