{"wavelength": 970, "bend_radius": 0.025, "cladding_n": 1.4508017923282956, "core_n": 1.4528017923282956, "trench_n": 1.4458017923282958, "deltan_core": 0.002, "deltan_ring": 0.005, "core_radius": 4.15e-06, "trench_ID": 9.96e-06, "trench_OD": 1.4940000000000001e-05, "1": {"n": 1.4508017923282956, "loss": 0.03716715293156012, "neff": 1.451670457843772, "mode_effective_area": 7.552170357511803e-11, "TE_polarization_fraction": 0.9999998940561878}, "2": {"n": 1.4508017923282956, "loss": 0.03770703158078591, "neff": 1.451668881996303, "mode_effective_area": 7.559201611631998e-11, "TE_polarization_fraction": 1.0608254324926195e-07}, "3": {"n": 1.4508017923282956, "loss": 7.955133684669929, "neff": 1.4503773866225083, "mode_effective_area": 1.2747148575473574e-10, "TE_polarization_fraction": 0.9990078496293229}, "4": {"n": 1.4508017923282956, "loss": 7.982047254421334, "neff": 1.450377252365517, "mode_effective_area": 1.2764960155467342e-10, "TE_polarization_fraction": 0.0016176296545175322}, "5": {"n": 1.4508017923282956, "loss": 4.4925092030892895, "neff": 1.4503622552923732, "mode_effective_area": 1.291381744153356e-10, "TE_polarization_fraction": 0.9984141334046019}, "6": {"n": 1.4508017923282956, "loss": 4.521304894310966, "neff": 1.450361341101227, "mode_effective_area": 1.2957522324843418e-10, "TE_polarization_fraction": 0.0010204115469681682}}