{"wavelength": 970, "bend_radius": 0.05, "cladding_n": 1.4508017923282956, "core_n": 1.4528017923282956, "trench_n": 1.4458017923282958, "deltan_core": 0.002, "deltan_ring": 0.005, "core_radius": 4.15e-06, "trench_ID": 9.96e-06, "trench_OD": 1.4940000000000001e-05, "1": {"n": 1.4508017923282956, "loss": 0.0001232588648428519, "neff": 1.4516586146879664, "mode_effective_area": 7.516566194437254e-11, "TE_polarization_fraction": 0.999999901216158}, "2": {"n": 1.4508017923282956, "loss": 0.00017353835308587108, "neff": 1.4516570133160633, "mode_effective_area": 7.52353148230701e-11, "TE_polarization_fraction": 9.837112405158186e-08}, "3": {"n": 1.4508017923282956, "loss": 3.9030236680351615, "neff": 1.4503483394519179, "mode_effective_area": 1.3024320711316894e-10, "TE_polarization_fraction": 0.9839946474072184}, "4": {"n": 1.4508017923282956, "loss": 3.915065801497983, "neff": 1.4503481901850923, "mode_effective_area": 1.339946511836163e-10, "TE_polarization_fraction": 0.03769083915007097}, "5": {"n": 1.4508017923282956, "loss": 3.4490818805861165, "neff": 1.450345020453366, "mode_effective_area": 1.3411596086922788e-10, "TE_polarization_fraction": 0.9624945134286735}, "6": {"n": 1.4508017923282956, "loss": 3.465248352458918, "neff": 1.4503441153883094, "mode_effective_area": 1.309818222689344e-10, "TE_polarization_fraction": 0.016136611922219723}}