{"wavelength": 970, "bend_radius": 0.005, "cladding_n": 1.4508017923282956, "core_n": 1.4528017923282956, "trench_n": 1.4458017923282958, "deltan_core": 0.002, "deltan_ring": 0.005, "core_radius": 4.15e-06, "trench_ID": 9.96e-06, "trench_OD": 1.4940000000000001e-05, "1": {"n": 1.4508017923282956, "loss": 24.728255289303842, "neff": 1.4520994967396796, "mode_effective_area": 9.445005861386953e-11, "TE_polarization_fraction": 0.9999997338596207}, "2": {"n": 1.4508017923282956, "loss": 24.882001654550653, "neff": 1.4520989649824585, "mode_effective_area": 9.470014084359981e-11, "TE_polarization_fraction": 5.158767349244241e-07}, "3": {"n": 1.4508017923282956, "loss": 227.9376701098914, "neff": 1.4511197711697439, "mode_effective_area": 1.0616823288793254e-10, "TE_polarization_fraction": 1.802088701575272e-05}, "4": {"n": 1.4508017923282956, "loss": 228.59194650872402, "neff": 1.4511194283170195, "mode_effective_area": 1.0638098028651513e-10, "TE_polarization_fraction": 0.9999997652183411}, "5": {"n": 1.4508017923282956, "loss": 107.45500815651114, "neff": 1.4509365861039558, "mode_effective_area": 1.3010472296192052e-10, "TE_polarization_fraction": 2.6528150409148898e-06}, "6": {"n": 1.4508017923282956, "loss": 107.30270676089152, "neff": 1.450936516708689, "mode_effective_area": 1.2997302171252534e-10, "TE_polarization_fraction": 0.9999849748798515}}