{"wavelength": 970, "bend_radius": 0.3, "cladding_n": 1.4508017923282956, "core_n": 1.4528017923282956, "trench_n": 1.4458017923282958, "deltan_core": 0.002, "deltan_ring": 0.005, "core_radius": 4.15e-06, "trench_ID": 9.96e-06, "trench_OD": 1.4940000000000001e-05, "1": {"n": 1.4508017923282956, "loss": -3.497521927228687e-11, "neff": 1.4516547948729581, "mode_effective_area": 7.505506043039558e-11, "TE_polarization_fraction": 0.9999999035557705}, "2": {"n": 1.4508017923282956, "loss": 3.442439212376539e-11, "neff": 1.4516531853207113, "mode_effective_area": 7.512459071286099e-11, "TE_polarization_fraction": 9.589492091182147e-08}, "3": {"n": 1.4508017923282956, "loss": 3.0922447785425957, "neff": 1.4503398842807467, "mode_effective_area": 1.5723036509923565e-10, "TE_polarization_fraction": 0.8258880970961602}, "4": {"n": 1.4508017923282956, "loss": 3.1313862124870244, "neff": 1.4503392569462703, "mode_effective_area": 1.896136614866132e-10, "TE_polarization_fraction": 0.571022727073749}, "5": {"n": 1.4508017923282956, "loss": 3.2765956210094402, "neff": 1.4503382905439666, "mode_effective_area": 1.577217265665339e-10, "TE_polarization_fraction": 0.17399438259420566}, "6": {"n": 1.4508017923282956, "loss": 3.1878209620973106, "neff": 1.4503381689296515, "mode_effective_area": 1.897217240269829e-10, "TE_polarization_fraction": 0.42960994804584474}}