{"wavelength": 970, "bend_radius": 0.2, "cladding_n": 1.4508017923282956, "core_n": 1.4528017923282956, "trench_n": 1.4458017923282958, "deltan_core": 0.002, "deltan_ring": 0.005, "core_radius": 4.15e-06, "trench_ID": 9.96e-06, "trench_OD": 1.4940000000000001e-05, "1": {"n": 1.4508017923282956, "loss": -1.8486138450623802e-10, "neff": 1.4516549311412998, "mode_effective_area": 7.505897194548204e-11, "TE_polarization_fraction": 0.9999999034720493}, "2": {"n": 1.4508017923282956, "loss": 1.620021159218525e-10, "neff": 1.4516533218803966, "mode_effective_area": 7.512850578794728e-11, "TE_polarization_fraction": 9.598319478676508e-08}, "3": {"n": 1.4508017923282956, "loss": 3.1877888746938243, "neff": 1.4503401091137325, "mode_effective_area": 1.6203889910078088e-10, "TE_polarization_fraction": 0.7970470766282127}, "4": {"n": 1.4508017923282956, "loss": 3.2930580848799043, "neff": 1.4503395393882055, "mode_effective_area": 1.8508069444380718e-10, "TE_polarization_fraction": 0.6321249944562918}, "5": {"n": 1.4508017923282956, "loss": 3.511455436892572, "neff": 1.450338606400275, "mode_effective_area": 1.6255043530324968e-10, "TE_polarization_fraction": 0.2027455402072362}, "6": {"n": 1.4508017923282956, "loss": 3.3942704689577576, "neff": 1.4503384232517156, "mode_effective_area": 1.852854579415541e-10, "TE_polarization_fraction": 0.3685240411414841}}