{"wavelength": 970, "bend_radius": 0.035, "cladding_n": 1.4508017923282956, "core_n": 1.4528017923282956, "trench_n": 1.4458017923282958, "deltan_core": 0.002, "deltan_ring": 0.005, "core_radius": 4.15e-06, "trench_ID": 9.96e-06, "trench_OD": 1.4940000000000001e-05, "1": {"n": 1.4508017923282956, "loss": 0.004791168752646079, "neff": 1.451662713915215, "mode_effective_area": 7.528670396972447e-11, "TE_polarization_fraction": 0.9999998987220858}, "2": {"n": 1.4508017923282956, "loss": 0.005203187345088193, "neff": 1.4516611213522808, "mode_effective_area": 7.535654296603132e-11, "TE_polarization_fraction": 1.0103334867463238e-07}, "3": {"n": 1.4508017923282956, "loss": 5.333285426855608, "neff": 1.4503584262642157, "mode_effective_area": 1.2814908518680134e-10, "TE_polarization_fraction": 0.9960668677318878}, "4": {"n": 1.4508017923282956, "loss": 5.368477156885228, "neff": 1.4503582646253987, "mode_effective_area": 1.2873130339372573e-10, "TE_polarization_fraction": 0.006988288598243582}, "5": {"n": 1.4508017923282956, "loss": 3.75695282924715, "neff": 1.4503510235869654, "mode_effective_area": 1.292707428160934e-10, "TE_polarization_fraction": 0.9930823394859555}, "6": {"n": 1.4508017923282956, "loss": 3.779341618114197, "neff": 1.4503500963959592, "mode_effective_area": 1.293108625765252e-10, "TE_polarization_fraction": 0.00399270937143539}}