{"wavelength": 970, "bend_radius": 0.03, "cladding_n": 1.4508017923282956, "core_n": 1.4528017923282956, "trench_n": 1.4458017923282958, "deltan_core": 0.002, "deltan_ring": 0.005, "core_radius": 4.15e-06, "trench_ID": 9.96e-06, "trench_OD": 1.4940000000000001e-05, "1": {"n": 1.4508017923282956, "loss": 0.01475656801363077, "neff": 1.451665622595114, "mode_effective_area": 7.537406413405872e-11, "TE_polarization_fraction": 0.9999998969626467}, "2": {"n": 1.4508017923282956, "loss": 0.014575965599279386, "neff": 1.4516640363201558, "mode_effective_area": 7.54440609632346e-11, "TE_polarization_fraction": 1.0292658923859053e-07}, "3": {"n": 1.4508017923282956, "loss": 6.310149656381882, "neff": 1.45036556842702, "mode_effective_area": 1.2779147987363933e-10, "TE_polarization_fraction": 0.9978960150692403}, "4": {"n": 1.4508017923282956, "loss": 6.366141244610499, "neff": 1.4503654148176102, "mode_effective_area": 1.2810345522774664e-10, "TE_polarization_fraction": 0.003529603243744526}, "5": {"n": 1.4508017923282956, "loss": 4.016391025112105, "neff": 1.4503552479785842, "mode_effective_area": 1.2897756915678654e-10, "TE_polarization_fraction": 0.9965187789305306}, "6": {"n": 1.4508017923282956, "loss": 4.040853557807815, "neff": 1.4503543236999097, "mode_effective_area": 1.2928722360141705e-10, "TE_polarization_fraction": 0.0021462896249405433}}