{"wavelength": 970, "bend_radius": 0.01, "cladding_n": 1.4508017923282956, "core_n": 1.4528017923282956, "trench_n": 1.4458017923282958, "deltan_core": 0.002, "deltan_ring": 0.005, "core_radius": 4.15e-06, "trench_ID": 9.96e-06, "trench_OD": 1.4940000000000001e-05, "1": {"n": 1.4508017923282956, "loss": 1.046610284519471, "neff": 1.451755835329828, "mode_effective_area": 7.85864868689713e-11, "TE_polarization_fraction": 0.9999998468215919}, "2": {"n": 1.4508017923282956, "loss": 1.0572796048970237, "neff": 1.4517544513128846, "mode_effective_area": 7.867384800297137e-11, "TE_polarization_fraction": 1.64554938744884e-07}, "3": {"n": 1.4508017923282956, "loss": 42.27587257514244, "neff": 1.4505721916175984, "mode_effective_area": 1.1978469076841158e-10, "TE_polarization_fraction": 5.0670203611262115e-05}, "4": {"n": 1.4508017923282956, "loss": 42.14584184649773, "neff": 1.4505720153697566, "mode_effective_area": 1.1985507577718485e-10, "TE_polarization_fraction": 0.9999842308632958}, "5": {"n": 1.4508017923282956, "loss": 15.729406492545047, "neff": 1.4504847686682625, "mode_effective_area": 1.3523387467556625e-10, "TE_polarization_fraction": 0.9999544422374905}, "6": {"n": 1.4508017923282956, "loss": 15.796574963336596, "neff": 1.4504840861846802, "mode_effective_area": 1.3566342057575114e-10, "TE_polarization_fraction": 1.9782627708147326e-05}}