{"wavelength": 970, "bend_radius": 0.1, "cladding_n": 1.4508017923282956, "core_n": 1.4528017923282956, "trench_n": 1.4458017923282958, "deltan_core": 0.002, "deltan_ring": 0.005, "core_radius": 4.15e-06, "trench_ID": 9.96e-06, "trench_OD": 1.4940000000000001e-05, "1": {"n": 1.4508017923282956, "loss": -1.588359421757872e-08, "neff": 1.4516556671856273, "mode_effective_area": 7.508014256850193e-11, "TE_polarization_fraction": 0.9999999030201632}, "2": {"n": 1.4508017923282956, "loss": 1.5263874766986785e-08, "neff": 1.4516540594990257, "mode_effective_area": 7.51496966291277e-11, "TE_polarization_fraction": 9.646007660957932e-08}, "3": {"n": 1.4508017923282956, "loss": 3.69689426614687, "neff": 1.4503414137681363, "mode_effective_area": 1.898468713719346e-10, "TE_polarization_fraction": 0.5503997003671083}, "4": {"n": 1.4508017923282956, "loss": 4.20967959266877, "neff": 1.4503411852624255, "mode_effective_area": 1.5395445422818493e-10, "TE_polarization_fraction": 0.8510441616907413}, "5": {"n": 1.4508017923282956, "loss": 3.7889350790005825, "neff": 1.450340199425358, "mode_effective_area": 1.901466278537178e-10, "TE_polarization_fraction": 0.4490357984624635}, "6": {"n": 1.4508017923282956, "loss": 3.4455748991123167, "neff": 1.4503396791754313, "mode_effective_area": 1.541192345279297e-10, "TE_polarization_fraction": 0.1499793193789767}}