{"wavelength": 970, "bend_radius": 0.075, "cladding_n": 1.4508017923282956, "core_n": 1.4528017923282956, "trench_n": 1.4458017923282958, "deltan_core": 0.002, "deltan_ring": 0.005, "core_radius": 4.15e-06, "trench_ID": 9.96e-06, "trench_OD": 1.4940000000000001e-05, "1": {"n": 1.4508017923282956, "loss": -6.746806968074396e-08, "neff": 1.4516564308395565, "mode_effective_area": 7.510218416229625e-11, "TE_polarization_fraction": 0.9999999025519123}, "2": {"n": 1.4508017923282956, "loss": 3.447688951220972e-07, "neff": 1.4516548247874248, "mode_effective_area": 7.517176091994289e-11, "TE_polarization_fraction": 9.695498639641888e-08}, "3": {"n": 1.4508017923282956, "loss": 3.3635939907331927, "neff": 1.4503430070016308, "mode_effective_area": 1.3920038577158196e-10, "TE_polarization_fraction": 0.9328880133051387}, "4": {"n": 1.4508017923282956, "loss": 3.3955660904443445, "neff": 1.4503430069793275, "mode_effective_area": 1.705910265617507e-10, "TE_polarization_fraction": 0.25564925877428374}, "5": {"n": 1.4508017923282956, "loss": 3.3864188047261994, "neff": 1.4503416227229182, "mode_effective_area": 1.7054296044534173e-10, "TE_polarization_fraction": 0.7447428765800307}, "6": {"n": 1.4508017923282956, "loss": 3.3994912377534607, "neff": 1.4503408697266904, "mode_effective_area": 1.3969809921444307e-10, "TE_polarization_fraction": 0.0674296296682305}}