{"wavelength": 970, "bend_radius": 0.015, "cladding_n": 1.4508017923282956, "core_n": 1.4528017923282956, "trench_n": 1.4458017923282958, "deltan_core": 0.002, "deltan_ring": 0.005, "core_radius": 4.15e-06, "trench_ID": 9.96e-06, "trench_OD": 1.4940000000000001e-05, "1": {"n": 1.4508017923282956, "loss": 0.2561683856950094, "neff": 1.4516988745600705, "mode_effective_area": 7.644800763334371e-11, "TE_polarization_fraction": 0.9999998774566355}, "2": {"n": 1.4508017923282956, "loss": 0.25989481146129756, "neff": 1.4516973610749986, "mode_effective_area": 7.652171417158828e-11, "TE_polarization_fraction": 1.248982485091091e-07}, "3": {"n": 1.4508017923282956, "loss": 18.130845455627718, "neff": 1.4504452053819832, "mode_effective_area": 1.254965458690845e-10, "TE_polarization_fraction": 0.9998898902308776}, "4": {"n": 1.4508017923282956, "loss": 18.20694821139163, "neff": 1.45044519186544, "mode_effective_area": 1.2555387878533776e-10, "TE_polarization_fraction": 0.00020835092881594462}, "5": {"n": 1.4508017923282956, "loss": 7.662287940471244, "neff": 1.4504032943579868, "mode_effective_area": 1.3150731998789281e-10, "TE_polarization_fraction": 0.9998023986052043}, "6": {"n": 1.4508017923282956, "loss": 7.701566509548088, "neff": 1.450402456937186, "mode_effective_area": 1.3199646260084802e-10, "TE_polarization_fraction": 0.00011932955861706342}}