{"wavelength": 970, "bend_radius": 0, "cladding_n": 1.4508017923282956, "core_n": 1.4528017923282956, "trench_n": 1.4458017923282958, "deltan_core": 0.002, "deltan_ring": 0.005, "core_radius": 4.15e-06, "trench_ID": 9.96e-06, "trench_OD": 1.4940000000000001e-05, "1": {"n": 1.4508017923282956, "loss": -6.307914234915563e-12, "neff": 1.4516546858664137, "mode_effective_area": 7.505193323185546e-11, "TE_polarization_fraction": 0.999999903622756}, "2": {"n": 1.4508017923282956, "loss": 9.245759857455122e-12, "neff": 1.4516530760811355, "mode_effective_area": 7.512146070764873e-11, "TE_polarization_fraction": 9.582431021150397e-08}, "3": {"n": 1.4508017923282956, "loss": 3.1313883025324385, "neff": 1.4503397079594111, "mode_effective_area": 1.540699101295887e-10, "TE_polarization_fraction": 0.844514833199569}, "4": {"n": 1.4508017923282956, "loss": 3.3644277926030157, "neff": 1.4503390360043387, "mode_effective_area": 1.9143858809459635e-10, "TE_polarization_fraction": 0.5183127276229873}, "5": {"n": 1.4508017923282956, "loss": 3.108313698080418, "neff": 1.4503380400760597, "mode_effective_area": 1.545471073576154e-10, "TE_polarization_fraction": 0.15541063283378329}, "6": {"n": 1.4508017923282956, "loss": 3.382488098596042, "neff": 1.450337957685461, "mode_effective_area": 1.914522810193215e-10, "TE_polarization_fraction": 0.4823708105810796}}