{"wavelength": 970, "bend_radius": 0.02, "cladding_n": 1.4508017923282956, "core_n": 1.4528017923282956, "trench_n": 1.4458017923282958, "deltan_core": 0.002, "deltan_ring": 0.005, "core_radius": 4.15e-06, "trench_ID": 9.96e-06, "trench_OD": 1.4940000000000001e-05, "1": {"n": 1.4508017923282956, "loss": 0.09360140691162162, "neff": 1.4516793961558907, "mode_effective_area": 7.580235923185106e-11, "TE_polarization_fraction": 0.9999998887447156}, "2": {"n": 1.4508017923282956, "loss": 0.0958918073142229, "neff": 1.4516778397701426, "mode_effective_area": 7.587351685153594e-11, "TE_polarization_fraction": 1.1194933952728036e-07}, "3": {"n": 1.4508017923282956, "loss": 11.039385352022048, "neff": 1.4503990294426865, "mode_effective_area": 1.2696334434454757e-10, "TE_polarization_fraction": 0.9996124016166847}, "4": {"n": 1.4508017923282956, "loss": 11.107927539438874, "neff": 1.4503989343809698, "mode_effective_area": 1.2707615562755706e-10, "TE_polarization_fraction": 0.0006445142332936054}, "5": {"n": 1.4508017923282956, "loss": 5.42852311880804, "neff": 1.4503751865637855, "mode_effective_area": 1.2984190449475743e-10, "TE_polarization_fraction": 0.9993749554491884}, "6": {"n": 1.4508017923282956, "loss": 5.459866097872956, "neff": 1.450374295502705, "mode_effective_area": 1.303288975804999e-10, "TE_polarization_fraction": 0.00040488697365796385}}