{"wavelength": 970, "bend_radius": 0.045, "cladding_n": 1.4508017923282956, "core_n": 1.4528017923282956, "trench_n": 1.4458017923282958, "deltan_core": 0.002, "deltan_ring": 0.005, "core_radius": 4.15e-06, "trench_ID": 9.96e-06, "trench_OD": 1.4940000000000001e-05, "1": {"n": 1.4508017923282956, "loss": 0.0005614245463040923, "neff": 1.4516595376298886, "mode_effective_area": 7.51927030925038e-11, "TE_polarization_fraction": 0.9999999006531205}, "2": {"n": 1.4508017923282956, "loss": 0.0004969508204293025, "neff": 1.4516579382378376, "mode_effective_area": 7.526238448987913e-11, "TE_polarization_fraction": 9.897003115347672e-08}, "3": {"n": 1.4508017923282956, "loss": 4.2401080874760115, "neff": 1.450350609721887, "mode_effective_area": 1.2932258204719472e-10, "TE_polarization_fraction": 0.9893391569519523}, "4": {"n": 1.4508017923282956, "loss": 4.229143733788464, "neff": 1.4503504504286644, "mode_effective_area": 1.3139373385783233e-10, "TE_polarization_fraction": 0.022545184906827616}, "5": {"n": 1.4508017923282956, "loss": 3.5029879467949376, "neff": 1.4503463846606164, "mode_effective_area": 1.316041854343952e-10, "TE_polarization_fraction": 0.9775928165878363}, "6": {"n": 1.4508017923282956, "loss": 3.5251491283895384, "neff": 1.450345467263125, "mode_effective_area": 1.3015123074012338e-10, "TE_polarization_fraction": 0.010765025455103614}}