{"wavelength": 980, "bend_radius": 0.1, "cladding_n": 1.4506723353352597, "core_n": 1.4526723353352597, "trench_n": 1.4456723353352599, "deltan_core": 0.002, "deltan_ring": 0.005, "core_radius": 4.15e-06, "trench_ID": 9.96e-06, "trench_OD": 1.4940000000000001e-05, "1": {"n": 1.4506723353352597, "loss": -2.7796982336878058e-08, "neff": 1.4515120906819714, "mode_effective_area": 7.600356564249925e-11, "TE_polarization_fraction": 0.999999901125933}, "2": {"n": 1.4506723353352597, "loss": 2.69243815033728e-08, "neff": 1.4515104974991082, "mode_effective_area": 7.607595601802636e-11, "TE_polarization_fraction": 9.834362232965276e-08}, "3": {"n": 1.4506723353352597, "loss": 4.2181196487663595, "neff": 1.4501881589852925, "mode_effective_area": 1.933662281236265e-10, "TE_polarization_fraction": 0.5322586309873107}, "4": {"n": 1.4506723353352597, "loss": 4.682729261203075, "neff": 1.450187935535568, "mode_effective_area": 1.5831650962343568e-10, "TE_polarization_fraction": 0.839824073129443}, "5": {"n": 1.4506723353352597, "loss": 4.257004250190229, "neff": 1.4501869329979338, "mode_effective_area": 1.9362114245351787e-10, "TE_polarization_fraction": 0.4672109931738939}, "6": {"n": 1.4506723353352597, "loss": 3.9907303759584924, "neff": 1.4501864484392666, "mode_effective_area": 1.5845074042496995e-10, "TE_polarization_fraction": 0.16127864192165525}}