{"wavelength": 980, "bend_radius": 0.02, "cladding_n": 1.4506723353352597, "core_n": 1.4526723353352597, "trench_n": 1.4456723353352599, "deltan_core": 0.002, "deltan_ring": 0.005, "core_radius": 4.15e-06, "trench_ID": 9.96e-06, "trench_OD": 1.4940000000000001e-05, "1": {"n": 1.4506723353352597, "loss": 0.11157858458586259, "neff": 1.4515359573805415, "mode_effective_area": 7.675603112693883e-11, "TE_polarization_fraction": 0.9999998867174564}, "2": {"n": 1.4506723353352597, "loss": 0.11434522166915063, "neff": 1.451534415667448, "mode_effective_area": 7.683032737824385e-11, "TE_polarization_fraction": 1.1381556166575473e-07}, "3": {"n": 1.4506723353352597, "loss": 12.452224554730424, "neff": 1.450245954498373, "mode_effective_area": 1.2845677793280603e-10, "TE_polarization_fraction": 0.9995992511434926}, "4": {"n": 1.4506723353352597, "loss": 12.52570882718539, "neff": 1.4502458783354797, "mode_effective_area": 1.2856811230287735e-10, "TE_polarization_fraction": 0.0006602559612142675}, "5": {"n": 1.4506723353352597, "loss": 6.234271039890601, "neff": 1.4502220688267726, "mode_effective_area": 1.3169340294279164e-10, "TE_polarization_fraction": 0.9993595724112533}, "6": {"n": 1.4506723353352597, "loss": 6.268159903460139, "neff": 1.4502212377475514, "mode_effective_area": 1.321586413358764e-10, "TE_polarization_fraction": 0.0004184998986384927}}