{"wavelength": 980, "bend_radius": 0.015, "cladding_n": 1.4506723353352597, "core_n": 1.4526723353352597, "trench_n": 1.4456723353352599, "deltan_core": 0.002, "deltan_ring": 0.005, "core_radius": 4.15e-06, "trench_ID": 9.96e-06, "trench_OD": 1.4940000000000001e-05, "1": {"n": 1.4506723353352597, "loss": 0.2988407375037979, "neff": 1.4515555480964382, "mode_effective_area": 7.742481635567328e-11, "TE_polarization_fraction": 0.9999998753330498}, "2": {"n": 1.4506723353352597, "loss": 0.3032362538517988, "neff": 1.451554049411065, "mode_effective_area": 7.750188309378924e-11, "TE_polarization_fraction": 1.2679691911026505e-07}, "3": {"n": 1.4506723353352597, "loss": 20.35354857572044, "neff": 1.450292156926081, "mode_effective_area": 1.2681961376809434e-10, "TE_polarization_fraction": 0.00021540916853318473}, "4": {"n": 1.4506723353352597, "loss": 20.27350653273024, "neff": 1.4502921536033095, "mode_effective_area": 1.2676699504133284e-10, "TE_polarization_fraction": 0.9998858718877897}, "5": {"n": 1.4506723353352597, "loss": 8.714131088080233, "neff": 1.4502502870156726, "mode_effective_area": 1.3325811304780024e-10, "TE_polarization_fraction": 0.9997955988723908}, "6": {"n": 1.4506723353352597, "loss": 8.756068033022604, "neff": 1.4502495059249028, "mode_effective_area": 1.3372673642291898e-10, "TE_polarization_fraction": 0.0001236235620364351}}