{"wavelength": 980, "bend_radius": 0.03, "cladding_n": 1.4506723353352597, "core_n": 1.4526723353352597, "trench_n": 1.4456723353352599, "deltan_core": 0.002, "deltan_ring": 0.005, "core_radius": 4.15e-06, "trench_ID": 9.96e-06, "trench_OD": 1.4940000000000001e-05, "1": {"n": 1.4506723353352597, "loss": 0.01876969634480748, "neff": 1.4515221039541062, "mode_effective_area": 7.63104098061191e-11, "TE_polarization_fraction": 0.9999998950106094}, "2": {"n": 1.4506723353352597, "loss": 0.018563756470931995, "neff": 1.4515205322566462, "mode_effective_area": 7.638336884493624e-11, "TE_polarization_fraction": 1.0479458406717325e-07}, "3": {"n": 1.4506723353352597, "loss": 7.191752268980223, "neff": 1.450212415396802, "mode_effective_area": 1.2952502446274827e-10, "TE_polarization_fraction": 0.9978227472944667}, "4": {"n": 1.4506723353352597, "loss": 7.256327800686472, "neff": 1.450212281762532, "mode_effective_area": 1.2983624065493725e-10, "TE_polarization_fraction": 0.0035729520456637947}, "5": {"n": 1.4506723353352597, "loss": 4.666138653519634, "neff": 1.4502020388310046, "mode_effective_area": 1.3091032389072243e-10, "TE_polarization_fraction": 0.9964761344958758}, "6": {"n": 1.4506723353352597, "loss": 4.693110664013247, "neff": 1.4502011770271896, "mode_effective_area": 1.3120062032981378e-10, "TE_polarization_fraction": 0.0022205121951333036}}