{"wavelength": 980, "bend_radius": 0.075, "cladding_n": 1.4506723353352597, "core_n": 1.4526723353352597, "trench_n": 1.4456723353352599, "deltan_core": 0.002, "deltan_ring": 0.005, "core_radius": 4.15e-06, "trench_ID": 9.96e-06, "trench_OD": 1.4940000000000001e-05, "1": {"n": 1.4506723353352597, "loss": 5.7304139953497103e-08, "neff": 1.4515128587713213, "mode_effective_area": 7.602659845909004e-11, "TE_polarization_fraction": 0.9999999006531172}, "2": {"n": 1.4506723353352597, "loss": 6.000253821215347e-07, "neff": 1.451511267228611, "mode_effective_area": 7.609902098928159e-11, "TE_polarization_fraction": 9.88369395002909e-08}, "3": {"n": 1.4506723353352597, "loss": 4.0565407249155045, "neff": 1.4501897821538923, "mode_effective_area": 1.7115386465636643e-10, "TE_polarization_fraction": 0.24215468741257096}, "4": {"n": 1.4506723353352597, "loss": 4.0301818068523465, "neff": 1.4501897757491726, "mode_effective_area": 1.419345230710808e-10, "TE_polarization_fraction": 0.9294626448694301}, "5": {"n": 1.4506723353352597, "loss": 3.9977451184168666, "neff": 1.4501883545756502, "mode_effective_area": 1.7111216032712602e-10, "TE_polarization_fraction": 0.758201111195931}, "6": {"n": 1.4506723353352597, "loss": 3.992320636995165, "neff": 1.450187651517866, "mode_effective_area": 1.424342035187682e-10, "TE_polarization_fraction": 0.07087531833246959}}