{"wavelength": 980, "bend_radius": 0.04, "cladding_n": 1.4506723353352597, "core_n": 1.4526723353352597, "trench_n": 1.4456723353352599, "deltan_core": 0.002, "deltan_ring": 0.005, "core_radius": 4.15e-06, "trench_ID": 9.96e-06, "trench_OD": 1.4940000000000001e-05, "1": {"n": 1.4506723353352597, "loss": 0.0023116391857093115, "neff": 1.4515172822953475, "mode_effective_area": 7.616085437130959e-11, "TE_polarization_fraction": 0.999999897942282}, "2": {"n": 1.4506723353352597, "loss": 0.0023635322003201504, "neff": 1.4515157002274721, "mode_effective_area": 7.623351229527627e-11, "TE_polarization_fraction": 1.0168234188436463e-07}, "3": {"n": 1.4506723353352597, "loss": 5.3906871964933725, "neff": 1.4502005945050096, "mode_effective_area": 1.305121354737849e-10, "TE_polarization_fraction": 0.9930338899359031}, "4": {"n": 1.4506723353352597, "loss": 5.3832819732324095, "neff": 1.4502004510822728, "mode_effective_area": 1.3159134632700272e-10, "TE_polarization_fraction": 0.012898970650785014}, "5": {"n": 1.4506723353352597, "loss": 4.211223117539393, "neff": 1.4501950329396447, "mode_effective_area": 1.3206029489093792e-10, "TE_polarization_fraction": 0.9872024832893128}, "6": {"n": 1.4506723353352597, "loss": 4.238680793285592, "neff": 1.4501941710663953, "mode_effective_area": 1.3158209281122794e-10, "TE_polarization_fraction": 0.007047830579798092}}