{"wavelength": 980, "bend_radius": 0.005, "cladding_n": 1.4506723353352597, "core_n": 1.4526723353352597, "trench_n": 1.4456723353352599, "deltan_core": 0.002, "deltan_ring": 0.005, "core_radius": 4.15e-06, "trench_ID": 9.96e-06, "trench_OD": 1.4940000000000001e-05, "1": {"n": 1.4506723353352597, "loss": 26.91068803299098, "neff": 1.4519577006829594, "mode_effective_area": 9.541429773437695e-11, "TE_polarization_fraction": 0.9999997302038817}, "2": {"n": 1.4506723353352597, "loss": 27.0733649606574, "neff": 1.4519571785832421, "mode_effective_area": 9.566532390679762e-11, "TE_polarization_fraction": 5.224530835418229e-07}, "3": {"n": 1.4506723353352597, "loss": 245.50188139135284, "neff": 1.450962763986632, "mode_effective_area": 1.0745820316967739e-10, "TE_polarization_fraction": 1.928444148286663e-05}, "4": {"n": 1.4506723353352597, "loss": 246.22775851591464, "neff": 1.4509624187885453, "mode_effective_area": 1.0766376869568616e-10, "TE_polarization_fraction": 0.9999997480849254}, "5": {"n": 1.4506723353352597, "loss": 115.89867795018898, "neff": 1.4507830355862208, "mode_effective_area": 1.3119221970166511e-10, "TE_polarization_fraction": 2.7217569933154923e-06}, "6": {"n": 1.4506723353352597, "loss": 115.74896407773412, "neff": 1.4507829577261009, "mode_effective_area": 1.310498753450496e-10, "TE_polarization_fraction": 0.9999838396662624}}