{"wavelength": 980, "bend_radius": 0.05, "cladding_n": 1.4506723353352597, "core_n": 1.4526723353352597, "trench_n": 1.4456723353352599, "deltan_core": 0.002, "deltan_ring": 0.005, "core_radius": 4.15e-06, "trench_ID": 9.96e-06, "trench_OD": 1.4940000000000001e-05, "1": {"n": 1.4506723353352597, "loss": 0.00019317218508579996, "neff": 1.4515150553100629, "mode_effective_area": 7.609290986244106e-11, "TE_polarization_fraction": 0.999999899304441}, "2": {"n": 1.4506723353352597, "loss": 0.0002622765978533927, "neff": 1.4515134684634954, "mode_effective_area": 7.61654354629745e-11, "TE_polarization_fraction": 1.0024885620035279e-07}, "3": {"n": 1.4506723353352597, "loss": 4.512566168531908, "neff": 1.4501951257581533, "mode_effective_area": 1.3226378589679246e-10, "TE_polarization_fraction": 0.9833090216804838}, "4": {"n": 1.4506723353352597, "loss": 4.529641136746424, "neff": 1.4501949950030901, "mode_effective_area": 1.3585566898040136e-10, "TE_polarization_fraction": 0.03712655034340378}, "5": {"n": 1.4506723353352597, "loss": 4.047198859940263, "neff": 1.4501917606780943, "mode_effective_area": 1.3606757502543317e-10, "TE_polarization_fraction": 0.9630604621550443}, "6": {"n": 1.4506723353352597, "loss": 4.066815803432966, "neff": 1.450190917559682, "mode_effective_area": 1.3307528280266373e-10, "TE_polarization_fraction": 0.01682440417437646}}