{"wavelength": 980, "bend_radius": 0.025, "cladding_n": 1.4506723353352597, "core_n": 1.4526723353352597, "trench_n": 1.4456723353352599, "deltan_core": 0.002, "deltan_ring": 0.005, "core_radius": 4.15e-06, "trench_ID": 9.96e-06, "trench_OD": 1.4940000000000001e-05, "1": {"n": 1.4506723353352597, "loss": 0.045582872124771946, "neff": 1.4515269672784243, "mode_effective_area": 7.646422621205832e-11, "TE_polarization_fraction": 0.9999998920770984}, "2": {"n": 1.4506723353352597, "loss": 0.04623496742134523, "neff": 1.4515254060374558, "mode_effective_area": 7.653755538577321e-11, "TE_polarization_fraction": 1.0794735208929476e-07}, "3": {"n": 1.4506723353352597, "loss": 9.02583859652588, "neff": 1.4502242675559414, "mode_effective_area": 1.291089844582011e-10, "TE_polarization_fraction": 0.9989742983156543}, "4": {"n": 1.4506723353352597, "loss": 9.05632859810532, "neff": 1.4502241528431137, "mode_effective_area": 1.2928719306056296e-10, "TE_polarization_fraction": 0.0016466441847933732}, "5": {"n": 1.4506723353352597, "loss": 5.193722647804726, "neff": 1.4502090795484432, "mode_effective_area": 1.3103919239590228e-10, "TE_polarization_fraction": 0.9983856250618678}, "6": {"n": 1.4506723353352597, "loss": 5.225467726073605, "neff": 1.4502082270005419, "mode_effective_area": 1.3145456876541141e-10, "TE_polarization_fraction": 0.001054656023131294}}