{"wavelength": 980, "bend_radius": 0.035, "cladding_n": 1.4506723353352597, "core_n": 1.4526723353352597, "trench_n": 1.4456723353352599, "deltan_core": 0.002, "deltan_ring": 0.005, "core_radius": 4.15e-06, "trench_ID": 9.96e-06, "trench_OD": 1.4940000000000001e-05, "1": {"n": 1.4506723353352597, "loss": 0.006403291031741965, "neff": 1.451519178375498, "mode_effective_area": 7.62192844272734e-11, "TE_polarization_fraction": 0.9999998967866015}, "2": {"n": 1.4506723353352597, "loss": 0.0069015944317618386, "neff": 1.4515176003623107, "mode_effective_area": 7.629204611860812e-11, "TE_polarization_fraction": 1.0290461725721432e-07}, "3": {"n": 1.4506723353352597, "loss": 6.102025612668789, "neff": 1.45020524938006, "mode_effective_area": 1.29955742579328e-10, "TE_polarization_fraction": 0.9959235131690557}, "4": {"n": 1.4506723353352597, "loss": 6.139091985853764, "neff": 1.450205107839567, "mode_effective_area": 1.3053016169124356e-10, "TE_polarization_fraction": 0.00703400836048662}, "5": {"n": 1.4506723353352597, "loss": 4.381297303756447, "neff": 1.4501977936531958, "mode_effective_area": 1.312278105268904e-10, "TE_polarization_fraction": 0.9930376271009984}, "6": {"n": 1.4506723353352597, "loss": 4.406148158390362, "neff": 1.4501969292902814, "mode_effective_area": 1.312561911205483e-10, "TE_polarization_fraction": 0.00413729561600183}}