{"wavelength": 980, "bend_radius": 0.3, "cladding_n": 1.4506723353352597, "core_n": 1.4526723353352597, "trench_n": 1.4456723353352599, "deltan_core": 0.002, "deltan_ring": 0.005, "core_radius": 4.15e-06, "trench_ID": 9.96e-06, "trench_OD": 1.4940000000000001e-05, "1": {"n": 1.4506723353352597, "loss": -7.238581306819913e-11, "neff": 1.45151121330376, "mode_effective_area": 7.597734975083319e-11, "TE_polarization_fraction": 0.9999999016667853}, "2": {"n": 1.4506723353352597, "loss": 6.872252149230985e-11, "neff": 1.451509618248743, "mode_effective_area": 7.604970547030392e-11, "TE_polarization_fraction": 9.778035854375256e-08}, "3": {"n": 1.4506723353352597, "loss": 3.6554889712773777, "neff": 1.45018661131724, "mode_effective_area": 1.616096403370098e-10, "TE_polarization_fraction": 0.8144573518286157}, "4": {"n": 1.4506723353352597, "loss": 3.6756728477663976, "neff": 1.4501860228901309, "mode_effective_area": 1.9330906667059214e-10, "TE_polarization_fraction": 0.5545627127180519}, "5": {"n": 1.4506723353352597, "loss": 3.80091937476326, "neff": 1.4501850370921492, "mode_effective_area": 1.6208461003153177e-10, "TE_polarization_fraction": 0.18544517874738276}, "6": {"n": 1.4506723353352597, "loss": 3.727837937475349, "neff": 1.4501849207985065, "mode_effective_area": 1.9339261413588074e-10, "TE_polarization_fraction": 0.44605521798635583}}