{"wavelength": 980, "bend_radius": 0.01, "cladding_n": 1.4506723353352597, "core_n": 1.4526723353352597, "trench_n": 1.4456723353352599, "deltan_core": 0.002, "deltan_ring": 0.005, "core_radius": 4.15e-06, "trench_ID": 9.96e-06, "trench_OD": 1.4940000000000001e-05, "1": {"n": 1.4506723353352597, "loss": 1.1943213707228122, "neff": 1.4516128289828085, "mode_effective_area": 7.9620710641202e-11, "TE_polarization_fraction": 0.9999998444750836}, "2": {"n": 1.4506723353352597, "loss": 1.2061545598809886, "neff": 1.4516114599823142, "mode_effective_area": 7.971195357781126e-11, "TE_polarization_fraction": 1.667549394181825e-07}, "3": {"n": 1.4506723353352597, "loss": 46.58184548244276, "neff": 1.450418836406798, "mode_effective_area": 1.2082567138478547e-10, "TE_polarization_fraction": 5.323805674493109e-05}, "4": {"n": 1.4506723353352597, "loss": 46.44763414252553, "neff": 1.4504186488285093, "mode_effective_area": 1.2090151151111644e-10, "TE_polarization_fraction": 0.9999834836566588}, "5": {"n": 1.4506723353352597, "loss": 17.591530272427256, "neff": 1.4503319688349992, "mode_effective_area": 1.3670583298938518e-10, "TE_polarization_fraction": 0.9999520576712907}, "6": {"n": 1.4506723353352597, "loss": 17.662006247055903, "neff": 1.4503313327386995, "mode_effective_area": 1.3711930647887573e-10, "TE_polarization_fraction": 2.066988921645216e-05}}