{"wavelength": 980, "bend_radius": 0, "cladding_n": 1.4506723353352597, "core_n": 1.4526723353352597, "trench_n": 1.4456723353352599, "deltan_core": 0.002, "deltan_ring": 0.005, "core_radius": 4.15e-06, "trench_ID": 9.96e-06, "trench_OD": 1.4940000000000001e-05, "1": {"n": 1.4506723353352597, "loss": -7.0979637169109135e-12, "neff": 1.451511103664277, "mode_effective_area": 7.59740807427303e-11, "TE_polarization_fraction": 0.9999999017344287}, "2": {"n": 1.4506723353352597, "loss": 1.093192989843368e-11, "neff": 1.4515095083754153, "mode_effective_area": 7.604643229491029e-11, "TE_polarization_fraction": 9.770998969173747e-08}, "3": {"n": 1.4506723353352597, "loss": 3.690858500263182, "neff": 1.4501864323695022, "mode_effective_area": 1.582516849533879e-10, "TE_polarization_fraction": 0.8341296150014601}, "4": {"n": 1.4506723353352597, "loss": 3.89276601017832, "neff": 1.4501858011527213, "mode_effective_area": 1.9449787774492586e-10, "TE_polarization_fraction": 0.5013539127664476}, "5": {"n": 1.4506723353352597, "loss": 3.664626677313701, "neff": 1.450184787068894, "mode_effective_area": 1.587200598144216e-10, "TE_polarization_fraction": 0.16580076816315087}, "6": {"n": 1.4506723353352597, "loss": 3.9145543061810106, "neff": 1.4501847050145287, "mode_effective_area": 1.9448757230121284e-10, "TE_polarization_fraction": 0.499307240799384}}