{"wavelength": 980, "bend_radius": 0.045, "cladding_n": 1.4506723353352597, "core_n": 1.4526723353352597, "trench_n": 1.4456723353352599, "deltan_core": 0.002, "deltan_ring": 0.005, "core_radius": 4.15e-06, "trench_ID": 9.96e-06, "trench_OD": 1.4940000000000001e-05, "1": {"n": 1.4506723353352597, "loss": 0.0008341732713561817, "neff": 1.4515159836178668, "mode_effective_area": 7.612115283112841e-11, "TE_polarization_fraction": 0.999999898736003}, "2": {"n": 1.4506723353352597, "loss": 0.0007201120548132707, "neff": 1.4515143987580872, "mode_effective_area": 7.619371553476321e-11, "TE_polarization_fraction": 1.008461380617561e-07}, "3": {"n": 1.4506723353352597, "loss": 4.883613210988003, "neff": 1.4501974044556505, "mode_effective_area": 1.312635629021113e-10, "TE_polarization_fraction": 0.988906239532774}, "4": {"n": 1.4506723353352597, "loss": 4.87234421878759, "neff": 1.450197264461554, "mode_effective_area": 1.3326505899782e-10, "TE_polarization_fraction": 0.022390103993125837}, "5": {"n": 1.4506723353352597, "loss": 4.105276925173332, "neff": 1.4501931315444179, "mode_effective_area": 1.3358325241011448e-10, "TE_polarization_fraction": 0.9777496015503565}, "6": {"n": 1.4506723353352597, "loss": 4.130950658032467, "neff": 1.4501922767311652, "mode_effective_area": 1.321814154258039e-10, "TE_polarization_fraction": 0.011199753076765514}}