{"wavelength": 980, "bend_radius": 0.2, "cladding_n": 1.4506723353352597, "core_n": 1.4526723353352597, "trench_n": 1.4456723353352599, "deltan_core": 0.002, "deltan_ring": 0.005, "core_radius": 4.15e-06, "trench_ID": 9.96e-06, "trench_OD": 1.4940000000000001e-05, "1": {"n": 1.4506723353352597, "loss": -3.4146567732752233e-10, "neff": 1.4515113503633532, "mode_effective_area": 7.598143849821878e-11, "TE_polarization_fraction": 0.9999999015822425}, "2": {"n": 1.4506723353352597, "loss": 3.2579601171222066e-10, "neff": 1.451509755600697, "mode_effective_area": 7.605379947816575e-11, "TE_polarization_fraction": 9.786833178067487e-08}, "3": {"n": 1.4506723353352597, "loss": 3.7658006121847114, "neff": 1.4501868381633358, "mode_effective_area": 1.6664955721475233e-10, "TE_polarization_fraction": 0.7842266837048112}, "4": {"n": 1.4506723353352597, "loss": 3.8148006713942375, "neff": 1.4501863027728088, "mode_effective_area": 1.893533628997282e-10, "TE_polarization_fraction": 0.616195451085309}, "5": {"n": 1.4506723353352597, "loss": 4.076398140573195, "neff": 1.4501853504267517, "mode_effective_area": 1.6714048438162926e-10, "TE_polarization_fraction": 0.21557948513837336}, "6": {"n": 1.4506723353352597, "loss": 3.9030147669928987, "neff": 1.4501851770020742, "mode_effective_area": 1.8953947891320506e-10, "TE_polarization_fraction": 0.3844543799177979}}