{"wavelength": 990, "bend_radius": 0.2, "cladding_n": 1.4505442353610596, "core_n": 1.4525442353610596, "trench_n": 1.4455442353610597, "deltan_core": 0.002, "deltan_ring": 0.005, "core_radius": 4.15e-06, "trench_ID": 9.96e-06, "trench_OD": 1.4940000000000001e-05, "1": {"n": 1.4505442353610596, "loss": -6.323689869235139e-10, "neff": 1.4513691673298437, "mode_effective_area": 7.691163795562653e-11, "TE_polarization_fraction": 0.9999998997108238}, "2": {"n": 1.4505442353610596, "loss": 6.121830611991714e-10, "neff": 1.451367587154388, "mode_effective_area": 7.698678480772334e-11, "TE_polarization_fraction": 9.973551343493204e-08}, "3": {"n": 1.4505442353610596, "loss": 4.400594482356014, "neff": 1.4500350131068813, "mode_effective_area": 1.712673137665183e-10, "TE_polarization_fraction": 0.7712525747090607}, "4": {"n": 1.4505442353610596, "loss": 4.386435343574178, "neff": 1.4500345106980101, "mode_effective_area": 1.9342768805301807e-10, "TE_polarization_fraction": 0.6006108508737031}, "5": {"n": 1.4505442353610596, "loss": 4.663521605494459, "neff": 1.4500335374451778, "mode_effective_area": 1.717341297004199e-10, "TE_polarization_fraction": 0.22858849524359062}, "6": {"n": 1.4505442353610596, "loss": 4.461836802334202, "neff": 1.4500333743095764, "mode_effective_area": 1.9359382659610003e-10, "TE_polarization_fraction": 0.4000462576492659}}