{"wavelength": 990, "bend_radius": 0.025, "cladding_n": 1.4505442353610596, "core_n": 1.4525442353610596, "trench_n": 1.4455442353610597, "deltan_core": 0.002, "deltan_ring": 0.005, "core_radius": 4.15e-06, "trench_ID": 9.96e-06, "trench_OD": 1.4940000000000001e-05, "1": {"n": 1.4505442353610596, "loss": 0.05559492526335744, "neff": 1.4513848747043807, "mode_effective_area": 7.741396645188253e-11, "TE_polarization_fraction": 0.9999998901203276}, "2": {"n": 1.4505442353610596, "loss": 0.05638102261917002, "neff": 1.4513833281410458, "mode_effective_area": 7.749026778120283e-11, "TE_polarization_fraction": 1.0980404857561885e-07}, "3": {"n": 1.4505442353610596, "loss": 10.207900277594954, "neff": 1.4500725583368286, "mode_effective_area": 1.3072613640810524e-10, "TE_polarization_fraction": 0.9989374068983398}, "4": {"n": 1.4505442353610596, "loss": 10.242909645545843, "neff": 1.4500724625487498, "mode_effective_area": 1.3090475804370835e-10, "TE_polarization_fraction": 0.0016825400193939575}, "5": {"n": 1.4505442353610596, "loss": 5.982871348142073, "neff": 1.4500573387421216, "mode_effective_area": 1.329107098693501e-10, "TE_polarization_fraction": 0.9983503193263707}, "6": {"n": 1.4505442353610596, "loss": 6.017732073433915, "neff": 1.450056545804983, "mode_effective_area": 1.333042222264016e-10, "TE_polarization_fraction": 0.0010922920270207497}}