{"wavelength": 990, "bend_radius": 0.04, "cladding_n": 1.4505442353610596, "core_n": 1.4525442353610596, "trench_n": 1.4455442353610597, "deltan_core": 0.002, "deltan_ring": 0.005, "core_radius": 4.15e-06, "trench_ID": 9.96e-06, "trench_OD": 1.4940000000000001e-05, "1": {"n": 1.4505442353610596, "loss": 0.003145773885123496, "neff": 1.4513751336554708, "mode_effective_area": 7.709851439192522e-11, "TE_polarization_fraction": 0.9999998960376372}, "2": {"n": 1.4505442353610596, "loss": 0.0032779304617896014, "neff": 1.4513735662149418, "mode_effective_area": 7.717403830419572e-11, "TE_polarization_fraction": 1.0354201965438204e-07}, "3": {"n": 1.4505442353610596, "loss": 6.168306961422903, "neff": 1.4500488313398223, "mode_effective_area": 1.3236258399073158e-10, "TE_polarization_fraction": 0.99275311758029}, "4": {"n": 1.4505442353610596, "loss": 6.157685029594849, "neff": 1.4500487071976513, "mode_effective_area": 1.3342035551227747e-10, "TE_polarization_fraction": 0.012966097035476397}, "5": {"n": 1.4505442353610596, "loss": 4.904477966947901, "neff": 1.4500432303989539, "mode_effective_area": 1.340161596090686e-10, "TE_polarization_fraction": 0.9871371647344735}, "6": {"n": 1.4505442353610596, "loss": 4.935182939358539, "neff": 1.4500424293795293, "mode_effective_area": 1.335401282804609e-10, "TE_polarization_fraction": 0.0073301807452954585}}