{"wavelength": 990, "bend_radius": 0.02, "cladding_n": 1.4505442353610596, "core_n": 1.4525442353610596, "trench_n": 1.4455442353610597, "deltan_core": 0.002, "deltan_ring": 0.005, "core_radius": 4.15e-06, "trench_ID": 9.96e-06, "trench_OD": 1.4940000000000001e-05, "1": {"n": 1.4505442353610596, "loss": 0.1324594726379376, "neff": 1.4513939166307248, "mode_effective_area": 7.771659687579982e-11, "TE_polarization_fraction": 0.9999998847144695}, "2": {"n": 1.4505442353610596, "loss": 0.1357788313887212, "neff": 1.451392389653211, "mode_effective_area": 7.779398867479003e-11, "TE_polarization_fraction": 1.1567955340577166e-07}, "3": {"n": 1.4505442353610596, "loss": 14.003381869035307, "neff": 1.4500942726648363, "mode_effective_area": 1.299361889194023e-10, "TE_polarization_fraction": 0.9995847823137066}, "4": {"n": 1.4505442353610596, "loss": 14.08116337267618, "neff": 1.4500942148268916, "mode_effective_area": 1.3004607085374735e-10, "TE_polarization_fraction": 0.0006786527554520619}, "5": {"n": 1.4505442353610596, "loss": 7.135711768034346, "neff": 1.4500703803430115, "mode_effective_area": 1.3351417023784886e-10, "TE_polarization_fraction": 0.9993415770164377}, "6": {"n": 1.4505442353610596, "loss": 7.172167445509823, "neff": 1.4500696072573502, "mode_effective_area": 1.3395787468660824e-10, "TE_polarization_fraction": 0.0004334674990376336}}