{"wavelength": 990, "bend_radius": 0.3, "cladding_n": 1.4505442353610596, "core_n": 1.4525442353610596, "trench_n": 1.4455442353610597, "deltan_core": 0.002, "deltan_ring": 0.005, "core_radius": 4.15e-06, "trench_ID": 9.96e-06, "trench_OD": 1.4940000000000001e-05, "1": {"n": 1.4505442353610596, "loss": -1.487779144699601e-10, "neff": 1.4513690294759565, "mode_effective_area": 7.690737678160722e-11, "TE_polarization_fraction": 0.9999998997961503}, "2": {"n": 1.4505442353610596, "loss": 1.3799434742438883e-10, "neff": 1.4513674490072666, "mode_effective_area": 7.698251669775244e-11, "TE_polarization_fraction": 9.964775708368024e-08}, "3": {"n": 1.4505442353610596, "loss": 4.3013471605448235, "neff": 1.4500347841494097, "mode_effective_area": 1.660402089459468e-10, "TE_polarization_fraction": 0.802717673388074}, "4": {"n": 1.4505442353610596, "loss": 4.313977654778311, "neff": 1.450034232969344, "mode_effective_area": 1.9675334175366876e-10, "TE_polarization_fraction": 0.5389918601517799}, "5": {"n": 1.4505442353610596, "loss": 4.406041880118482, "neff": 1.4500332266471392, "mode_effective_area": 1.6649838897646634e-10, "TE_polarization_fraction": 0.197204859331695}, "6": {"n": 1.4505442353610596, "loss": 4.36119919483867, "neff": 1.4500331157988204, "mode_effective_area": 1.9681407086842735e-10, "TE_polarization_fraction": 0.4616208012209681}}