{"wavelength": 990, "bend_radius": 0, "cladding_n": 1.4505442353610596, "core_n": 1.4525442353610596, "trench_n": 1.4455442353610597, "deltan_core": 0.002, "deltan_ring": 0.005, "core_radius": 4.15e-06, "trench_ID": 9.96e-06, "trench_OD": 1.4940000000000001e-05, "1": {"n": 1.4505442353610596, "loss": -1.2840514410400886e-11, "neff": 1.451368919201093, "mode_effective_area": 7.690396980916008e-11, "TE_polarization_fraction": 0.9999998998644213}, "2": {"n": 1.4505442353610596, "loss": 7.98738735652712e-12, "neff": 1.451367338497859, "mode_effective_area": 7.697910421740637e-11, "TE_polarization_fraction": 9.957756307685177e-08}, "3": {"n": 1.4505442353610596, "loss": 4.323451357423989, "neff": 1.450034602742891, "mode_effective_area": 1.624930859421802e-10, "TE_polarization_fraction": 0.8234162585020682}, "4": {"n": 1.4505442353610596, "loss": 4.483769485139812, "neff": 1.450034010610505, "mode_effective_area": 1.973007039684745e-10, "TE_polarization_fraction": 0.4854438939707128}, "5": {"n": 1.4505442353610596, "loss": 4.295692201899943, "neff": 1.4500329772301426, "mode_effective_area": 1.6295215357744053e-10, "TE_polarization_fraction": 0.17651952304385454}, "6": {"n": 1.4505442353610596, "loss": 4.5099921839635515, "neff": 1.4500328957487603, "mode_effective_area": 1.9726913705483403e-10, "TE_polarization_fraction": 0.5151938062580421}}