{"wavelength": 990, "bend_radius": 0.035, "cladding_n": 1.4505442353610596, "core_n": 1.4525442353610596, "trench_n": 1.4455442353610597, "deltan_core": 0.002, "deltan_ring": 0.005, "core_radius": 4.15e-06, "trench_ID": 9.96e-06, "trench_OD": 1.4940000000000001e-05, "1": {"n": 1.4505442353610596, "loss": 0.008483709120809774, "neff": 1.451377040733564, "mode_effective_area": 7.715934341192434e-11, "TE_polarization_fraction": 0.9999998948715864}, "2": {"n": 1.4505442353610596, "loss": 0.009070760372763123, "neff": 1.4513754773533332, "mode_effective_area": 7.723498376608256e-11, "TE_polarization_fraction": 1.0476275623128856e-07}, "3": {"n": 1.4505442353610596, "loss": 6.958762236442499, "neff": 1.4500534985793423, "mode_effective_area": 1.3173917910941733e-10, "TE_polarization_fraction": 0.9957667697305255}, "4": {"n": 1.4505442353610596, "loss": 6.997133901258183, "neff": 1.450053376571897, "mode_effective_area": 1.3230818035936949e-10, "TE_polarization_fraction": 0.007112200075789954}, "5": {"n": 1.4505442353610596, "loss": 5.088995057278347, "neff": 1.4500460036494853, "mode_effective_area": 1.3316056399779817e-10, "TE_polarization_fraction": 0.9929607081777932}, "6": {"n": 1.4505442353610596, "loss": 5.116427140759163, "neff": 1.4500452000808697, "mode_effective_area": 1.331747532998156e-10, "TE_polarization_fraction": 0.00429533654440591}}