{"wavelength": 990, "bend_radius": 0.1, "cladding_n": 1.4505442353610596, "core_n": 1.4525442353610596, "trench_n": 1.4455442353610597, "deltan_core": 0.002, "deltan_ring": 0.005, "core_radius": 4.15e-06, "trench_ID": 9.96e-06, "trench_OD": 1.4940000000000001e-05, "1": {"n": 1.4505442353610596, "loss": -4.799245172728687e-08, "neff": 1.4513699119389805, "mode_effective_area": 7.69346957007516e-11, "TE_polarization_fraction": 0.9999998992502926}, "2": {"n": 1.4505442353610596, "loss": 4.6928548710620314e-08, "neff": 1.451368333348036, "mode_effective_area": 7.70098809911349e-11, "TE_polarization_fraction": 1.0020966495878695e-07}, "3": {"n": 1.4505442353610596, "loss": 4.602352096738907, "neff": 1.4500363511477823, "mode_effective_area": 1.9653237035055457e-10, "TE_polarization_fraction": 0.5136858400567316}, "4": {"n": 1.4505442353610596, "loss": 4.695507082418415, "neff": 1.4500361351622018, "mode_effective_area": 1.6237071734524898e-10, "TE_polarization_fraction": 0.8292992204974506}, "5": {"n": 1.4505442353610596, "loss": 4.594956420146489, "neff": 1.4500351116572823, "mode_effective_area": 1.967439491999287e-10, "TE_polarization_fraction": 0.48618558940393014}, "6": {"n": 1.4505442353610596, "loss": 4.516947717294825, "neff": 1.4500346612503945, "mode_effective_area": 1.6258644240990708e-10, "TE_polarization_fraction": 0.17152543028485195}}