{"wavelength": 990, "bend_radius": 0.03, "cladding_n": 1.4505442353610596, "core_n": 1.4525442353610596, "trench_n": 1.4455442353610597, "deltan_core": 0.002, "deltan_ring": 0.005, "core_radius": 4.15e-06, "trench_ID": 9.96e-06, "trench_OD": 1.4940000000000001e-05, "1": {"n": 1.4505442353610596, "loss": 0.023697105071432575, "neff": 1.4513799832524905, "mode_effective_area": 7.725413838149219e-11, "TE_polarization_fraction": 0.9999998930797634}, "2": {"n": 1.4505442353610596, "loss": 0.023469343074239653, "neff": 1.4513784262147362, "mode_effective_area": 7.733001765093581e-11, "TE_polarization_fraction": 1.0665132466708726e-07}, "3": {"n": 1.4505442353610596, "loss": 8.169839280351495, "neff": 1.4500606821339093, "mode_effective_area": 1.3123566978313255e-10, "TE_polarization_fraction": 0.9977423699805816}, "4": {"n": 1.4505442353610596, "loss": 8.243758189838722, "neff": 1.4500605678926046, "mode_effective_area": 1.3154713369525298e-10, "TE_polarization_fraction": 0.003631908871205912}, "5": {"n": 1.4505442353610596, "loss": 5.400471425161264, "neff": 1.4500502677411586, "mode_effective_area": 1.328155626643987e-10, "TE_polarization_fraction": 0.9964180349861019}, "6": {"n": 1.4505442353610596, "loss": 5.4300530213733715, "neff": 1.4500494663692551, "mode_effective_area": 1.330855430269689e-10, "TE_polarization_fraction": 0.002301906558484667}}