{"wavelength": 990, "bend_radius": 0.005, "cladding_n": 1.4505442353610596, "core_n": 1.4525442353610596, "trench_n": 1.4455442353610597, "deltan_core": 0.002, "deltan_ring": 0.005, "core_radius": 4.15e-06, "trench_ID": 9.96e-06, "trench_OD": 1.4940000000000001e-05, "1": {"n": 1.4505442353610596, "loss": 29.233368872501487, "neff": 1.4518172655998405, "mode_effective_area": 9.637520908915402e-11, "TE_polarization_fraction": 0.9999997265157928}, "2": {"n": 1.4505442353610596, "loss": 29.405324568049476, "neff": 1.45181675292845, "mode_effective_area": 9.662718985934536e-11, "TE_polarization_fraction": 5.291305964319852e-07}, "3": {"n": 1.4505442353610596, "loss": 264.00977404580163, "neff": 1.450807087840387, "mode_effective_area": 1.0876987354252553e-10, "TE_polarization_fraction": 2.0646214591865682e-05}, "4": {"n": 1.4505442353610596, "loss": 264.81421340979995, "neff": 1.4508067400135474, "mode_effective_area": 1.0896803307802578e-10, "TE_polarization_fraction": 0.9999997268745247}, "5": {"n": 1.4505442353610596, "loss": 124.82603029198796, "neff": 1.4506308229850586, "mode_effective_area": 1.3229687175109197e-10, "TE_polarization_fraction": 2.798489197350711e-06}, "6": {"n": 1.4505442353610596, "loss": 124.6799198060858, "neff": 1.4506307366303222, "mode_effective_area": 1.3214367546297677e-10, "TE_polarization_fraction": 0.9999826085900484}}