{"wavelength": 990, "bend_radius": 0.01, "cladding_n": 1.4505442353610596, "core_n": 1.4525442353610596, "trench_n": 1.4455442353610597, "deltan_core": 0.002, "deltan_ring": 0.005, "core_radius": 4.15e-06, "trench_ID": 9.96e-06, "trench_OD": 1.4940000000000001e-05, "1": {"n": 1.4505442353610596, "loss": 1.3590896694045034, "neff": 1.451471218319741, "mode_effective_area": 8.065853692662558e-11, "TE_polarization_fraction": 0.9999998421628714}, "2": {"n": 1.4505442353610596, "loss": 1.3721982117699554, "neff": 1.4514698643057216, "mode_effective_area": 8.075359237581461e-11, "TE_polarization_fraction": 1.6899901447555179e-07}, "3": {"n": 1.4505442353610596, "loss": 51.21804389938811, "neff": 1.450266793234273, "mode_effective_area": 1.2188714791486222e-10, "TE_polarization_fraction": 5.602088231568642e-05}, "4": {"n": 1.4505442353610596, "loss": 51.08036658342012, "neff": 1.4502665945218818, "mode_effective_area": 1.2196821514418787e-10, "TE_polarization_fraction": 0.9999826659944064}, "5": {"n": 1.4505442353610596, "loss": 19.624268443660267, "neff": 1.4501805571996444, "mode_effective_area": 1.381549997610529e-10, "TE_polarization_fraction": 0.9999494656164145}, "6": {"n": 1.4505442353610596, "loss": 19.697922069286975, "neff": 1.4501799660011845, "mode_effective_area": 1.3855326207844623e-10, "TE_polarization_fraction": 2.1636535815618095e-05}}