{"wavelength": 990, "bend_radius": 0.05, "cladding_n": 1.4505442353610596, "core_n": 1.4525442353610596, "trench_n": 1.4455442353610597, "deltan_core": 0.002, "deltan_ring": 0.005, "core_radius": 4.15e-06, "trench_ID": 9.96e-06, "trench_OD": 1.4940000000000001e-05, "1": {"n": 1.4505442353610596, "loss": 0.00029994436095114475, "neff": 1.4513728937553536, "mode_effective_area": 7.702776478961588e-11, "TE_polarization_fraction": 0.9999998974121151}, "2": {"n": 1.4505442353610596, "loss": 0.0003903086428351776, "neff": 1.4513713215189608, "mode_effective_area": 7.710312063217752e-11, "TE_polarization_fraction": 1.0211089712924425e-07}, "3": {"n": 1.4505442353610596, "loss": 5.20304219644905, "neff": 1.4500433476544925, "mode_effective_area": 1.3427008238922097e-10, "TE_polarization_fraction": 0.9825694213703531}, "4": {"n": 1.4505442353610596, "loss": 5.225921655589967, "neff": 1.4500432349866876, "mode_effective_area": 1.377247543386556e-10, "TE_polarization_fraction": 0.03678375841989181}, "5": {"n": 1.4505442353610596, "loss": 4.727629201826342, "neff": 1.4500399432519053, "mode_effective_area": 1.3802480349842553e-10, "TE_polarization_fraction": 0.9634055047935698}, "6": {"n": 1.4505442353610596, "loss": 4.750821037923995, "neff": 1.4500391602135168, "mode_effective_area": 1.3515195973331497e-10, "TE_polarization_fraction": 0.017566303019749718}}