{"wavelength": 990, "bend_radius": 0.015, "cladding_n": 1.4505442353610596, "core_n": 1.4525442353610596, "trench_n": 1.4455442353610597, "deltan_core": 0.002, "deltan_ring": 0.005, "core_radius": 4.15e-06, "trench_ID": 9.96e-06, "trench_OD": 1.4940000000000001e-05, "1": {"n": 1.4505442353610596, "loss": 0.34744045667198026, "neff": 1.4514136194977822, "mode_effective_area": 7.840776227187429e-11, "TE_polarization_fraction": 0.9999998732374396}, "2": {"n": 1.4505442353610596, "loss": 0.3525807258356248, "neff": 1.4514121356405425, "mode_effective_area": 7.848814102633796e-11, "TE_polarization_fraction": 1.2870599388403695e-07}, "3": {"n": 1.4505442353610596, "loss": 22.692714746356042, "neff": 1.4501404844628218, "mode_effective_area": 1.2808509391809396e-10, "TE_polarization_fraction": 0.00022331270376216766}, "4": {"n": 1.4505442353610596, "loss": 22.608345097914242, "neff": 1.4501404648192597, "mode_effective_area": 1.2803709711314624e-10, "TE_polarization_fraction": 0.9998814598270191}, "5": {"n": 1.4505442353610596, "loss": 9.880269857899574, "neff": 1.4500986971320802, "mode_effective_area": 1.3497817028111048e-10, "TE_polarization_fraction": 0.9997879732622723}, "6": {"n": 1.4505442353610596, "loss": 9.924892746987876, "neff": 1.4500979705077273, "mode_effective_area": 1.3542680138718088e-10, "TE_polarization_fraction": 0.00012833213201720705}}