{"wavelength": 990, "bend_radius": 0.045, "cladding_n": 1.4505442353610596, "core_n": 1.4525442353610596, "trench_n": 1.4455442353610597, "deltan_core": 0.002, "deltan_ring": 0.005, "core_radius": 4.15e-06, "trench_ID": 9.96e-06, "trench_OD": 1.4940000000000001e-05, "1": {"n": 1.4505442353610596, "loss": 0.001220020986056412, "neff": 1.4513738274473753, "mode_effective_area": 7.705718045134716e-11, "TE_polarization_fraction": 0.999999896838525}, "2": {"n": 1.4505442353610596, "loss": 0.0010327082842067356, "neff": 1.4513722572065328, "mode_effective_area": 7.713258145823187e-11, "TE_polarization_fraction": 1.0270712575725469e-07}, "3": {"n": 1.4505442353610596, "loss": 5.60764938061743, "neff": 1.4500456325560291, "mode_effective_area": 1.3318563795696488e-10, "TE_polarization_fraction": 0.9884368942407755}, "4": {"n": 1.4505442353610596, "loss": 5.596073281508296, "neff": 1.4500455113533068, "mode_effective_area": 1.3512860010415336e-10, "TE_polarization_fraction": 0.022355721123924092}, "5": {"n": 1.4505442353610596, "loss": 4.7901358518620505, "neff": 1.4500413203008868, "mode_effective_area": 1.3555242071528847e-10, "TE_polarization_fraction": 0.9777862490270037}, "6": {"n": 1.4505442353610596, "loss": 4.8194930519794585, "neff": 1.4500405261206664, "mode_effective_area": 1.3419047817008052e-10, "TE_polarization_fraction": 0.01167097985342077}}