{"wavelength": 990, "bend_radius": 0.075, "cladding_n": 1.4505442353610596, "core_n": 1.4525442353610596, "trench_n": 1.4455442353610597, "deltan_core": 0.002, "deltan_ring": 0.005, "core_radius": 4.15e-06, "trench_ID": 9.96e-06, "trench_OD": 1.4940000000000001e-05, "1": {"n": 1.4505442353610596, "loss": 4.919285065929057e-07, "neff": 1.4513706844802703, "mode_effective_area": 7.695869303686934e-11, "TE_polarization_fraction": 0.9999998987731197}, "2": {"n": 1.4505442353610596, "loss": 1.034712375988241e-06, "neff": 1.4513691075343507, "mode_effective_area": 7.703391975031781e-11, "TE_polarization_fraction": 1.007018585711176e-07}, "3": {"n": 1.4505442353610596, "loss": 4.866460265430122, "neff": 1.4500379990929393, "mode_effective_area": 1.719135669475244e-10, "TE_polarization_fraction": 0.23072187746713946}, "4": {"n": 1.4505442353610596, "loss": 4.857352048208392, "neff": 1.450037985422616, "mode_effective_area": 1.4471154874059421e-10, "TE_polarization_fraction": 0.9258671441919244}, "5": {"n": 1.4505442353610596, "loss": 4.700135013936866, "neff": 1.4500365286740664, "mode_effective_area": 1.718652164492318e-10, "TE_polarization_fraction": 0.7695623316641439}, "6": {"n": 1.4505442353610596, "loss": 4.664521916105008, "neff": 1.450035875051841, "mode_effective_area": 1.4519168762619598e-10, "TE_polarization_fraction": 0.07450694775132187}}