{"1": {"loss": 2.6051174611993553e-12, "neff": 1.4510102525562971}, "2": {"loss": 5.765638899315644e-12, "neff": 1.4510084824486935}, "3": {"loss": 0.3444793505926405, "neff": 1.4498080534676998}, "4": {"loss": 0.3117139000419286, "neff": 1.4498070748925111}, "5": {"loss": 0.30433672132008893, "neff": 1.4498060461104736}, "6": {"loss": 0.3579699046856434, "neff": 1.449805812578586}}