{"1": {"wavelength": 920, "bend_radius": 0.03, "n": 1.4514726603407175, "loss": 0.003917853310642664, "neff": 1.4524074151509532}, "2": {"wavelength": 920, "bend_radius": 0.03, "n": 1.4514726603407175, "loss": 0.00385310917495854, "neff": 1.4524057575723295}, "3": {"wavelength": 920, "bend_radius": 0.03, "n": 1.4514726603407175, "loss": 3.106757970738559, "neff": 1.4511560711928697}, "4": {"wavelength": 920, "bend_radius": 0.03, "n": 1.4514726603407175, "loss": 3.1314919517390987, "neff": 1.4511558074954387}, "5": {"wavelength": 920, "bend_radius": 0.03, "n": 1.4514726603407175, "loss": 1.7819330021135258, "neff": 1.4511463351818965}, "6": {"wavelength": 920, "bend_radius": 0.03, "n": 1.4514726603407175, "loss": 1.795698895258225, "neff": 1.4511450666250865}}