{"1": {"n": 1.4524982860552091, "loss": 2.781228879827123e-07, "neff": 1.4535274752826377}, "2": {"n": 1.4524982860552091, "loss": 2.9493287941480243e-07, "neff": 1.453525711091107}, "3": {"n": 1.4524982860552091, "loss": 0.49840408651633517, "neff": 1.4523387020767498}, "4": {"n": 1.4524982860552091, "loss": 0.4859012313803368, "neff": 1.4523383153542275}, "5": {"n": 1.4524982860552091, "loss": 0.33567865959581267, "neff": 1.452336543883082}, "6": {"n": 1.4524982860552091, "loss": 0.3242556676094627, "neff": 1.4523347727684146}, "wavelength": 850, "bend_radius": 0.05}