{"1": {"loss": 0.028733857335173897, "neff": 1.450961836426928}, "2": {"loss": 0.029155412526280414, "neff": 1.4509601687205476}, "3": {"loss": 4.895855997106313, "neff": 1.4497421186599504}, "4": {"loss": 4.899861712831601, "neff": 1.4497414479947675}, "5": {"loss": 2.127848363068877, "neff": 1.4497184039832405}, "6": {"loss": 2.1342495932322647, "neff": 1.4497169706562014}}