{"1": {"n": 1.4517539550240655, "loss": 0.07845139358937007, "neff": 1.452749297588745}, "2": {"n": 1.4517539550240655, "loss": 0.0794604498082819, "neff": 1.45274768259995}, "3": {"n": 1.4517539550240655, "loss": 7.61562876478416, "neff": 1.4515629535465109}, "4": {"n": 1.4517539550240655, "loss": 7.663109511723892, "neff": 1.451562804262467}, "5": {"n": 1.4517539550240655, "loss": 2.8263470070556465, "neff": 1.451522528863656}, "6": {"n": 1.4517539550240655, "loss": 2.8482898663154246, "neff": 1.4515212408966738}, "wavelength": 900, "bend_radius": 0.015}