{"wavelength": 820, "bend_radius": 0.075, "1": {"n": 1.4529792357022007, "loss": -9.253332869058626e-12, "neff": 1.4540503517355676}, "2": {"n": 1.4529792357022007, "loss": 2.5976893666312792e-11, "neff": 1.4540485478289091}, "3": {"n": 1.4529792357022007, "loss": 0.12779928048295683, "neff": 1.4528927342116889}, "4": {"n": 1.4529792357022007, "loss": 0.1767129830996941, "neff": 1.452892367290442}, "5": {"n": 1.4529792357022007, "loss": 0.16525641699165647, "neff": 1.452891418902186}, "6": {"n": 1.4529792357022007, "loss": 0.12152738212149951, "neff": 1.4528902198240725}}