{"1": {"loss": 1.3423285280129296e-05, "neff": 1.4509712943623212}, "2": {"loss": 1.6138740483958293e-05, "neff": 1.450969567718587}, "3": {"loss": 1.1640264640740337, "neff": 1.449743106558226}, "4": {"loss": 1.1474814282841113, "neff": 1.449742502329564}, "5": {"loss": 0.7975672575307706, "neff": 1.4497393362946172}, "6": {"loss": 0.7923350736138595, "neff": 1.4497377342475033}}