{"1": {"wavelength": 960, "bend_radius": 0.025, "n": 1.4509326937135074, "loss": 0.03013051514631135, "neff": 1.4518154339488187}, "2": {"wavelength": 960, "bend_radius": 0.025, "n": 1.4509326937135074, "loss": 0.03057640796873268, "neff": 1.4518138435778651}, "3": {"wavelength": 960, "bend_radius": 0.025, "n": 1.4509326937135074, "loss": 6.98801667062968, "neff": 1.4505320081649218}, "4": {"wavelength": 960, "bend_radius": 0.025, "n": 1.4509326937135074, "loss": 7.01209809580148, "neff": 1.4505318537052145}, "5": {"wavelength": 960, "bend_radius": 0.025, "n": 1.4509326937135074, "loss": 3.8714575301636125, "neff": 1.4505169598516792}, "6": {"wavelength": 960, "bend_radius": 0.025, "n": 1.4509326937135074, "loss": 3.8974731863823013, "neff": 1.4505159819415046}}