{"wavelength": 820, "bend_radius": 0.005, "1": {"n": 1.4529792357022007, "loss": 5.402513442949726, "neff": 1.4544631134256054}, "2": {"n": 1.4529792357022007, "loss": 5.4548922537115425, "neff": 1.454462398985675}, "3": {"n": 1.4529792357022007, "loss": 60.072707301826206, "neff": 1.4537060013768013}, "4": {"n": 1.4529792357022007, "loss": 60.16417726714285, "neff": 1.4537056386293505}, "5": {"n": 1.4529792357022007, "loss": 28.02419412091157, "neff": 1.4534733780246818}, "6": {"n": 1.4529792357022007, "loss": 28.13707945724521, "neff": 1.4534733316758914}}