{"1": {"wavelength": 910, "bend_radius": 0.2, "n": 1.4516122686289965, "loss": 3.538979689636902e-12, "neff": 1.4525510024716926}, "2": {"wavelength": 910, "bend_radius": 0.2, "n": 1.4516122686289965, "loss": 3.4708002643866256e-12, "neff": 1.4525493088097214}, "3": {"wavelength": 910, "bend_radius": 0.2, "n": 1.4516122686289965, "loss": 1.1638008929799377, "neff": 1.4512957374165065}, "4": {"wavelength": 910, "bend_radius": 0.2, "n": 1.4516122686289965, "loss": 0.9773891666730197, "neff": 1.4512949252289642}, "5": {"wavelength": 910, "bend_radius": 0.2, "n": 1.4516122686289965, "loss": 1.0304874101037953, "neff": 1.4512940573745536}, "6": {"wavelength": 910, "bend_radius": 0.2, "n": 1.4516122686289965, "loss": 1.0159061163150767, "neff": 1.4512938333906977}}