{"1": {"n": 1.452044078932333, "loss": 0.015538226019131534, "neff": 1.4530493883956714}, "2": {"n": 1.452044078932333, "loss": 0.015853899742498796, "neff": 1.4530477047625938}, "3": {"n": 1.452044078932333, "loss": 3.1796328438015813, "neff": 1.4518563445945911}, "4": {"n": 1.452044078932333, "loss": 3.2029666736857196, "neff": 1.4518560460633807}, "5": {"n": 1.452044078932333, "loss": 1.3092712039596062, "neff": 1.451834815365977}, "6": {"n": 1.452044078932333, "loss": 1.3215434946770328, "neff": 1.4518332885632763}, "wavelength": 880, "bend_radius": 0.02}