{"1": {"n": 1.4524982860552091, "loss": 6.781291424705536e-05, "neff": 1.453531310436137}, "2": {"n": 1.4524982860552091, "loss": 7.52344167974377e-05, "neff": 1.453529554274553}, "3": {"n": 1.4524982860552091, "loss": 0.7649896442179487, "neff": 1.452347489329354}, "4": {"n": 1.4524982860552091, "loss": 0.7715235093260682, "neff": 1.4523470301137553}, "5": {"n": 1.4524982860552091, "loss": 0.4042060120045073, "neff": 1.4523419962681843}, "6": {"n": 1.4524982860552091, "loss": 0.40685915858685523, "neff": 1.4523401506277982}, "wavelength": 850, "bend_radius": 0.035}