{"1": {"loss": -1.365801593672737e-10, "neff": 1.4508248285785617}, "2": {"loss": 1.3849387214567795e-10, "neff": 1.45082322028055}, "3": {"loss": 4.118343858755157, "neff": 1.4494930910812307}, "4": {"loss": 4.102941815799416, "neff": 1.4494925979251745}, "5": {"loss": 4.231620261727803, "neff": 1.4494914069263276}, "6": {"loss": 4.202044452365578, "neff": 1.4494914063176136}}