{"1": {"n": 1.4517539550240655, "loss": 0.007465592937367958, "neff": 1.4527220101702307}, "2": {"n": 1.4517539550240655, "loss": 0.007596079442701653, "neff": 1.4527203351188194}, "3": {"n": 1.4517539550240655, "loss": 2.9658389456809053, "neff": 1.4514971503344942}, "4": {"n": 1.4517539550240655, "loss": 2.9805099592482605, "neff": 1.451496858428671}, "5": {"n": 1.4517539550240655, "loss": 1.4517018664043857, "neff": 1.4514832177245611}, "6": {"n": 1.4517539550240655, "loss": 1.4645563381940194, "neff": 1.4514818119901811}, "wavelength": 900, "bend_radius": 0.025}