{"1": {"loss": 0.029192181879537014, "neff": 1.4508825851723808}, "2": {"loss": 0.02945595751822593, "neff": 1.4508809650654204}, "3": {"loss": 6.8259544035127275, "neff": 1.4496022099688308}, "4": {"loss": 6.812623483732143, "neff": 1.4496016126809517}, "5": {"loss": 3.75017446287599, "neff": 1.4495864257930293}, "6": {"loss": 3.75380042165562, "neff": 1.4495852747292397}}