{"1": {"loss": 0.01821463198162964, "neff": 1.4508497588085496}, "2": {"loss": 0.017896035593838764, "neff": 1.450848156108656}, "3": {"loss": 7.0078126771818186, "neff": 1.4495431893285589}, "4": {"loss": 7.034788794425746, "neff": 1.4495426260886906}, "5": {"loss": 4.5096869416419105, "neff": 1.4495322424786483}, "6": {"loss": 4.507092206586655, "neff": 1.4495311941017432}}