{"1": {"loss": -4.924558259921256e-09, "neff": 1.450881970491819}, "2": {"loss": 4.6352690310975924e-09, "neff": 1.4508803120523335}, "3": {"loss": 2.3637997087413365, "neff": 1.449589143454977}, "4": {"loss": 2.514127882390785, "neff": 1.449589080437948}, "5": {"loss": 2.432023953711356, "neff": 1.449587911002941}, "6": {"loss": 2.296934222197886, "neff": 1.4495872911864176}}