{"1": {"wavelength": 1040, "bend_radius": 0.015, "n": 1.4499213245971632, "loss": 0.7039589242737619, "neff": 1.4507221610076573}, "2": {"wavelength": 1040, "bend_radius": 0.015, "n": 1.4499213245971632, "loss": 0.7136125675933002, "neff": 1.4507207516098308}, "3": {"wavelength": 1040, "bend_radius": 0.015, "n": 1.4499213245971632, "loss": 37.69132156125493, "neff": 1.44939972308819}, "4": {"wavelength": 1040, "bend_radius": 0.015, "n": 1.4499213245971632, "loss": 37.56898999380049, "neff": 1.449399628507226}, "5": {"wavelength": 1040, "bend_radius": 0.015, "n": 1.4499213245971632, "loss": 17.759073532635885, "neff": 1.4493590637298084}, "6": {"wavelength": 1040, "bend_radius": 0.015, "n": 1.4499213245971632, "loss": 17.81792450290982, "neff": 1.4493585830949753}}