{"1": {"loss": -7.74080999202701e-10, "neff": 1.450924599427737}, "2": {"loss": 7.137074120351374e-10, "neff": 1.4509229030045505}, "3": {"loss": 1.3032396310254846, "neff": 1.449661160276481}, "4": {"loss": 1.2642756382378304, "neff": 1.4496610020416625}, "5": {"loss": 1.266269114555769, "neff": 1.4496598938975211}, "6": {"loss": 1.32094933344128, "neff": 1.4496592067361262}}