{"1": {"loss": 1.8321859863179573e-05, "neff": 1.4509132329643843}, "2": {"loss": 2.7332698385501863e-05, "neff": 1.4509115542357076}, "3": {"loss": 2.0550208823043237, "neff": 1.4496440661308572}, "4": {"loss": 2.0416425956813704, "neff": 1.4496435283718272}, "5": {"loss": 1.6757239197507294, "neff": 1.4496407341063575}, "6": {"loss": 1.6651128275927123, "neff": 1.4496394231844674}}