{"1": {"wavelength": 960, "bend_radius": 0.075, "n": 1.4509326937135074, "loss": -8.157413916010244e-08, "neff": 1.4518014881018886}, "2": {"wavelength": 960, "bend_radius": 0.075, "n": 1.4509326937135074, "loss": 1.9617331364066064e-07, "neff": 1.4517998676399924}, "3": {"wavelength": 960, "bend_radius": 0.075, "n": 1.4509326937135074, "loss": 2.816123673111862, "neff": 1.450497773368282}, "4": {"wavelength": 960, "bend_radius": 0.075, "n": 1.4509326937135074, "loss": 2.847020999554546, "neff": 1.4504977680151696}, "5": {"wavelength": 960, "bend_radius": 0.075, "n": 1.4509326937135074, "loss": 2.8554622987110045, "neff": 1.4504964271041763}, "6": {"wavelength": 960, "bend_radius": 0.075, "n": 1.4509326937135074, "loss": 2.877955185428747, "neff": 1.4504956238620954}}