{"1": {"loss": -2.212346615067178e-11, "neff": 1.4508954141731472}, "2": {"loss": 1.371355066315092e-11, "neff": 1.4508937416997068}, "3": {"loss": 1.733487115270931, "neff": 1.449611800032458}, "4": {"loss": 1.8295811742674624, "neff": 1.449611206942578}, "5": {"loss": 1.7982351606156268, "neff": 1.4496101234371672}, "6": {"loss": 1.8979266866323556, "neff": 1.4496099758988625}}