{"1": {"wavelength": 980, "bend_radius": 0.1, "n": 1.4506723353352597, "loss": -2.779305851262462e-08, "neff": 1.4515120906819716}, "2": {"wavelength": 980, "bend_radius": 0.1, "n": 1.4506723353352597, "loss": 2.6919712316465965e-08, "neff": 1.4515104974991082}, "3": {"wavelength": 980, "bend_radius": 0.1, "n": 1.4506723353352597, "loss": 4.2181196487643895, "neff": 1.4501881589852925}, "4": {"wavelength": 980, "bend_radius": 0.1, "n": 1.4506723353352597, "loss": 4.682729261199417, "neff": 1.450187935535568}, "5": {"wavelength": 980, "bend_radius": 0.1, "n": 1.4506723353352597, "loss": 4.257004250118261, "neff": 1.4501869329979338}, "6": {"wavelength": 980, "bend_radius": 0.1, "n": 1.4506723353352597, "loss": 3.9907303759584845, "neff": 1.4501864484392666}}