{"wavelength": 840, "bend_radius": 0.3, "1": {"n": 1.4526553936728075, "loss": 4.823518214252359e-12, "neff": 1.4536956380329529}, "2": {"n": 1.4526553936728075, "loss": 1.3979994227979997e-12, "neff": 1.4536938542954845}, "3": {"n": 1.4526553936728075, "loss": 0.19662264029780271, "neff": 1.4525147068184414}, "4": {"n": 1.4526553936728075, "loss": 0.19952684146177807, "neff": 1.4525134468407361}, "5": {"n": 1.4526553936728075, "loss": 0.1790256824305688, "neff": 1.4525125560387608}, "6": {"n": 1.4526553936728075, "loss": 0.21281178221493158, "neff": 1.452512373223706}}