{"1": {"loss": 8.359582386682389e-07, "neff": 1.4509992419930808}, "2": {"loss": 1.0095688836935143e-06, "neff": 1.4509974898823585}, "3": {"loss": 0.7219511993370378, "neff": 1.449790248532816}, "4": {"loss": 0.7071770318480737, "neff": 1.449789659181059}, "5": {"loss": 0.5081612191033528, "neff": 1.4497875878150657}, "6": {"loss": 0.49616494578758064, "neff": 1.4497858720918149}}