{"1": {"n": 1.4505442353610596, "loss": -4.7995311646171396e-08, "neff": 1.4513699119389805}, "2": {"n": 1.4505442353610596, "loss": 4.6927044568922194e-08, "neff": 1.451368333348036}, "3": {"n": 1.4505442353610596, "loss": 4.602352096738783, "neff": 1.4500363511477823}, "4": {"n": 1.4505442353610596, "loss": 4.695507082418297, "neff": 1.4500361351622018}, "5": {"n": 1.4505442353610596, "loss": 4.594956420146162, "neff": 1.4500351116572823}, "6": {"n": 1.4505442353610596, "loss": 4.51694771729463, "neff": 1.4500346612503945}, "wavelength": 990, "bend_radius": 0.1}