{"1": {"wavelength": 890, "bend_radius": 0.02, "n": 1.4518978468770973, "loss": 0.019379966009086886, "neff": 1.4528888006821221}, "2": {"wavelength": 890, "bend_radius": 0.02, "n": 1.4518978468770973, "loss": 0.01978248160974609, "neff": 1.4528871306093976}, "3": {"wavelength": 890, "bend_radius": 0.02, "n": 1.4518978468770973, "loss": 3.7113972039659675, "neff": 1.451685927748488}, "4": {"wavelength": 890, "bend_radius": 0.02, "n": 1.4518978468770973, "loss": 3.738481208254531, "neff": 1.4516856554370194}, "5": {"wavelength": 890, "bend_radius": 0.02, "n": 1.4518978468770973, "loss": 1.5610726865573814, "neff": 1.451663950301644}, "6": {"wavelength": 890, "bend_radius": 0.02, "n": 1.4518978468770973, "loss": 1.5749886972314184, "neff": 1.4516625029918913}}