{"1": {"n": 1.4521927938551105, "loss": 1.3571702380365974e-12, "neff": 1.453189254305086}, "2": {"n": 1.4521927938551105, "loss": -4.573449680881954e-13, "neff": 1.4531875076004552}, "3": {"n": 1.4521927938551105, "loss": 0.46563423180276514, "neff": 1.4519755990621395}, "4": {"n": 1.4521927938551105, "loss": 0.385985363986535, "neff": 1.451974499967207}, "5": {"n": 1.4521927938551105, "loss": 0.4826130403793941, "neff": 1.4519736243341244}, "6": {"n": 1.4521927938551105, "loss": 0.4302697847689386, "neff": 1.451973459136318}, "wavelength": 870, "bend_radius": 0.3}