{"1": {"loss": 0.052300220527531784, "neff": 1.4510230510846571}, "2": {"loss": 0.052569326253280486, "neff": 1.4510213800715288}, "3": {"loss": 5.671338529870426, "neff": 1.4498588652673}, "4": {"loss": 5.670891713049609, "neff": 1.4498581171749656}, "5": {"loss": 2.0041446231289464, "neff": 1.4498179689206099}, "6": {"loss": 2.0133242339865247, "neff": 1.4498164092278971}}