{"1": {"wavelength": 1020, "bend_radius": 0.01, "n": 1.450167267865247, "loss": 1.9709700406518047, "neff": 1.4510539423013058}, "2": {"wavelength": 1020, "bend_radius": 0.01, "n": 1.450167267865247, "loss": 1.9888763663302564, "neff": 1.4510526329973683}, "3": {"wavelength": 1020, "bend_radius": 0.01, "n": 1.450167267865247, "loss": 67.26931941553806, "neff": 1.4498177388515165}, "4": {"wavelength": 1020, "bend_radius": 0.01, "n": 1.450167267865247, "loss": 67.12338134010278, "neff": 1.4498175079249436}, "5": {"wavelength": 1020, "bend_radius": 0.01, "n": 1.450167267865247, "loss": 26.85808802735859, "neff": 1.4497338040044894}, "6": {"wavelength": 1020, "bend_radius": 0.01, "n": 1.450167267865247, "loss": 26.94007636437209, "neff": 1.4497333390227718}}