{"1": {"n": 1.4513350097137934, "loss": -7.119063528754537e-13, "neff": 1.4522449173930039}, "2": {"n": 1.4513350097137934, "loss": 4.410854257123659e-12, "neff": 1.4522432509961103}, "3": {"n": 1.4513350097137934, "loss": 1.5735125552188463, "neff": 1.4509693976653746}, "4": {"n": 1.4513350097137934, "loss": 1.61702041136366, "neff": 1.4509685996308708}, "5": {"n": 1.4513350097137934, "loss": 1.7441786395204422, "neff": 1.450967695835126}, "6": {"n": 1.4513350097137934, "loss": 1.6792656136329427, "neff": 1.4509675550189087}, "wavelength": 930, "bend_radius": 0.3}