{"1": {"wavelength": 940, "bend_radius": 0.1, "n": 1.451199202758338, "loss": -2.7314401391807616e-09, "neff": 1.4520956806493739}, "2": {"wavelength": 940, "bend_radius": 0.1, "n": 1.451199202758338, "loss": 2.5653485828878632e-09, "neff": 1.4520940301058844}, "3": {"wavelength": 940, "bend_radius": 0.1, "n": 1.451199202758338, "loss": 2.017544224498091, "neff": 1.4508108016924117}, "4": {"wavelength": 940, "bend_radius": 0.1, "n": 1.451199202758338, "loss": 2.0612605963776227, "neff": 1.450810524419606}, "5": {"wavelength": 940, "bend_radius": 0.1, "n": 1.451199202758338, "loss": 2.0343113770485277, "neff": 1.4508095988678205}, "6": {"wavelength": 940, "bend_radius": 0.1, "n": 1.451199202758338, "loss": 2.0120696807270897, "neff": 1.4508089864666016}}