{"1": {"loss": 1.2734029388080916e-05, "neff": 1.4510302944416753}, "2": {"loss": 1.146035044753976e-05, "neff": 1.451028522970503}, "3": {"loss": 0.6323462079886973, "neff": 1.4498450521007344}, "4": {"loss": 0.6257156712256137, "neff": 1.4498443686625553}, "5": {"loss": 0.3581819822251302, "neff": 1.4498408417172854}, "6": {"loss": 0.35593864922588314, "neff": 1.4498389173555228}}