{"1": {"wavelength": 960, "bend_radius": 0.005, "n": 1.4509326937135074, "loss": 22.681516091897915, "neff": 1.4522427418214436}, "2": {"wavelength": 960, "bend_radius": 0.005, "n": 1.4509326937135074, "loss": 22.826682174901507, "neff": 1.4522422001655397}, "3": {"wavelength": 960, "bend_radius": 0.005, "n": 1.4509326937135074, "loss": 211.2881147668778, "neff": 1.45127819507519}, "4": {"wavelength": 960, "bend_radius": 0.005, "n": 1.4509326937135074, "loss": 211.87727613406392, "neff": 1.4512778542496538}, "5": {"wavelength": 960, "bend_radius": 0.005, "n": 1.4509326937135074, "loss": 99.47905755242857, "neff": 1.4510915620890947}, "6": {"wavelength": 960, "bend_radius": 0.005, "n": 1.4509326937135074, "loss": 99.32508991018437, "neff": 1.451091501118043}}