{"1": {"loss": -3.6458969950672854e-07, "neff": 1.4507701225500806}, "2": {"loss": 3.7618413428058944e-07, "neff": 1.4507685678050524}, "3": {"loss": 7.412902476741023, "neff": 1.4494015266516131}, "4": {"loss": 7.2624479953447505, "neff": 1.449401454821489}, "5": {"loss": 7.252277740898628, "neff": 1.449400155800962}, "6": {"loss": 7.816145894697554, "neff": 1.4493997779536854}}