{"1": {"loss": -9.20194137812461e-11, "neff": 1.4508671102628838}, "2": {"loss": 8.117992783881254e-11, "neff": 1.4508654633772753}, "3": {"loss": 2.5292565894610437, "neff": 1.4495641030912396}, "4": {"loss": 2.64791904108784, "neff": 1.4495635864502354}, "5": {"loss": 2.817252925034283, "neff": 1.4495624724312863}, "6": {"loss": 2.80243637611775, "neff": 1.4495623490837706}}