{"1": {"loss": -4.386558729142343e-12, "neff": 1.4508387255419615}, "2": {"loss": 1.1567593257771391e-11, "neff": 1.4508371040730814}, "3": {"loss": 3.545885798873804, "neff": 1.4495164181778044}, "4": {"loss": 3.755136284221447, "neff": 1.4495158248307722}, "5": {"loss": 3.755945181732904, "neff": 1.4495146820174922}, "6": {"loss": 3.5036233844116644, "neff": 1.4495146375441221}}