{"1": {"wavelength": 1010, "bend_radius": 0.03, "n": 1.4502917785835465, "loss": 0.036983711956182386, "neff": 1.4510996070019326}, "2": {"wavelength": 1010, "bend_radius": 0.03, "n": 1.4502917785835465, "loss": 0.036736818901464074, "neff": 1.451098079475322}, "3": {"wavelength": 1010, "bend_radius": 0.03, "n": 1.4502917785835465, "loss": 10.446683404286903, "neff": 1.4497611257098473}, "4": {"wavelength": 1010, "bend_radius": 0.03, "n": 1.4502917785835465, "loss": 10.541293327422402, "neff": 1.4497610486671852}, "5": {"wavelength": 1010, "bend_radius": 0.03, "n": 1.4502917785835465, "loss": 7.156486074021364, "neff": 1.4497506869104049}, "6": {"wavelength": 1010, "bend_radius": 0.03, "n": 1.4502917785835465, "loss": 7.191524795704626, "neff": 1.4497500004497965}}