{"1": {"n": 1.4518978468770973, "loss": 2.4631797020129137e-06, "neff": 1.4528689513563213}, "2": {"n": 1.4518978468770973, "loss": 3.3518209481172247e-06, "neff": 1.4528672384033687}, "3": {"n": 1.4518978468770973, "loss": 1.071449112634363, "neff": 1.4516381146264044}, "4": {"n": 1.4518978468770973, "loss": 1.0638702942829366, "neff": 1.451637804573875}, "5": {"n": 1.4518978468770973, "loss": 0.7990840558654781, "neff": 1.4516354427430054}, "6": {"n": 1.4518978468770973, "loss": 0.7944501678662238, "neff": 1.4516339781353944}, "wavelength": 890, "bend_radius": 0.05}