{"1": {"loss": 0.003272080848356667, "neff": 1.4510104305794647}, "2": {"loss": 0.003312673075013502, "neff": 1.4510086988388966}, "3": {"loss": 1.7868139937266447, "neff": 1.4498172346564557}, "4": {"loss": 1.7841568361837554, "neff": 1.4498165339100382}, "5": {"loss": 0.8099956135941054, "neff": 1.4498036702098993}, "6": {"loss": 0.8134596209623037, "neff": 1.4498019151413644}}