{"1": {"loss": 0.0002809068646334298, "neff": 1.4509296203406148}, "2": {"loss": 0.0002563790895451165, "neff": 1.450927932903548}, "3": {"loss": 2.173703859061522, "neff": 1.4496734705396233}, "4": {"loss": 2.1591745101954367, "neff": 1.4496728797991958}, "5": {"loss": 1.485729192596673, "neff": 1.4496680406864642}, "6": {"loss": 1.4853906772676424, "neff": 1.4496666336933726}}