{"1": {"wavelength": 1040, "bend_radius": 0.03, "n": 1.4499213245971632, "loss": 0.06870431397311538, "neff": 1.450687574607402}, "2": {"wavelength": 1040, "bend_radius": 0.03, "n": 1.4499213245971632, "loss": 0.06856983333350705, "neff": 1.4506860916724436}, "3": {"wavelength": 1040, "bend_radius": 0.03, "n": 1.4499213245971632, "loss": 14.792007649615204, "neff": 1.4493203678414828}, "4": {"wavelength": 1040, "bend_radius": 0.03, "n": 1.4499213245971632, "loss": 14.920677956468738, "neff": 1.4493203431892672}, "5": {"wavelength": 1040, "bend_radius": 0.03, "n": 1.4499213245971632, "loss": 10.648637294949532, "neff": 1.4493100067058433}, "6": {"wavelength": 1040, "bend_radius": 0.03, "n": 1.4499213245971632, "loss": 10.692161038746752, "neff": 1.4493094784445304}}