{"wavelength": 800, "bend_radius": 0.05, "1": {"n": 1.4533172548587419, "loss": 1.3814781232145107e-08, "neff": 1.4544198458079338}, "2": {"n": 1.4533172548587419, "loss": 9.360064476206942e-09, "neff": 1.4544180238532263}, "3": {"n": 1.4533172548587419, "loss": 0.16334384627988044, "neff": 1.4532871176023021}, "4": {"n": 1.4533172548587419, "loss": 0.13894516368492604, "neff": 1.4532867352589254}, "5": {"n": 1.4533172548587419, "loss": 0.11073543298216654, "neff": 1.4532856695684153}, "6": {"n": 1.4533172548587419, "loss": 0.0859941300884385, "neff": 1.453283598176509}}