{"1": {"wavelength": 800, "bend_radius": 0, "n": 1.4533172548587419, "loss": 3.723363607576749e-12, "neff": 1.4544162483745948}, "2": {"wavelength": 800, "bend_radius": 0, "n": 1.4533172548587419, "loss": 2.8477906906193392e-12, "neff": 1.4544144193093391}, "3": {"wavelength": 800, "bend_radius": 0, "n": 1.4533172548587419, "loss": 0.045685928485409505, "neff": 1.453281396395134}, "4": {"wavelength": 800, "bend_radius": 0, "n": 1.4533172548587419, "loss": 0.02168609716585336, "neff": 1.4532798547561807}, "5": {"wavelength": 800, "bend_radius": 0, "n": 1.4533172548587419, "loss": 0.04467646579724998, "neff": 1.4532788991003196}, "6": {"wavelength": 800, "bend_radius": 0, "n": 1.4533172548587419, "loss": 0.02263353810440468, "neff": 1.4532787499091968}}