{"1": {"n": 1.4517539550240655, "loss": 0.00012843182508915404, "neff": 1.452712761001596}, "2": {"n": 1.4517539550240655, "loss": 0.00011561120347794509, "neff": 1.4527110659745681}, "3": {"n": 1.4517539550240655, "loss": 1.6065872283139322, "neff": 1.4514747241150867}, "4": {"n": 1.4517539550240655, "loss": 1.607018738859851, "neff": 1.4514744045715053}, "5": {"n": 1.4517539550240655, "loss": 1.0529811844873256, "neff": 1.451469904711602}, "6": {"n": 1.4517539550240655, "loss": 1.0602194713431023, "neff": 1.45146848223641}, "wavelength": 900, "bend_radius": 0.04}