{"1": {"loss": -2.7051415727012557e-09, "neff": 1.4508961388159016}, "2": {"loss": 2.5251908343820664e-09, "neff": 1.450894467622774}, "3": {"loss": 1.937171285836704, "neff": 1.4496130275517392}, "4": {"loss": 1.9802974933154345, "neff": 1.4496129362100094}, "5": {"loss": 1.9516182372353226, "neff": 1.449611788769461}, "6": {"loss": 1.9222339229393177, "neff": 1.449611144433725}}