{"1": {"loss": 0.003456573704614466, "neff": 1.4508748665098394}, "2": {"loss": 0.00376301325833372, "neff": 1.450873233077556}, "3": {"loss": 4.525184301471983, "neff": 1.449582910726213}, "4": {"loss": 4.529910204412526, "neff": 1.4495823452151007}, "5": {"loss": 3.1003458233624914, "neff": 1.4495751287247907}, "6": {"loss": 3.098351152151417, "neff": 1.4495739674854948}}