{"1": {"n": 1.452044078932333, "loss": -2.025910920134761e-12, "neff": 1.4530261470640464}, "2": {"n": 1.452044078932333, "loss": -1.331270768240438e-12, "neff": 1.45302441349421}, "3": {"n": 1.452044078932333, "loss": 0.5909383771159457, "neff": 1.4518019475605584}, "4": {"n": 1.452044078932333, "loss": 0.7044051537979046, "neff": 1.4518009866885957}, "5": {"n": 1.452044078932333, "loss": 0.7248455614300243, "neff": 1.4518001313731739}, "6": {"n": 1.452044078932333, "loss": 0.6240228518711479, "neff": 1.4517998836522303}, "wavelength": 880, "bend_radius": 0.2}