{"1": {"wavelength": 1050, "bend_radius": 0.1, "n": 1.4497997593262841, "loss": -9.642631493395993e-07, "neff": 1.4505418099778846}, "2": {"wavelength": 1050, "bend_radius": 0.1, "n": 1.4497997593262841, "loss": 1.0549594145606446e-06, "neff": 1.4505403201535836}, "3": {"wavelength": 1050, "bend_radius": 0.1, "n": 1.4497997593262841, "loss": 10.20818297754977, "neff": 1.4491511472730634}, "4": {"wavelength": 1050, "bend_radius": 0.1, "n": 1.4497997593262841, "loss": 11.591279247875777, "neff": 1.4491509548652832}, "5": {"wavelength": 1050, "bend_radius": 0.1, "n": 1.4497997593262841, "loss": 10.099989944070249, "neff": 1.4491497835952791}, "6": {"wavelength": 1050, "bend_radius": 0.1, "n": 1.4497997593262841, "loss": 11.103359130053366, "neff": 1.4491495072642684}}