{"1": {"loss": -5.882465330929326e-07, "neff": 1.450756327442022}, "2": {"loss": 6.215554462860115e-07, "neff": 1.4507547856999232}, "3": {"loss": 9.35357568822392, "neff": 1.4493784033704864}, "4": {"loss": 8.377570983777328, "neff": 1.4493783233360127}, "5": {"loss": 8.381837790539555, "neff": 1.4493770075433008}, "6": {"loss": 9.142857017182536, "neff": 1.449376655909838}}