{"1": {"loss": 0.001708039703352458, "neff": 1.4508157059357065}, "2": {"loss": 0.001419403118184004, "neff": 1.4508141187125494}, "3": {"loss": 6.221669941348128, "neff": 1.4494810300996193}, "4": {"loss": 6.181123160252775, "neff": 1.4494805258095413}, "5": {"loss": 5.360539689116129, "neff": 1.4494763448262735}, "6": {"loss": 5.353461458387573, "neff": 1.4494754148600903}}