{"1": {"wavelength": 800, "bend_radius": 0.045, "n": 1.4533172548587419, "loss": 7.467169879203172e-08, "neff": 1.4544206905437023}, "2": {"wavelength": 800, "bend_radius": 0.045, "n": 1.4533172548587419, "loss": 1.0153379375189748e-07, "neff": 1.4544188702633836}, "3": {"wavelength": 800, "bend_radius": 0.045, "n": 1.4533172548587419, "loss": 0.1876797747633256, "neff": 1.4532888523443706}, "4": {"wavelength": 800, "bend_radius": 0.045, "n": 1.4533172548587419, "loss": 0.17469776561391062, "neff": 1.4532883380428625}, "5": {"wavelength": 800, "bend_radius": 0.045, "n": 1.4533172548587419, "loss": 0.10601568490993958, "neff": 1.4532869260834187}, "6": {"wavelength": 800, "bend_radius": 0.045, "n": 1.4533172548587419, "loss": 0.09428627890992801, "neff": 1.4532847230223258}}