{"1": {"n": 1.4509326937135074, "loss": -8.962850036362869e-09, "neff": 1.4518007288596058}, "2": {"n": 1.4509326937135074, "loss": 8.53718588621405e-09, "neff": 1.4517991067697629}, "3": {"n": 1.4509326937135074, "loss": 3.051242504364264, "neff": 1.450496205183288}, "4": {"n": 1.4509326937135074, "loss": 3.358398959517049, "neff": 1.4504959655213372}, "5": {"n": 1.4509326937135074, "loss": 3.1403732357852268, "neff": 1.4504949994129777}, "6": {"n": 1.4509326937135074, "loss": 2.892815993457806, "neff": 1.4504944452403525}, "wavelength": 960, "bend_radius": 0.1}