{"wavelength": 820, "bend_radius": 0.03, "1": {"n": 1.4529792357022007, "loss": 0.00012876659583505943, "neff": 1.4540588313514635}, "2": {"n": 1.4529792357022007, "loss": 0.00012773268874789693, "neff": 1.4540570447367944}, "3": {"n": 1.4529792357022007, "loss": 0.527094095063814, "neff": 1.4529107463122872}, "4": {"n": 1.4529792357022007, "loss": 0.5300059505337201, "neff": 1.452910194838175}, "5": {"n": 1.4529792357022007, "loss": 0.23454174754740137, "neff": 1.452903914195583}, "6": {"n": 1.4529792357022007, "loss": 0.23667894319164873, "neff": 1.4529017965637785}}