{"1": {"loss": 1.2337354847099347e-12, "neff": 1.450880998502294}, "2": {"loss": 3.069238999839228e-12, "neff": 1.4508793383592136}, "3": {"loss": 2.121226266148457, "neff": 1.4495875078941252}, "4": {"loss": 2.361034977403819, "neff": 1.4495867973178436}, "5": {"loss": 2.364146653497118, "neff": 1.4495856806767147}, "6": {"loss": 2.0998361817741884, "neff": 1.4495856590060352}}