{"wavelength": 820, "bend_radius": 0.1, "1": {"n": 1.4529792357022007, "loss": -1.5480033919728669e-12, "neff": 1.454049646764713}, "2": {"n": 1.4529792357022007, "loss": 4.943622385535486e-12, "neff": 1.4540478414285645}, "3": {"n": 1.4529792357022007, "loss": 0.10747109187169564, "neff": 1.4528917078229662}, "4": {"n": 1.4529792357022007, "loss": 0.13598782272031337, "neff": 1.4528908769664002}, "5": {"n": 1.4529792357022007, "loss": 0.13882172971656287, "neff": 1.4528899767788366}, "6": {"n": 1.4529792357022007, "loss": 0.10817758248328235, "neff": 1.4528892417131365}}