{"1": {"n": 1.4508017923282956, "loss": 0.0016811829753022932, "neff": 1.4516608288007766}, "2": {"n": 1.4508017923282956, "loss": 0.001686179132254623, "neff": 1.4516592321888495}, "3": {"n": 1.4508017923282956, "loss": 4.695969149535183, "neff": 1.4503537880187523}, "4": {"n": 1.4508017923282956, "loss": 4.691088806695868, "neff": 1.4503536247648525}, "5": {"n": 1.4508017923282956, "loss": 3.6007968102762216, "neff": 1.4503482765932905}, "6": {"n": 1.4508017923282956, "loss": 3.6251645464999607, "neff": 1.4503473518619718}, "wavelength": 970, "bend_radius": 0.04}