{"wavelength": 840, "bend_radius": 0.015, "1": {"n": 1.4526553936728075, "loss": 0.024003979422671552, "neff": 1.4537366246393273}, "2": {"n": 1.4526553936728075, "loss": 0.024331424199847514, "neff": 1.4537349277344827}, "3": {"n": 1.4526553936728075, "loss": 3.1229614742307534, "neff": 1.4526077382365097}, "4": {"n": 1.4526553936728075, "loss": 3.146515838388553, "neff": 1.4526074374418538}, "5": {"n": 1.4526553936728075, "loss": 1.0179226275533535, "neff": 1.4525716456778273}, "6": {"n": 1.4526553936728075, "loss": 1.028845205992076, "neff": 1.4525698870929686}}