{"1": {"n": 1.4509326937135074, "loss": 0.0035529961605025983, "neff": 1.4518077348314633}, "2": {"n": 1.4509326937135074, "loss": 0.0038855576713961396, "neff": 1.4518061278071772}, "3": {"n": 1.4509326937135074, "loss": 4.6453832817976375, "neff": 1.4505131226349424}, "4": {"n": 1.4509326937135074, "loss": 4.678284949829824, "neff": 1.4505129402976233}, "5": {"n": 1.4509326937135074, "loss": 3.2081709444026947, "neff": 1.4505057875176333}, "6": {"n": 1.4509326937135074, "loss": 3.2282182354344773, "neff": 1.4505047954282326}, "wavelength": 960, "bend_radius": 0.035}