{"1": {"loss": -1.0893573635500445e-11, "neff": 1.4509096282609557}, "2": {"loss": 2.811147948311142e-12, "neff": 1.4509079431200302}, "3": {"loss": 1.5263065738224038, "neff": 1.4496358239267753}, "4": {"loss": 1.6520122550348488, "neff": 1.449635189433567}, "5": {"loss": 1.4407692910219543, "neff": 1.4496341179197012}, "6": {"loss": 1.5634370189964562, "neff": 1.4496339592363594}}