{"1": {"wavelength": 1010, "bend_radius": 0.015, "n": 1.4502917785835465, "loss": 0.46507722144958796, "neff": 1.4511336261235483}, "2": {"wavelength": 1010, "bend_radius": 0.015, "n": 1.4502917785835465, "loss": 0.47190776844381793, "neff": 1.4511321720256494}, "3": {"wavelength": 1010, "bend_radius": 0.015, "n": 1.4502917785835465, "loss": 27.995431712472968, "neff": 1.4498408903917224}, "4": {"wavelength": 1010, "bend_radius": 0.015, "n": 1.4502917785835465, "loss": 27.90010189605214, "neff": 1.4498408395315352}, "5": {"wavelength": 1010, "bend_radius": 0.015, "n": 1.4502917785835465, "loss": 12.592231803802067, "neff": 1.4497994204330695}, "6": {"wavelength": 1010, "bend_radius": 0.015, "n": 1.4502917785835465, "loss": 12.642339860078597, "neff": 1.4497987973129223}}