{"1": {"n": 1.4509326937135074, "loss": 0.011511684147949947, "neff": 1.451810626679646}, "2": {"n": 1.4509326937135074, "loss": 0.011357494842933878, "neff": 1.4518090259140803}, "3": {"n": 1.4509326937135074, "loss": 5.517726960823214, "neff": 1.4505202343415438}, "4": {"n": 1.4509326937135074, "loss": 5.565924511008277, "neff": 1.4505200601334869}, "5": {"n": 1.4509326937135074, "loss": 3.44346832820058, "neff": 1.450509989177495}, "6": {"n": 1.4509326937135074, "loss": 3.4655339285045077, "neff": 1.4505090003406367}, "wavelength": 960, "bend_radius": 0.03}