{"1": {"n": 1.4513350097137934, "loss": 0.0013697598249241343, "neff": 1.4522526554498547}, "2": {"n": 1.4513350097137934, "loss": 0.0015228350084102152, "neff": 1.4522510057182463}, "3": {"n": 1.4513350097137934, "loss": 3.001602030817891, "neff": 1.4509873396207698}, "4": {"n": 1.4513350097137934, "loss": 3.0263996854662714, "neff": 1.4509870912272433}, "5": {"n": 1.4513350097137934, "loss": 1.9446971059910965, "neff": 1.4509803003707682}, "6": {"n": 1.4513350097137934, "loss": 1.9584646225557159, "neff": 1.4509791008759645}, "wavelength": 930, "bend_radius": 0.035}