{"1": {"wavelength": 1040, "bend_radius": 0.04, "n": 1.4499213245971632, "loss": 0.012790247536895378, "neff": 1.4506825856426884}, "2": {"wavelength": 1040, "bend_radius": 0.04, "n": 1.4499213245971632, "loss": 0.014444806131056687, "neff": 1.4506810921948943}, "3": {"wavelength": 1040, "bend_radius": 0.04, "n": 1.4499213245971632, "loss": 11.60040057742577, "neff": 1.4493085100304512}, "4": {"wavelength": 1040, "bend_radius": 0.04, "n": 1.4499213245971632, "loss": 11.560118883898571, "neff": 1.4493084749108456}, "5": {"wavelength": 1040, "bend_radius": 0.04, "n": 1.4499213245971632, "loss": 9.918599993176173, "neff": 1.4493028535416759}, "6": {"wavelength": 1040, "bend_radius": 0.04, "n": 1.4499213245971632, "loss": 9.968613220168487, "neff": 1.4493023280901531}}