{"1": {"n": 1.4502917785835465, "loss": -5.075792125526476e-10, "neff": 1.4510885267583051}, "2": {"n": 1.4502917785835465, "loss": 4.914465940194341e-10, "neff": 1.4510869756822435}, "3": {"n": 1.4502917785835465, "loss": 5.86667444034606, "neff": 1.4497351133708847}, "4": {"n": 1.4502917785835465, "loss": 5.883785702371558, "neff": 1.4497346308944605}, "5": {"n": 1.4502917785835465, "loss": 5.892703536587455, "neff": 1.449733581042008}, "6": {"n": 1.4502917785835465, "loss": 5.926638980858509, "neff": 1.449733481113204}, "wavelength": 1010, "bend_radius": 0.3}