{"1": {"loss": -2.683701453870209e-08, "neff": 1.4509110958525324}, "2": {"loss": 3.3302916297569785e-08, "neff": 1.4509094133232714}, "3": {"loss": 1.5999878874625681, "neff": 1.4496387386651866}, "4": {"loss": 1.6016393084075333, "neff": 1.449638479495554}, "5": {"loss": 1.6014275881559035, "neff": 1.449637298191728}, "6": {"loss": 1.6063457965761014, "neff": 1.449636252698188}}