{"1": {"loss": -9.125199741548273e-09, "neff": 1.4509396295691557}, "2": {"loss": 9.768805878661815e-09, "neff": 1.4509379220276828}, "3": {"loss": 1.1120046769552256, "neff": 1.4496870256420487}, "4": {"loss": 1.095891040627483, "neff": 1.4496867997012264}, "5": {"loss": 1.0916263120311298, "neff": 1.4496856717354527}, "6": {"loss": 1.0809531963667278, "neff": 1.4496845473076574}}