{"1": {"wavelength": 870, "bend_radius": 0.03, "n": 1.4521927938551105, "loss": 0.0008195209500865172, "neff": 1.4531994888178432}, "2": {"wavelength": 870, "bend_radius": 0.03, "n": 1.4521927938551105, "loss": 0.0008066534470486334, "neff": 1.4531977638434752}, "3": {"wavelength": 870, "bend_radius": 0.03, "n": 1.4521927938551105, "loss": 1.3717304900179945, "neff": 1.4519984227495695}, "4": {"wavelength": 870, "bend_radius": 0.03, "n": 1.4521927938551105, "loss": 1.3811054140744556, "neff": 1.4519980279521403}, "5": {"wavelength": 870, "bend_radius": 0.03, "n": 1.4521927938551105, "loss": 0.6986106985575724, "neff": 1.4519898389447712}, "6": {"wavelength": 870, "bend_radius": 0.03, "n": 1.4521927938551105, "loss": 0.7050686862557781, "neff": 1.4519881713812506}}