{"1": {"wavelength": 910, "bend_radius": 0.03, "n": 1.4516122686289965, "loss": 0.002924677530532519, "neff": 1.4525613312280734}, "2": {"wavelength": 910, "bend_radius": 0.03, "n": 1.4516122686289965, "loss": 0.002875424870714743, "neff": 1.4525596598012078}, "3": {"wavelength": 910, "bend_radius": 0.03, "n": 1.4516122686289965, "loss": 2.6634975908370406, "neff": 1.4513198850600446}, "4": {"wavelength": 910, "bend_radius": 0.03, "n": 1.4516122686289965, "loss": 2.684107360640247, "neff": 1.451319596996596}, "5": {"wavelength": 910, "bend_radius": 0.03, "n": 1.4516122686289965, "loss": 1.4936458954973852, "neff": 1.4513103319354999}, "6": {"wavelength": 910, "bend_radius": 0.03, "n": 1.4516122686289965, "loss": 1.505679597802807, "neff": 1.4513089879655776}}