{"1": {"loss": 0.009312881988017666, "neff": 1.4509531930386281}, "2": {"loss": 0.009410615226208601, "neff": 1.4509515098690275}, "3": {"loss": 3.3847751493203657, "neff": 1.4497207083760044}, "4": {"loss": 3.3778878825549987, "neff": 1.4497200608764587}, "5": {"loss": 1.6790968203638748, "neff": 1.4497058267747596}, "6": {"loss": 1.6835319893467913, "neff": 1.4497043631486184}}