{"wavelength": 840, "bend_radius": 0.035, "1": {"n": 1.4526553936728075, "loss": 4.4131948008536555e-05, "neff": 1.4537030124339498}, "2": {"n": 1.4526553936728075, "loss": 4.8692231395724285e-05, "neff": 1.453701244002375}, "3": {"n": 1.4526553936728075, "loss": 0.6287050659519532, "neff": 1.4525298895142174}, "4": {"n": 1.4526553936728075, "loss": 0.6337762771632497, "neff": 1.4525294001349685}, "5": {"n": 1.4526553936728075, "loss": 0.32274473689541894, "neff": 1.4525246694284235}, "6": {"n": 1.4526553936728075, "loss": 0.3245408600340951, "neff": 1.4525227344277416}}