{"1": {"loss": 0.0009544270795547002, "neff": 1.4509314540669773}, "2": {"loss": 0.0010595101569106447, "neff": 1.450929769906768}, "3": {"loss": 2.5123716076345577, "neff": 1.4496780516868526}, "4": {"loss": 2.516887680076844, "neff": 1.4496774455505685}, "5": {"loss": 1.5785297105251022, "neff": 1.449670726610777}, "6": {"loss": 1.579021573939085, "neff": 1.449669315035992}}