{"1": {"n": 1.452044078932333, "loss": 4.142254890343053e-12, "neff": 1.4530260175411884}, "2": {"n": 1.452044078932333, "loss": 7.957237254872073e-13, "neff": 1.4530242836965797}, "3": {"n": 1.452044078932333, "loss": 0.648980877330011, "neff": 1.451801752554203}, "4": {"n": 1.452044078932333, "loss": 0.6074781389902354, "neff": 1.4518007078984347}, "5": {"n": 1.452044078932333, "loss": 0.5230725454808421, "neff": 1.4517998316544176}, "6": {"n": 1.452044078932333, "loss": 0.5580900268687821, "neff": 1.4517996716706623}, "wavelength": 880, "bend_radius": 0.3}