{"1": {"wavelength": 850, "bend_radius": 0.015, "n": 1.4524982860552091, "loss": 0.02960535084299752, "neff": 1.4535650959441673}, "2": {"wavelength": 850, "bend_radius": 0.015, "n": 1.4524982860552091, "loss": 0.02999882931774235, "neff": 1.4535634122319794}, "3": {"wavelength": 850, "bend_radius": 0.015, "n": 1.4524982860552091, "loss": 3.6648981657501314, "neff": 1.4524265871782092}, "4": {"wavelength": 850, "bend_radius": 0.015, "n": 1.4524982860552091, "loss": 3.691791209024965, "neff": 1.4524263146015102}, "5": {"wavelength": 850, "bend_radius": 0.015, "n": 1.4524982860552091, "loss": 1.2222446576209305, "neff": 1.4523895508325324}, "6": {"wavelength": 850, "bend_radius": 0.015, "n": 1.4524982860552091, "loss": 1.2346834291986002, "neff": 1.4523878762339717}}