{"1": {"n": 1.4521927938551105, "loss": -2.661087689805037e-11, "neff": 1.4531900790810124}, "2": {"n": 1.4521927938551105, "loss": 1.9722600668594585e-11, "neff": 1.4531883341181664}, "3": {"n": 1.4521927938551105, "loss": 0.4501128301926086, "neff": 1.4519768560482817}, "4": {"n": 1.4521927938551105, "loss": 0.45032646246014474, "neff": 1.451976328540657}, "5": {"n": 1.4521927938551105, "loss": 0.4454542130336562, "neff": 1.451975470521063}, "6": {"n": 1.4521927938551105, "loss": 0.45818774086859854, "neff": 1.451974732927885}, "wavelength": 870, "bend_radius": 0.1}