{"1": {"loss": 0.04296400852471961, "neff": 1.450933572295651}, "2": {"loss": 0.04365009531232711, "neff": 1.4509319295660186}, "3": {"loss": 6.467153640469389, "neff": 1.449694793632334}, "4": {"loss": 6.474030176455618, "neff": 1.4496941432561536}, "5": {"loss": 2.925013432806721, "neff": 1.449670501000123}, "6": {"loss": 2.9315255837256315, "neff": 1.4496691957832197}}