{"1": {"loss": -7.524571903759151e-10, "neff": 1.4509971782742022}, "2": {"loss": 6.976191953310877e-10, "neff": 1.4509954223861636}, "3": {"loss": 0.5153068612864915, "neff": 1.4497853285866087}, "4": {"loss": 0.46770003982205277, "neff": 1.4497852312175727}, "5": {"loss": 0.48535656990354026, "neff": 1.4497841285559128}, "6": {"loss": 0.4445565044797582, "neff": 1.4497828915402946}}