{"1": {"wavelength": 860, "bend_radius": 0.035, "n": 1.4523441428045392, "loss": 0.00010286029163584438, "neff": 1.4533626094044496}, "2": {"wavelength": 860, "bend_radius": 0.035, "n": 1.4523441428045392, "loss": 0.00011461865988450215, "neff": 1.4533608657797445}, "3": {"wavelength": 860, "bend_radius": 0.035, "n": 1.4523441428045392, "loss": 0.9249605004129399, "neff": 1.452168227616176}, "4": {"wavelength": 860, "bend_radius": 0.035, "n": 1.4523441428045392, "loss": 0.933142100542625, "neff": 1.4521677977472522}, "5": {"wavelength": 860, "bend_radius": 0.035, "n": 1.4523441428045392, "loss": 0.5026973425425392, "neff": 1.4521624788905436}, "6": {"wavelength": 860, "bend_radius": 0.035, "n": 1.4523441428045392, "loss": 0.5063115448272892, "neff": 1.4521607209566563}}