{"1": {"wavelength": 1050, "bend_radius": 0.2, "n": 1.4497997593262841, "loss": -1.8140469065628923e-08, "neff": 1.450541039630532}, "2": {"wavelength": 1050, "bend_radius": 0.2, "n": 1.4497997593262841, "loss": 1.7808148771734293e-08, "neff": 1.4505395482078727}, "3": {"wavelength": 1050, "bend_radius": 0.2, "n": 1.4497997593262841, "loss": 10.280226094379639, "neff": 1.4491497025692794}, "4": {"wavelength": 1050, "bend_radius": 0.2, "n": 1.4497997593262841, "loss": 10.15672159199588, "neff": 1.4491493682862204}, "5": {"wavelength": 1050, "bend_radius": 0.2, "n": 1.4497997593262841, "loss": 10.1846246618164, "neff": 1.449148247698397}, "6": {"wavelength": 1050, "bend_radius": 0.2, "n": 1.4497997593262841, "loss": 10.216870513249534, "neff": 1.4491481496694074}}