{"1": {"loss": -1.7914537101236035e-11, "neff": 1.4508247179530425}, "2": {"loss": 1.8298712946446722e-11, "neff": 1.4508231094685176}, "3": {"loss": 4.152671033408598, "neff": 1.449492911279517}, "4": {"loss": 4.324370284258103, "neff": 1.4494923538638307}, "5": {"loss": 4.328308952965152, "neff": 1.449491200704316}, "6": {"loss": 4.106026262886997, "neff": 1.4494911484966428}}