{"1": {"wavelength": 930, "bend_radius": 0.2, "n": 1.4513350097137934, "loss": -9.530265293488093e-12, "neff": 1.4522450505539914}, "2": {"wavelength": 930, "bend_radius": 0.2, "n": 1.4513350097137934, "loss": 5.307309502855819e-13, "neff": 1.4522433844428244}, "3": {"wavelength": 930, "bend_radius": 0.2, "n": 1.4513350097137934, "loss": 1.56971585772248, "neff": 1.4509696075296736}, "4": {"wavelength": 930, "bend_radius": 0.2, "n": 1.4513350097137934, "loss": 1.6879242889282462, "neff": 1.4509688831753287}, "5": {"wavelength": 930, "bend_radius": 0.2, "n": 1.4513350097137934, "loss": 1.5055519197849938, "neff": 1.4509680060799366}, "6": {"wavelength": 930, "bend_radius": 0.2, "n": 1.4513350097137934, "loss": 1.6449649859490572, "neff": 1.450967792919577}}