{"wavelength": 830, "bend_radius": 0, "1": {"n": 1.452815646249081, "loss": 1.2564111751026453e-12, "neff": 1.4538704537313483}, "2": {"n": 1.452815646249081, "loss": 1.1181460056427094e-12, "neff": 1.4538686580144964}, "3": {"n": 1.452815646249081, "loss": 0.12294513430900397, "neff": 1.4527007229928484}, "4": {"n": 1.452815646249081, "loss": 0.1647771769624494, "neff": 1.4526993416858744}, "5": {"n": 1.452815646249081, "loss": 0.12137453280943324, "neff": 1.4526984309182187}, "6": {"n": 1.452815646249081, "loss": 0.16391077923239986, "neff": 1.4526983076196418}}