{"1": {"wavelength": 900, "bend_radius": 0.01, "n": 1.4517539550240655, "loss": 0.38104642088735613, "neff": 1.4528039947629783}, "2": {"wavelength": 900, "bend_radius": 0.01, "n": 1.4517539550240655, "loss": 0.3856069392908441, "neff": 1.4528025054708817}, "3": {"wavelength": 900, "bend_radius": 0.01, "n": 1.4517539550240655, "loss": 20.057742683746017, "neff": 1.4516903012935423}, "4": {"wavelength": 900, "bend_radius": 0.01, "n": 1.4517539550240655, "loss": 19.97237235079406, "neff": 1.4516902119910846}, "5": {"wavelength": 900, "bend_radius": 0.01, "n": 1.4517539550240655, "loss": 6.629726466691217, "neff": 1.4516015963106865}, "6": {"wavelength": 900, "bend_radius": 0.01, "n": 1.4517539550240655, "loss": 6.673168084965367, "neff": 1.451600543187383}}