{"1": {"loss": 2.165898656794249, "neff": 1.4508742230812166}, "2": {"loss": 2.1747756274470853, "neff": 1.4508728296204527}, "3": {"loss": 71.80803983906868, "neff": 1.4496345911522042}, "4": {"loss": 71.78511677945504, "neff": 1.449633807771626}, "5": {"loss": 29.021807044132313, "neff": 1.4495487329293035}, "6": {"loss": 29.035186588768497, "neff": 1.449548051102534}}