{"wavelength": 840, "bend_radius": 0.025, "1": {"n": 1.4526553936728075, "loss": 0.0013978180246978953, "neff": 1.4537102183890507}, "2": {"n": 1.4526553936728075, "loss": 0.001428106552002211, "neff": 1.4537084650438854}, "3": {"n": 1.4526553936728075, "loss": 1.0657170933855538, "neff": 1.45254630836434}, "4": {"n": 1.4526553936728075, "loss": 1.073737462188623, "neff": 1.4525458437624466}, "5": {"n": 1.4526553936728075, "loss": 0.4528608882444661, "neff": 1.4525346790124896}, "6": {"n": 1.4526553936728075, "loss": 0.4579522066113913, "neff": 1.4525327659750806}}