{"1": {"loss": 1.0214658955974047, "neff": 1.450954291980035}, "2": {"loss": 1.0260020585015825, "neff": 1.4509528271166636}, "3": {"loss": 41.39194769156171, "neff": 1.4497771925733587}, "4": {"loss": 41.382716440918884, "neff": 1.4497763609004093}, "5": {"loss": 15.410316707169484, "neff": 1.449686835698058}, "6": {"loss": 15.437446160506655, "neff": 1.4496859401622924}}