{"1": {"loss": 0.0003970849922267375, "neff": 1.4510347742256777}, "2": {"loss": 0.00038861695201333616, "neff": 1.451033010920849}, "3": {"loss": 0.9352097218334134, "neff": 1.4498555760365874}, "4": {"loss": 0.9338492872055972, "neff": 1.4498548558216515}, "5": {"loss": 0.44852266613758557, "neff": 1.4498471815297524}, "6": {"loss": 0.45001471511374436, "neff": 1.4498452497594099}}