{"1": {"wavelength": 980, "bend_radius": 0.03, "n": 1.4506723353352597, "loss": 0.01876969634328184, "neff": 1.4515221039541062}, "2": {"wavelength": 980, "bend_radius": 0.03, "n": 1.4506723353352597, "loss": 0.018563756470671506, "neff": 1.4515205322566462}, "3": {"wavelength": 980, "bend_radius": 0.03, "n": 1.4506723353352597, "loss": 7.191752268967419, "neff": 1.450212415396802}, "4": {"wavelength": 980, "bend_radius": 0.03, "n": 1.4506723353352597, "loss": 7.2563278006716105, "neff": 1.450212281762532}, "5": {"wavelength": 980, "bend_radius": 0.03, "n": 1.4506723353352597, "loss": 4.6661386535196305, "neff": 1.4502020388310046}, "6": {"wavelength": 980, "bend_radius": 0.03, "n": 1.4506723353352597, "loss": 4.69311066401325, "neff": 1.4502011770271896}}