{"1": {"loss": -1.5645450449573156e-08, "neff": 1.4508537587168935}, "2": {"loss": 1.495428208278694e-08, "neff": 1.450852125995361}, "3": {"loss": 3.4952406198396955, "neff": 1.449541696881262}, "4": {"loss": 4.08748638376796, "neff": 1.4495416767250044}, "5": {"loss": 3.688073641559461, "neff": 1.449540462673629}, "6": {"loss": 3.2431163429784324, "neff": 1.4495399012273031}}