{"1": {"n": 1.4509326937135074, "loss": 0.07818434936376968, "neff": 1.4518243205874282}, "2": {"n": 1.4509326937135074, "loss": 0.08006790388413317, "neff": 1.4518227496080671}, "3": {"n": 1.4509326937135074, "loss": 9.755950577633923, "neff": 1.4505535892284742}, "4": {"n": 1.4509326937135074, "loss": 9.8191133676071, "neff": 1.4505534746551354}, "5": {"n": 1.4509326937135074, "loss": 4.710466685553763, "neff": 1.4505298272062834}, "6": {"n": 1.4509326937135074, "loss": 4.7393066610992225, "neff": 1.4505288741293223}, "wavelength": 960, "bend_radius": 0.02}