{"1": {"loss": -4.8175141681017335e-11, "neff": 1.450982006590335}, "2": {"loss": 4.717285945194507e-11, "neff": 1.450980261218408}, "3": {"loss": 0.5542658039997732, "neff": 1.4497591241485106}, "4": {"loss": 0.5419947872903346, "neff": 1.4497587878409242}, "5": {"loss": 0.5357799032532105, "neff": 1.4497577337038756}, "6": {"loss": 0.5608907643122099, "neff": 1.449756988396139}}