{"1": {"loss": 0.0005674128550937458, "neff": 1.4510202993649717}, "2": {"loss": 0.000554637202484588, "neff": 1.4510185475890285}, "3": {"loss": 1.1244044996862528, "neff": 1.4498308024594917}, "4": {"loss": 1.1233257484870904, "neff": 1.4498300993301263}, "5": {"loss": 0.5536629245120089, "neff": 1.4498220674391025}, "6": {"loss": 0.55538815915717, "neff": 1.4498202170820345}}