{"1": {"loss": 0.00506229966793178, "neff": 1.4509200911179498}, "2": {"loss": 0.004945104969004207, "neff": 1.4509184245700428}, "3": {"loss": 3.523908919721282, "neff": 1.4496612461641663}, "4": {"loss": 3.531666621847297, "neff": 1.4496606367020997}, "5": {"loss": 2.049389768675596, "neff": 1.44965081753758}, "6": {"loss": 2.0511881385080253, "neff": 1.449649474357483}}