{"wavelength": 830, "bend_radius": 0.02, "1": {"n": 1.452815646249081, "loss": 0.00467377368721581, "neff": 1.4538933377399268}, "2": {"n": 1.452815646249081, "loss": 0.0047611238375138126, "neff": 1.4538915895244002}, "3": {"n": 1.452815646249081, "loss": 1.3602153774398218, "neff": 1.452750483335334}, "4": {"n": 1.452815646249081, "loss": 1.3708504394892005, "neff": 1.4527500357988938}, "5": {"n": 1.452815646249081, "loss": 0.5002584845349988, "neff": 1.452731985684614}, "6": {"n": 1.452815646249081, "loss": 0.5062209983412669, "neff": 1.452730028421606}}