{"1": {"loss": 4.623730951509537e-06, "neff": 1.451000114116717}, "2": {"loss": 5.957932318536618e-06, "neff": 1.450998363584257}, "3": {"loss": 0.8093409280510432, "neff": 1.4497923390055554}, "4": {"loss": 0.7951588102164374, "neff": 1.4497917113057628}, "5": {"loss": 0.5249921393982632, "neff": 1.4497888728039687}, "6": {"loss": 0.5191789270355041, "neff": 1.4497871241884919}}