{"1": {"n": 1.452044078932333, "loss": 0.0011447686419619402, "neff": 1.4530363064838003}, "2": {"n": 1.452044078932333, "loss": 0.0011260220732235, "neff": 1.4530345945909773}, "3": {"n": 1.452044078932333, "loss": 1.6316837510093973, "neff": 1.4518250088318108}, "4": {"n": 1.452044078932333, "loss": 1.6432008495557338, "neff": 1.4518246421887144}, "5": {"n": 1.452044078932333, "loss": 0.8520656679230626, "neff": 1.4518161464393309}, "6": {"n": 1.452044078932333, "loss": 0.8597220194054795, "neff": 1.451814563019287}, "wavelength": 880, "bend_radius": 0.03}