{"1": {"loss": 0.8925743608593405, "neff": 1.4509677736015552}, "2": {"loss": 0.8966628599761027, "neff": 1.4509662966357957}, "3": {"loss": 37.488391500920756, "neff": 1.4498008027895177}, "4": {"loss": 37.48053255317921, "neff": 1.4497999634600551}, "5": {"loss": 13.748114108011757, "neff": 1.4497099552204484}, "6": {"loss": 13.775778664226038, "neff": 1.4497090189983055}}