{"1": {"loss": 0.00018959543570460635, "neff": 1.450943882226751}, "2": {"loss": 0.00017093741359205567, "neff": 1.450942182339215}, "3": {"loss": 1.850595544484385, "neff": 1.4496975628866784}, "4": {"loss": 1.8379904648381569, "neff": 1.4496969608217665}, "5": {"loss": 1.2345627696017347, "neff": 1.4496922651563142}, "6": {"loss": 1.2340917070212185, "neff": 1.4496907902804193}}