{"wavelength": 810, "bend_radius": 0.075, "1": {"n": 1.453146366149297, "loss": -1.718779265150984e-11, "neff": 1.4542322046710443}, "2": {"n": 1.453146366149297, "loss": 5.566375117510358e-12, "neff": 1.4542303895889062}, "3": {"n": 1.453146366149297, "loss": 0.09338859201666216, "neff": 1.4530861600990979}, "4": {"n": 1.453146366149297, "loss": 0.13831904092714287, "neff": 1.4530857110288862}, "5": {"n": 1.453146366149297, "loss": 0.1297502749780963, "neff": 1.4530847572209482}, "6": {"n": 1.453146366149297, "loss": 0.08931716614750851, "neff": 1.4530835784646001}}