{"1": {"loss": 0.518867794558661, "neff": 1.4508286133045485}, "2": {"loss": 0.5235787977450284, "neff": 1.4508271172081681}, "3": {"loss": 30.228428427517432, "neff": 1.4495312814854444}, "4": {"loss": 30.21593254932965, "neff": 1.4495306448054628}, "5": {"loss": 13.757890053331215, "neff": 1.4494883919945012}, "6": {"loss": 13.757730148042679, "neff": 1.4494875877624767}}