{"1": {"loss": 6.0095358906424206e-05, "neff": 1.450928364368486}, "2": {"loss": 6.383152003058334e-05, "neff": 1.4509266746844727}, "3": {"loss": 1.9307248546190563, "neff": 1.4496703337469974}, "4": {"loss": 1.9092668022260986, "neff": 1.4496697619974916}, "5": {"loss": 1.426858866676297, "neff": 1.4496661896542486}, "6": {"loss": 1.4223404655684757, "neff": 1.4496647945473689}}