{"1": {"loss": 8.719681034138219e-13, "neff": 1.450937942203434}, "2": {"loss": 2.040347308809678e-12, "neff": 1.450936231622216}, "3": {"loss": 1.0168289119206724, "neff": 1.4496838980911417}, "4": {"loss": 1.025734633465035, "neff": 1.4496830069389357}, "5": {"loss": 1.0279267222564357, "neff": 1.4496819219333716}, "6": {"loss": 1.0436403160512377, "neff": 1.4496819099453462}}