{"1": {"n": 1.4518978468770973, "loss": 0.06516600781569379, "neff": 1.4529073972297113}, "2": {"n": 1.4518978468770973, "loss": 0.06599832569843161, "neff": 1.4529057681749}, "3": {"n": 1.4518978468770973, "loss": 6.634905468471986, "neff": 1.451730608272647}, "4": {"n": 1.4518978468770973, "loss": 6.677937962300491, "neff": 1.4517304364285346}, "5": {"n": 1.4518978468770973, "loss": 2.412695204581636, "neff": 1.4516906909667224}, "6": {"n": 1.4518978468770973, "loss": 2.432490609663698, "neff": 1.451689330122304}, "wavelength": 890, "bend_radius": 0.015}