{"1": {"loss": -3.5915056481656723e-12, "neff": 1.4509380476119713}, "2": {"loss": -8.209361201127972e-12, "neff": 1.450936337220692}, "3": {"loss": 1.023767972283873, "neff": 1.449684060938444}, "4": {"loss": 1.0562367320798298, "neff": 1.44968324109891}, "5": {"loss": 1.0270241397154911, "neff": 1.4496821778358349}, "6": {"loss": 1.0527685044805548, "neff": 1.4496820890613678}}