{"wavelength": 830, "bend_radius": 0.075, "1": {"n": 1.452815646249081, "loss": -3.297392203701638e-11, "neff": 1.4538720717915457}, "2": {"n": 1.452815646249081, "loss": 3.552913992303826e-11, "neff": 1.4538702793896765}, "3": {"n": 1.452815646249081, "loss": 0.17203097989855598, "neff": 1.4527030784336574}, "4": {"n": 1.452815646249081, "loss": 0.22351236947881767, "neff": 1.4527027857609411}, "5": {"n": 1.452815646249081, "loss": 0.20868414446173206, "neff": 1.4527018370856544}, "6": {"n": 1.452815646249081, "loss": 0.16283140470855922, "neff": 1.452700625180815}}