{"1": {"loss": 6.970275026104863e-13, "neff": 1.4510101244636984}, "2": {"loss": 1.5325257893411289e-12, "neff": 1.4510083541221772}, "3": {"loss": 0.33062981464525876, "neff": 1.4498078643619636}, "4": {"loss": 0.3602830248343817, "neff": 1.44980678745797}, "5": {"loss": 0.4450569320021569, "neff": 1.4498057514074767}, "6": {"loss": 0.3684950703140235, "neff": 1.4498056131110135}}