{"1": {"loss": -1.1168212433836627e-11, "neff": 1.4508669744680538}, "2": {"loss": 1.4237741939535354e-11, "neff": 1.45086532734649}, "3": {"loss": 2.502449421857544, "neff": 1.449563882289959}, "4": {"loss": 2.5427391141181075, "neff": 1.4495632788942265}, "5": {"loss": 2.721980999783084, "neff": 1.449562144651517}, "6": {"loss": 2.6524387611683378, "neff": 1.4495621097731788}}