{"1": {"n": 1.4500438058602083, "loss": -1.6099412112358324e-09, "neff": 1.4508126692561298}, "2": {"n": 1.4500438058602083, "loss": 1.5841636146120576e-09, "neff": 1.4508111477913617}, "3": {"n": 1.4500438058602083, "loss": 7.86748916981107, "neff": 1.4494402064564424}, "4": {"n": 1.4500438058602083, "loss": 7.849732840087534, "neff": 1.4494397848066047}, "5": {"n": 1.4500438058602083, "loss": 7.8112304938501085, "neff": 1.4494386888836701}, "6": {"n": 1.4500438058602083, "loss": 7.909630558242932, "neff": 1.4494385997217092}, "wavelength": 1030, "bend_radius": 0.3}