{"1": {"loss": 0.0006747969289759015, "neff": 1.4509457050208}, "2": {"loss": 0.0007508979117125162, "neff": 1.4509440084101304}, "3": {"loss": 2.1460515624933154, "neff": 1.4497020962594016}, "4": {"loss": 2.150003993152248, "neff": 1.4497014783872801}, "5": {"loss": 1.3170196265642307, "neff": 1.449694928517927}, "6": {"loss": 1.3177030984763414, "neff": 1.4496934488204947}}