{"1": {"loss": 1.7298595594728908e-12, "neff": 1.4509522798603103}, "2": {"loss": -1.8053647249870286e-12, "neff": 1.4509505569632228}, "3": {"loss": 0.8503130150565908, "neff": 1.449708336086545}, "4": {"loss": 0.8098223786699286, "neff": 1.449707395243113}, "5": {"loss": 0.8647988626600106, "neff": 1.449706321328565}, "6": {"loss": 0.8258441342953884, "neff": 1.4497062994586143}}