{"1": {"wavelength": 940, "bend_radius": 0.015, "n": 1.451199202758338, "loss": 0.1579245530646221, "neff": 1.4521381425411723}, "2": {"wavelength": 940, "bend_radius": 0.015, "n": 1.451199202758338, "loss": 0.16010136477933806, "neff": 1.4521365850247794}, "3": {"wavelength": 940, "bend_radius": 0.015, "n": 1.451199202758338, "loss": 12.746219896963764, "neff": 1.4509134629361835}, "4": {"wavelength": 940, "bend_radius": 0.015, "n": 1.451199202758338, "loss": 12.810858358415702, "neff": 1.4509133954234583}, "5": {"wavelength": 940, "bend_radius": 0.015, "n": 1.451199202758338, "loss": 5.108165287344037, "neff": 1.450871777789995}, "6": {"wavelength": 940, "bend_radius": 0.015, "n": 1.451199202758338, "loss": 5.139655698804651, "neff": 1.450870759680505}}