{"1": {"wavelength": 1020, "bend_radius": 0.1, "n": 1.450167267865247, "loss": -2.2865904074277195e-07, "neff": 1.4509509513760008}, "2": {"wavelength": 1020, "bend_radius": 0.1, "n": 1.450167267865247, "loss": 2.3245428686298705e-07, "neff": 1.4509494169730373}, "3": {"wavelength": 1020, "bend_radius": 0.1, "n": 1.450167267865247, "loss": 6.5527472677071685, "neff": 1.4495887347214385}, "4": {"wavelength": 1020, "bend_radius": 0.1, "n": 1.450167267865247, "loss": 6.441838492703008, "neff": 1.449588552904478}, "5": {"wavelength": 1020, "bend_radius": 0.1, "n": 1.450167267865247, "loss": 6.580495521871573, "neff": 1.4495874407420435}, "6": {"wavelength": 1020, "bend_radius": 0.1, "n": 1.450167267865247, "loss": 6.970647764184916, "neff": 1.4495870866303935}}