{"1": {"loss": -4.19890244549543e-12, "neff": 1.451024653626721}, "2": {"loss": -6.218710627482267e-12, "neff": 1.4510228718658753}, "3": {"loss": 0.2555838736866005, "neff": 1.449833157874645}, "4": {"loss": 0.31720324869005717, "neff": 1.4498320291775255}, "5": {"loss": 0.27642429236795696, "neff": 1.4498309914781737}, "6": {"loss": 0.2978601130695061, "neff": 1.4498308431760893}}