{"1": {"loss": -3.319739082915835e-10, "neff": 1.4508389729549223}, "2": {"loss": 3.224085869145647e-10, "neff": 1.450837351907638}, "3": {"loss": 3.5954321747070197, "neff": 1.4495168203623363}, "4": {"loss": 3.6369948181900917, "neff": 1.449516372378491}, "5": {"loss": 3.9359411938640463, "neff": 1.44951522127531}, "6": {"loss": 3.783867305775795, "neff": 1.4495151258304118}}