{"1": {"loss": 2.0456422579060706e-12, "neff": 1.4509668917485115}, "2": {"loss": -4.71955514795696e-12, "neff": 1.4509651571088662}, "3": {"loss": 0.7273212663480847, "neff": 1.4497332858888259}, "4": {"loss": 0.8118768826660501, "neff": 1.4497324612576208}, "5": {"loss": 0.8853702226416535, "neff": 1.449731425335648}, "6": {"loss": 0.7039084119045985, "neff": 1.4497312215907419}}