{"1": {"loss": -6.835438910286863e-08, "neff": 1.4508545243776543}, "2": {"loss": 3.36482710806169e-07, "neff": 1.45085289297329}, "3": {"loss": 3.2391390120364134, "neff": 1.4495435614387178}, "4": {"loss": 3.2558690934424406, "neff": 1.4495432702412399}, "5": {"loss": 3.256232699529179, "neff": 1.4495419534191833}, "6": {"loss": 3.250512675291943, "neff": 1.449541081653276}}