{"1": {"n": 1.450167267865247, "loss": -3.6450268405512602e-09, "neff": 1.4509501938626121}, "2": {"n": 1.450167267865247, "loss": 3.5454717025050643e-09, "neff": 1.4509486578653052}, "3": {"n": 1.450167267865247, "loss": 6.840272472706177, "neff": 1.4495873390502345}, "4": {"n": 1.450167267865247, "loss": 6.6749429971696035, "neff": 1.4495869277023534}, "5": {"n": 1.450167267865247, "loss": 6.891495372870991, "neff": 1.4495858843841405}, "6": {"n": 1.450167267865247, "loss": 6.73486510902024, "neff": 1.4495857536927712}, "wavelength": 1020, "bend_radius": 0.2}