{"1": {"loss": 2.4280121149763452e-06, "neff": 1.4509704122989557}, "2": {"loss": 3.2752765189544117e-06, "neff": 1.4509686840667242}, "3": {"loss": 1.0443805492338383, "neff": 1.4497409478026444}, "4": {"loss": 1.0299532117037438, "neff": 1.4497403750952045}, "5": {"loss": 0.7744661135080352, "neff": 1.4497380297119637}, "6": {"loss": 0.763259623608224, "neff": 1.449736453827856}}