{"wavelength": 810, "bend_radius": 0.045, "1": {"n": 1.453146366149297, "loss": 1.404456409699539e-07, "neff": 1.4542350599469018}, "2": {"n": 1.453146366149297, "loss": 1.9397485845780225e-07, "neff": 1.454233250596241}, "3": {"n": 1.453146366149297, "loss": 0.23747791489485662, "neff": 1.453091695523157}, "4": {"n": 1.453146366149297, "loss": 0.2260916151859478, "neff": 1.4530911886887385}, "5": {"n": 1.453146366149297, "loss": 0.13420928331055, "neff": 1.4530895727144613}, "6": {"n": 1.453146366149297, "loss": 0.12449340544510941, "neff": 1.4530874386682942}}