{"1": {"wavelength": 1000, "bend_radius": 0, "n": 1.450417409406875, "loss": -3.1608970477451475e-11, "neff": 1.4512280493925926}, "2": {"wavelength": 1000, "bend_radius": 0, "n": 1.450417409406875, "loss": 2.8662451857461996e-11, "neff": 1.4512264833522586}, "3": {"wavelength": 1000, "bend_radius": 0, "n": 1.450417409406875, "loss": 5.038630982746183, "neff": 1.4498841295338263}, "4": {"wavelength": 1000, "bend_radius": 0, "n": 1.450417409406875, "loss": 5.146703447894477, "neff": 1.4498835747651606}, "5": {"wavelength": 1000, "bend_radius": 0, "n": 1.450417409406875, "loss": 5.011247455505006, "neff": 1.4498825210761561}, "6": {"wavelength": 1000, "bend_radius": 0, "n": 1.450417409406875, "loss": 5.177771633190391, "neff": 1.4498824404181854}}