{"1": {"wavelength": 1050, "bend_radius": 0.075, "n": 1.4497997593262841, "loss": 7.673941698865118e-05, "neff": 1.4505426092235467}, "2": {"wavelength": 1050, "bend_radius": 0.075, "n": 1.4497997593262841, "loss": 2.3021549293289844e-05, "neff": 1.4505411210583647}, "3": {"wavelength": 1050, "bend_radius": 0.075, "n": 1.4497997593262841, "loss": 11.531173208007084, "neff": 1.4491527958436727}, "4": {"wavelength": 1050, "bend_radius": 0.075, "n": 1.4497997593262841, "loss": 11.601630293899511, "neff": 1.449152714932518}, "5": {"wavelength": 1050, "bend_radius": 0.075, "n": 1.4497997593262841, "loss": 10.619675634647637, "neff": 1.4491511401727324}, "6": {"wavelength": 1050, "bend_radius": 0.075, "n": 1.4497997593262841, "loss": 10.696464756687028, "neff": 1.4491507705877074}}