{"1": {"wavelength": 1030, "bend_radius": 0.045, "n": 1.4500438058602083, "loss": 0.004791791121638399, "neff": 1.4508175780541077}, "2": {"wavelength": 1030, "bend_radius": 0.045, "n": 1.4500438058602083, "loss": 0.003966285336894003, "neff": 1.4508160668981984}, "3": {"wavelength": 1030, "bend_radius": 0.045, "n": 1.4500438058602083, "loss": 9.49601551874489, "neff": 1.449451163744353}, "4": {"wavelength": 1030, "bend_radius": 0.045, "n": 1.4500438058602083, "loss": 9.482757229682775, "neff": 1.4494511129714982}, "5": {"wavelength": 1030, "bend_radius": 0.045, "n": 1.4500438058602083, "loss": 8.524014121010698, "neff": 1.449446769445842}, "6": {"wavelength": 1030, "bend_radius": 0.045, "n": 1.4500438058602083, "loss": 8.570534557416748, "neff": 1.4494461989086962}}