{"1": {"loss": 0.00306240562398009, "neff": 1.4508309525345269}, "2": {"loss": 0.0031701720451177084, "neff": 1.450829354554552}, "3": {"loss": 5.9908186348081385, "neff": 1.4495076718185866}, "4": {"loss": 5.948242145964512, "neff": 1.4495071451154642}, "5": {"loss": 4.728478339278912, "neff": 1.4495016813612625}, "6": {"loss": 4.724635245498778, "neff": 1.4495006902707976}}