{"wavelength": 830, "bend_radius": 0.01, "1": {"n": 1.452815646249081, "loss": 0.11538079646391874, "neff": 1.4539638771023544}, "2": {"n": 1.452815646249081, "loss": 0.11689506228754414, "neff": 1.4539622845140843}, "3": {"n": 1.452815646249081, "loss": 8.18684253834082, "neff": 1.452915562392716}, "4": {"n": 1.452815646249081, "loss": 8.23403849324387, "neff": 1.4529155414909534}, "5": {"n": 1.452815646249081, "loss": 2.340416555238973, "neff": 1.4528316662688017}, "6": {"n": 1.452815646249081, "loss": 2.363627443804515, "neff": 1.452830149451957}}