{"1": {"loss": 4.689523131610503e-07, "neff": 1.4508264888737779}, "2": {"loss": 1.0064533734016704e-06, "neff": 1.4508248833737796}, "3": {"loss": 4.656274818494705, "neff": 1.4494965528057018}, "4": {"loss": 4.636254017643708, "neff": 1.4494962555793172}, "5": {"loss": 4.523379565440725, "neff": 1.449494868257075}, "6": {"loss": 4.452947820438628, "neff": 1.4494940841727304}}