{"1": {"wavelength": 970, "bend_radius": 0.1, "n": 1.4508017923282956, "loss": -1.5881485289390402e-08, "neff": 1.4516556671856273}, "2": {"wavelength": 970, "bend_radius": 0.1, "n": 1.4508017923282956, "loss": 1.5264286119649186e-08, "neff": 1.4516540594990257}, "3": {"wavelength": 970, "bend_radius": 0.1, "n": 1.4508017923282956, "loss": 3.696894266143501, "neff": 1.4503414137681363}, "4": {"wavelength": 970, "bend_radius": 0.1, "n": 1.4508017923282956, "loss": 4.209679592668024, "neff": 1.4503411852624255}, "5": {"wavelength": 970, "bend_radius": 0.1, "n": 1.4508017923282956, "loss": 3.7889350789932754, "neff": 1.450340199425358}, "6": {"wavelength": 970, "bend_radius": 0.1, "n": 1.4508017923282956, "loss": 3.445574899111298, "neff": 1.4503396791754313}}