{"1": {"loss": 0.014329928798381202, "neff": 1.450863741172049}, "2": {"loss": 0.01405924724788835, "neff": 1.4508621255997645}, "3": {"loss": 6.1514520720612245, "neff": 1.449566649716267}, "4": {"loss": 6.173547213031913, "neff": 1.449566078226747}, "5": {"loss": 3.883494098757201, "neff": 1.4495557652747948}, "6": {"loss": 3.8822800331294958, "neff": 1.449554662240381}}