{"1": {"loss": 0.004122526047455964, "neff": 1.450817024380486}, "2": {"loss": 0.004347693985228556, "neff": 1.4508154393601609}, "3": {"loss": 6.830357599369281, "neff": 1.4494843104654616}, "4": {"loss": 6.780794716980113, "neff": 1.4494837911459588}, "5": {"loss": 5.4821439456871435, "neff": 1.4494782865897329}, "6": {"loss": 5.476893881632037, "neff": 1.4494773467571083}}