{"1": {"wavelength": 1030, "bend_radius": 0.035, "n": 1.4500438058602083, "loss": 0.024075739409536414, "neff": 1.4508208654975847}, "2": {"wavelength": 1030, "bend_radius": 0.035, "n": 1.4500438058602083, "loss": 0.024859148760205937, "neff": 1.4508193612155802}, "3": {"wavelength": 1030, "bend_radius": 0.035, "n": 1.4500438058602083, "loss": 11.426128228987029, "neff": 1.4494590472780673}, "4": {"wavelength": 1030, "bend_radius": 0.035, "n": 1.4500438058602083, "loss": 11.460350571319907, "neff": 1.4494589984017288}, "5": {"wavelength": 1030, "bend_radius": 0.035, "n": 1.4500438058602083, "loss": 8.926908609732678, "neff": 1.44945151999007}, "6": {"wavelength": 1030, "bend_radius": 0.035, "n": 1.4500438058602083, "loss": 8.965869456861356, "neff": 1.4494509401081053}}