{"1": {"n": 1.451199202758338, "loss": 0.6920563954808923, "neff": 1.4521941341205633}, "2": {"n": 1.451199202758338, "loss": 0.6997216510859656, "neff": 1.4521927049520906}, "3": {"n": 1.451199202758338, "loss": 31.179087643864396, "neff": 1.451041015865914}, "4": {"n": 1.451199202758338, "loss": 31.066032605208054, "neff": 1.4510408750549446}, "5": {"n": 1.451199202758338, "loss": 11.062543689337701, "neff": 1.4509524381262717}, "6": {"n": 1.451199202758338, "loss": 11.119429964463208, "neff": 1.45095160705296}, "wavelength": 940, "bend_radius": 0.01}