{"1": {"loss": -1.8200481030041071e-10, "neff": 1.4507691025003346}, "2": {"loss": 1.9626563538636816e-10, "neff": 1.4507675461162437}, "3": {"loss": 7.466517617633289, "neff": 1.4493996594795293}, "4": {"loss": 7.3639974332416145, "neff": 1.4493992296254898}, "5": {"loss": 7.391476365988163, "neff": 1.4493980292426107}, "6": {"loss": 7.422186487004171, "neff": 1.4493979453718369}}