{"1": {"loss": 1.3861553260866495e-12, "neff": 1.4509093882381805}, "2": {"loss": 4.687772028257064e-12, "neff": 1.450907702669985}, "3": {"loss": 1.4654474803752018, "neff": 1.449635447545083}, "4": {"loss": 1.6145407243483239, "neff": 1.4496346505147784}, "5": {"loss": 1.6279956791643708, "neff": 1.4496335463042587}, "6": {"loss": 1.462325443412118, "neff": 1.4496335403522478}}