{"1": {"n": 1.450417409406875, "loss": -2.666944991393539e-10, "neff": 1.451228160304287}, "2": {"n": 1.450417409406875, "loss": 2.722039146870964e-10, "neff": 1.4512265944990863}, "3": {"n": 1.450417409406875, "loss": 5.035008966678189, "neff": 1.449884313221901}, "4": {"n": 1.450417409406875, "loss": 5.0497313590641015, "neff": 1.4498837974048147}, "5": {"n": 1.450417409406875, "loss": 5.1002104831108515, "neff": 1.449882769670026}, "6": {"n": 1.450417409406875, "loss": 5.093025503269701, "neff": 1.449882664299352}, "wavelength": 1000, "bend_radius": 0.3}