{"1": {"wavelength": 1040, "bend_radius": 0.035, "n": 1.4499213245971632, "loss": 0.030647816402557326, "neff": 1.4506845476605992}, "2": {"wavelength": 1040, "bend_radius": 0.035, "n": 1.4499213245971632, "loss": 0.03136311777331884, "neff": 1.4506830582404466}, "3": {"wavelength": 1040, "bend_radius": 0.035, "n": 1.4499213245971632, "loss": 12.848082675985337, "neff": 1.4493131813773228}, "4": {"wavelength": 1040, "bend_radius": 0.035, "n": 1.4499213245971632, "loss": 12.877882656674913, "neff": 1.4493131496819625}, "5": {"wavelength": 1040, "bend_radius": 0.035, "n": 1.4499213245971632, "loss": 10.186040340588038, "neff": 1.4493056734915273}, "6": {"wavelength": 1040, "bend_radius": 0.035, "n": 1.4499213245971632, "loss": 10.228202503422184, "neff": 1.4493051448902654}}