{"1": {"loss": 0.3310054444051876, "neff": 1.4507675273569003}, "2": {"loss": 0.3374937137125657, "neff": 1.4507660373527316}, "3": {"loss": 26.093428976176128, "neff": 1.4494146479754475}, "4": {"loss": 26.07070537437389, "neff": 1.4494140873995665}, "5": {"loss": 14.569607392937996, "neff": 1.4493902717162621}, "6": {"loss": 14.551339841191895, "neff": 1.4493895605302665}}