{"wavelength": 820, "bend_radius": 0.02, "1": {"n": 1.4529792357022007, "loss": 0.003598109906171939, "neff": 1.4540715201970038}, "2": {"n": 1.4529792357022007, "loss": 0.0036648142021125075, "neff": 1.4540697598052372}, "3": {"n": 1.4529792357022007, "loss": 1.1284702518778875, "neff": 1.4529389844900549}, "4": {"n": 1.4529792357022007, "loss": 1.1375171569351907, "neff": 1.4529385031152795}, "5": {"n": 1.4529792357022007, "loss": 0.4051724994735432, "neff": 1.4529212518831147}, "6": {"n": 1.4529792357022007, "loss": 0.41022352875047363, "neff": 1.4529192022853445}}