{"wavelength": 820, "bend_radius": 0, "1": {"n": 1.4529792357022007, "loss": 3.2447061775908594e-12, "neff": 1.4540487407439873}, "2": {"n": 1.4529792357022007, "loss": -4.230139001777385e-12, "neff": 1.4540469335724737}, "3": {"n": 1.4529792357022007, "loss": 0.09305414062754223, "neff": 1.4528904377842162}, "4": {"n": 1.4529792357022007, "loss": 0.13959650473034774, "neff": 1.452889003214578}, "5": {"n": 1.4529792357022007, "loss": 0.09122137655845912, "neff": 1.4528880796693369}, "6": {"n": 1.4529792357022007, "loss": 0.14134131931559232, "neff": 1.452887949207747}}