{"1": {"n": 1.4506723353352597, "loss": 0.00019317218529061445, "neff": 1.4515150553100629}, "2": {"n": 1.4506723353352597, "loss": 0.00026227659817704374, "neff": 1.4515134684634954}, "3": {"n": 1.4506723353352597, "loss": 4.512566168526189, "neff": 1.4501951257581533}, "4": {"n": 1.4506723353352597, "loss": 4.529641136740904, "neff": 1.4501949950030901}, "5": {"n": 1.4506723353352597, "loss": 4.047198859939955, "neff": 1.4501917606780943}, "6": {"n": 1.4506723353352597, "loss": 4.066815803426455, "neff": 1.450190917559682}, "wavelength": 980, "bend_radius": 0.05}