{"1": {"loss": 9.631796677897517e-05, "neff": 1.4509141361589992}, "2": {"loss": 9.80856664152184e-05, "neff": 1.4509124590352076}, "3": {"loss": 2.26430732212117, "neff": 1.449646328170342}, "4": {"loss": 2.240885274568216, "neff": 1.44964576634748}, "5": {"loss": 1.7126648745617885, "neff": 1.4496420813529205}, "6": {"loss": 1.7083095648904223, "neff": 1.4496407513732656}}