{"1": {"wavelength": 860, "bend_radius": 0.005, "n": 1.4523441428045392, "loss": 8.553505598968895, "neff": 1.4537780737758004}, "2": {"wavelength": 860, "bend_radius": 0.005, "n": 1.4523441428045392, "loss": 8.627037633996236, "neff": 1.4537774166445536}, "3": {"wavelength": 860, "bend_radius": 0.005, "n": 1.4523441428045392, "loss": 89.6269860442195, "neff": 1.4529629176571368}, "4": {"wavelength": 860, "bend_radius": 0.005, "n": 1.4523441428045392, "loss": 89.79594292643905, "neff": 1.4529625729943645}, "5": {"wavelength": 860, "bend_radius": 0.005, "n": 1.4523441428045392, "loss": 41.84258799257838, "neff": 1.4527427927217436}, "6": {"wavelength": 860, "bend_radius": 0.005, "n": 1.4523441428045392, "loss": 41.97603295041402, "neff": 1.45274277416294}}