{"1": {"loss": 0.16196038535956184, "neff": 1.4511189591079185}, "2": {"loss": 0.16272642998532005, "neff": 1.4511173476307686}, "3": {"loss": 10.615733627829332, "neff": 1.450057208100717}, "4": {"loss": 10.605954568918703, "neff": 1.4500562914786665}, "5": {"loss": 3.1718901355763935, "neff": 1.449968145091648}, "6": {"loss": 3.1907506642336383, "neff": 1.4499666442280148}}