{"1": {"loss": -3.2111897203370707e-10, "neff": 1.4507553013793455}, "2": {"loss": 3.262099347253669e-10, "neff": 1.4507537580099596}, "3": {"loss": 8.569169833430784, "neff": 1.4493765112533015}, "4": {"loss": 8.358840370955498, "neff": 1.4493761094704811}, "5": {"loss": 8.394918646240964, "neff": 1.4493748961643507}, "6": {"loss": 8.53146025491683, "neff": 1.449374803974559}}