{"1": {"loss": 0.011864396155840137, "neff": 1.4509389872099736}, "2": {"loss": 0.011984392408772079, "neff": 1.450937316490049}, "3": {"loss": 3.925742681677176, "neff": 1.4496968419403633}, "4": {"loss": 3.9174800614410934, "neff": 1.4496962057456884}, "5": {"loss": 1.9893980149299617, "neff": 1.449681716455404}, "6": {"loss": 1.9939143823143717, "neff": 1.4496803198723678}}