{"1": {"wavelength": 910, "bend_radius": 0.1, "n": 1.4516122686289965, "loss": -4.0414892347068787e-10, "neff": 1.452551713632258}, "2": {"wavelength": 910, "bend_radius": 0.1, "n": 1.4516122686289965, "loss": 3.7481207525255495e-10, "neff": 1.4525500214936198}, "3": {"wavelength": 910, "bend_radius": 0.1, "n": 1.4516122686289965, "loss": 1.0991673055646753, "neff": 1.4512969013032555}, "4": {"wavelength": 910, "bend_radius": 0.1, "n": 1.4516122686289965, "loss": 1.0575710369872562, "neff": 1.4512965406765541}, "5": {"wavelength": 910, "bend_radius": 0.1, "n": 1.4516122686289965, "loss": 1.0644232369740798, "neff": 1.451295660761336}, "6": {"wavelength": 910, "bend_radius": 0.1, "n": 1.4516122686289965, "loss": 1.1264807362252143, "neff": 1.451294978614596}}