{"1": {"n": 1.4516122686289965, "loss": 0.00019331650523726014, "neff": 1.4525567003619484}, "2": {"n": 1.4516122686289965, "loss": 0.00017567673922384093, "neff": 1.4525550189365206}, "3": {"n": 1.4516122686289965, "loss": 1.8970723422580953, "neff": 1.4513085949173683}, "4": {"n": 1.4516122686289965, "loss": 1.8975795029966795, "neff": 1.4513082997139566}, "5": {"n": 1.4516122686289965, "loss": 1.2750898648168592, "neff": 1.4513036374443091}, "6": {"n": 1.4516122686289965, "loss": 1.2842537226383945, "neff": 1.4513022922647367}, "wavelength": 910, "bend_radius": 0.04}