{"1": {"n": 1.450167267865247, "loss": -1.0603151977860743e-10, "neff": 1.450949941433596}, "2": {"n": 1.450167267865247, "loss": 1.0766129947220991e-10, "neff": 1.4509484049052337}, "3": {"n": 1.450167267865247, "loss": 6.760226476272744, "neff": 1.449586915847866}, "4": {"n": 1.450167267865247, "loss": 6.723544997958203, "neff": 1.4495864305959982}, "5": {"n": 1.450167267865247, "loss": 6.740249503125084, "neff": 1.4495853335581548}, "6": {"n": 1.450167267865247, "loss": 6.764802682748533, "neff": 1.449585255472374}, "wavelength": 1020, "bend_radius": 0}