{"1": {"n": 1.4509326937135074, "loss": 7.794308091132943e-05, "neff": 1.4518036593263215}, "2": {"n": 1.4509326937135074, "loss": 0.00011296173537500212, "neff": 1.4518020435261938}, "3": {"n": 1.4509326937135074, "loss": 3.3656670453144004, "neff": 1.4505030825132081}, "4": {"n": 1.4509326937135074, "loss": 3.3734255689400388, "neff": 1.4505029143130335}, "5": {"n": 1.4509326937135074, "loss": 2.925680162691205, "neff": 1.4504998167291177}, "6": {"n": 1.4509326937135074, "loss": 2.9385278300460516, "neff": 1.450498847846579}, "wavelength": 960, "bend_radius": 0.05}