{"1": {"loss": 0.2286859272331053, "neff": 1.4510910564195825}, "2": {"loss": 0.22980045530095575, "neff": 1.4510894693792868}, "3": {"loss": 13.719975216271267, "neff": 1.4500110441522576}, "4": {"loss": 13.709634641808906, "neff": 1.4500101411364836}, "5": {"loss": 4.2816238472930355, "neff": 1.4499204822755731}, "6": {"loss": 4.3031829099284185, "neff": 1.4499191017709234}}