{"1": {"n": 1.4514726603407175, "loss": 1.1417452421705049e-05, "neff": 1.452400606731506}, "2": {"n": 1.4514726603407175, "loss": 1.69668137197681e-05, "neff": 1.4523989344619634}, "3": {"n": 1.4514726603407175, "loss": 1.7958921254070321, "neff": 1.451139405374482}, "4": {"n": 1.4514726603407175, "loss": 1.7926495328805239, "neff": 1.451139157568098}, "5": {"n": 1.4514726603407175, "loss": 1.4406446864593574, "neff": 1.4511364298018383}, "6": {"n": 1.4514726603407175, "loss": 1.442128727832059, "neff": 1.4511351873746579}, "wavelength": 920, "bend_radius": 0.05}