{"1": {"loss": 0.0025420456200588772, "neff": 1.4508889506090852}, "2": {"loss": 0.0027845640946222066, "neff": 1.4508873043839607}, "3": {"loss": 3.9292073136119945, "neff": 1.449606555220398}, "4": {"loss": 3.9343602713019044, "neff": 1.4496059804078911}, "5": {"loss": 2.6372968070219094, "neff": 1.449598862557903}, "6": {"loss": 2.636233558741274, "neff": 1.4495976420146648}}