{"1": {"wavelength": 1000, "bend_radius": 0.1, "n": 1.450417409406875, "loss": -8.181410464965275e-08, "neff": 1.451229047863493}, "2": {"wavelength": 1000, "bend_radius": 0.1, "n": 1.450417409406875, "loss": 8.085411281550271e-08, "neff": 1.4512274839407509}, "3": {"wavelength": 1000, "bend_radius": 0.1, "n": 1.450417409406875, "loss": 5.074133085802753, "neff": 1.4498859016767678}, "4": {"wavelength": 1000, "bend_radius": 0.1, "n": 1.450417409406875, "loss": 4.9051557381652895, "neff": 1.4498856971478127}, "5": {"wavelength": 1000, "bend_radius": 0.1, "n": 1.450417409406875, "loss": 5.064756365796136, "neff": 1.449884646396649}, "6": {"wavelength": 1000, "bend_radius": 0.1, "n": 1.450417409406875, "loss": 5.160840185138087, "neff": 1.449884228624505}}