{"1": {"loss": 0.0786946330254838, "neff": 1.4508130300750766}, "2": {"loss": 0.07938576248294146, "neff": 1.4508114741642923}, "3": {"loss": 12.612113021743115, "neff": 1.4494853341844753}, "4": {"loss": 12.603539543352019, "neff": 1.4494847748408295}, "5": {"loss": 7.5958678736273475, "neff": 1.4494693541533064}, "6": {"loss": 7.593790072976856, "neff": 1.449468462140723}}