{"1": {"loss": 0.03599248018523289, "neff": 1.4508685902589906}, "2": {"loss": 0.036312249161518886, "neff": 1.4508669829475775}, "3": {"loss": 7.767190764007642, "neff": 1.4495787277490604}, "4": {"loss": 7.753260157026683, "neff": 1.449578138858036}, "5": {"loss": 4.349807352265219, "neff": 1.449562852695458}, "6": {"loss": 4.352792257163813, "neff": 1.4495617575362982}}