{"1": {"n": 1.4506723353352597, "loss": 0.11157858458143534, "neff": 1.4515359573805415}, "2": {"n": 1.4506723353352597, "loss": 0.1143452216648053, "neff": 1.451534415667448}, "3": {"n": 1.4506723353352597, "loss": 12.452224554730448, "neff": 1.450245954498373}, "4": {"n": 1.4506723353352597, "loss": 12.525708827186877, "neff": 1.4502458783354797}, "5": {"n": 1.4506723353352597, "loss": 6.234271039894746, "neff": 1.4502220688267726}, "6": {"n": 1.4506723353352597, "loss": 6.268159903456629, "neff": 1.4502212377475514}, "wavelength": 980, "bend_radius": 0.02}