{"1": {"n": 1.450417409406875, "loss": 0.004239064270332675, "neff": 1.4512342997431151}, "2": {"n": 1.450417409406875, "loss": 0.004498918172461946, "neff": 1.451232747001613}, "3": {"n": 1.450417409406875, "loss": 7.036695812905937, "neff": 1.449898409647427}, "4": {"n": 1.450417409406875, "loss": 7.022071179102706, "neff": 1.4498983042611038}, "5": {"n": 1.450417409406875, "loss": 5.688819538981409, "neff": 1.4498927795398513}, "6": {"n": 1.450417409406875, "loss": 5.722941011574031, "neff": 1.4498920374055604}, "wavelength": 1000, "bend_radius": 0.04}