{"1": {"n": 1.4514726603407175, "loss": -7.502296503065138e-12, "neff": 1.4523970277348028}, "2": {"n": 1.4514726603407175, "loss": -1.9664619648496582e-12, "neff": 1.4523953477636402}, "3": {"n": 1.4514726603407175, "loss": 1.4079257921298305, "neff": 1.4511316260482252}, "4": {"n": 1.4514726603407175, "loss": 1.4914569752992906, "neff": 1.4511308604768554}, "5": {"n": 1.4514726603407175, "loss": 1.233184732068969, "neff": 1.4511299874041441}, "6": {"n": 1.4514726603407175, "loss": 1.3682860682022535, "neff": 1.4511297694222858}, "wavelength": 920, "bend_radius": 0.2}