{"1": {"wavelength": 1020, "bend_radius": 0.075, "n": 1.450167267865247, "loss": 1.0826614621708748e-05, "neff": 1.4509517373058636}, "2": {"wavelength": 1020, "bend_radius": 0.075, "n": 1.450167267865247, "loss": 5.044586632937573e-06, "neff": 1.4509502045579519}, "3": {"wavelength": 1020, "bend_radius": 0.075, "n": 1.450167267865247, "loss": 8.608537256280338, "neff": 1.4495904148010033}, "4": {"wavelength": 1020, "bend_radius": 0.075, "n": 1.450167267865247, "loss": 8.813336480527358, "neff": 1.4495903746077798}, "5": {"wavelength": 1020, "bend_radius": 0.075, "n": 1.450167267865247, "loss": 7.463716510264451, "neff": 1.4495888303253324}, "6": {"wavelength": 1020, "bend_radius": 0.075, "n": 1.450167267865247, "loss": 7.277123118805003, "neff": 1.4495883221930268}}