{"1": {"loss": 0.02298092502398756, "neff": 1.4508358183618748}, "2": {"loss": 0.022613272619161198, "neff": 1.4508342285595504}, "3": {"loss": 7.957460843113318, "neff": 1.449519792455491}, "4": {"loss": 7.989784509138632, "neff": 1.4495192370611016}, "5": {"loss": 5.217074892220656, "neff": 1.4495088020885578}, "6": {"loss": 5.21277841495827, "neff": 1.4495078063146905}}