{"1": {"loss": -7.085875338699451e-11, "neff": 1.4508388354985682}, "2": {"loss": 6.812292117200173e-11, "neff": 1.450837214217062}, "3": {"loss": 3.4997305174605464, "neff": 1.4495165957665024}, "4": {"loss": 3.4935664234707864, "neff": 1.4495160673928098}, "5": {"loss": 3.655024238220309, "neff": 1.4495148961990219}, "6": {"loss": 3.6024302909308794, "neff": 1.4495148841211822}}