{"1": {"loss": 0.3901503459226576, "neff": 1.4508558838801857}, "2": {"loss": 0.3937272435113429, "neff": 1.4508543626715356}, "3": {"loss": 24.633122074061564, "neff": 1.449577953537036}, "4": {"loss": 24.61967021854736, "neff": 1.4495773034635462}, "5": {"loss": 10.862464846164041, "neff": 1.4495346257510036}, "6": {"loss": 10.867162480059791, "neff": 1.4495337369019403}}