{"1": {"loss": 2.726352633605794, "neff": 1.4508478261522262}, "2": {"loss": 2.737988103088815, "neff": 1.4508464559256318}, "3": {"loss": 84.97438532403697, "neff": 1.4495867329558896}, "4": {"loss": 84.95240226007938, "neff": 1.4495859664507864}, "5": {"loss": 35.214802238749854, "neff": 1.449502850622854}, "6": {"loss": 35.218524293439515, "neff": 1.449502229565401}}