{"1": {"loss": 0.0015442896820309618, "neff": 1.4509771093325483}, "2": {"loss": 0.0015067094461409592, "neff": 1.4509753932356473}, "3": {"loss": 1.8895991827413023, "neff": 1.449757381657654}, "4": {"loss": 1.890462343848987, "neff": 1.4497567237959297}, "5": {"loss": 1.0030115787144112, "neff": 1.449747773686871}, "6": {"loss": 1.0052327720261558, "neff": 1.4497461543714902}}