{"1": {"loss": 5.959631066878296e-13, "neff": 1.4508951726988497}, "2": {"loss": 1.5867014963548535e-13, "neff": 1.4508934997986866}, "3": {"loss": 1.7651228034959099, "neff": 1.449611417966545}, "4": {"loss": 1.9716910470268887, "neff": 1.4496106650785854}, "5": {"loss": 1.9797997188747891, "neff": 1.4496095552267818}, "6": {"loss": 1.75277336361859, "neff": 1.4496095412357164}}