{"1": {"loss": 0.10886288188521615, "neff": 1.4509666371283514}, "2": {"loss": 0.10956798875689694, "neff": 1.4509650153641602}, "3": {"loss": 9.75126386227501, "neff": 1.449764890279837}, "4": {"loss": 9.750119494572907, "neff": 1.4497641798322345}, "5": {"loss": 3.7364243622213746, "neff": 1.4497220462232892}, "6": {"loss": 3.7473830875641814, "neff": 1.4497207439492183}}