{"1": {"wavelength": 890, "bend_radius": 0.03, "n": 1.4518978468770973, "loss": 0.0015815323445574285, "neff": 1.4528756462346557}, "2": {"wavelength": 890, "bend_radius": 0.03, "n": 1.4518978468770973, "loss": 0.0015549918057221157, "neff": 1.452873947634279}, "3": {"wavelength": 890, "bend_radius": 0.03, "n": 1.4518978468770973, "loss": 1.9307108999640086, "neff": 1.4516542143341857}, "4": {"wavelength": 890, "bend_radius": 0.03, "n": 1.4518978468770973, "loss": 1.9447741986988152, "neff": 1.4516538748394747}, "5": {"wavelength": 890, "bend_radius": 0.03, "n": 1.4518978468770973, "loss": 1.0331070964129219, "neff": 1.4516450976581672}, "6": {"wavelength": 890, "bend_radius": 0.03, "n": 1.4518978468770973, "loss": 1.0420890855222187, "neff": 1.4516435962407508}}