{"1": {"loss": 1.5130189821211613e-06, "neff": 1.4510290876041643}, "2": {"loss": 2.047573677870887e-06, "neff": 1.4510273139321688}, "3": {"loss": 0.5494870544144914, "neff": 1.4498422317062085}, "4": {"loss": 0.5368566130423753, "neff": 1.449841580277988}, "5": {"loss": 0.33686452615343326, "neff": 1.4498391113611049}, "6": {"loss": 0.33029157876288134, "neff": 1.4498372112885796}}