{"1": {"wavelength": 910, "bend_radius": 0.015, "n": 1.4516122686289965, "loss": 0.09403168986329594, "neff": 1.4525934463437198}, "2": {"wavelength": 910, "bend_radius": 0.015, "n": 1.4516122686289965, "loss": 0.09525637000444866, "neff": 1.4525918455545563}, "3": {"wavelength": 910, "bend_radius": 0.015, "n": 1.4516122686289965, "loss": 8.708057859953213, "neff": 1.4513975406303636}, "4": {"wavelength": 910, "bend_radius": 0.015, "n": 1.4516122686289965, "loss": 8.759994637049056, "neff": 1.451397412989095}, "5": {"wavelength": 910, "bend_radius": 0.015, "n": 1.4516122686289965, "loss": 3.2967309350153036, "neff": 1.451356688488632}, "6": {"wavelength": 910, "bend_radius": 0.015, "n": 1.4516122686289965, "loss": 3.320929716694625, "neff": 1.4513554712036039}}