{"wavelength": 800, "bend_radius": 0.035, "1": {"n": 1.4533172548587419, "loss": 6.881230578183082e-06, "neff": 1.4544235965930217}, "2": {"n": 1.4533172548587419, "loss": 7.3551074310632755e-06, "neff": 1.4544217820869436}, "3": {"n": 1.4533172548587419, "loss": 0.2673860032396956, "neff": 1.4532948652231739}, "4": {"n": 1.4533172548587419, "loss": 0.26809279909666023, "neff": 1.4532942495560242}, "5": {"n": 1.4533172548587419, "loss": 0.12190598134931552, "neff": 1.4532908956241335}, "6": {"n": 1.4533172548587419, "loss": 0.12105029849458342, "neff": 1.4532885920801686}}