{"1": {"n": 1.4524982860552091, "loss": 0.007713025133423115, "neff": 1.4535469060795345}, "2": {"n": 1.4524982860552091, "loss": 0.00786098341507902, "neff": 1.4535451829951551}, "3": {"n": 1.4524982860552091, "loss": 1.941474494537745, "neff": 1.4523837277417602}, "4": {"n": 1.4524982860552091, "loss": 1.9561128180318006, "neff": 1.4523833436521485}, "5": {"n": 1.4524982860552091, "loss": 0.7480835241292021, "neff": 1.45236385798918}, "6": {"n": 1.4524982860552091, "loss": 0.756203200743645, "neff": 1.4523620793564809}, "wavelength": 850, "bend_radius": 0.02}