{"1": {"n": 1.4510651315237548, "loss": 0.7967785329013728, "neff": 1.4520463925623357}, "2": {"n": 1.4510651315237548, "loss": 0.8053757576065033, "neff": 1.4520449784611993}, "3": {"n": 1.4510651315237548, "loss": 34.59032439113214, "neff": 1.4508831878181043}, "4": {"n": 1.4510651315237548, "loss": 34.47095022731685, "neff": 1.4508830349387398}, "5": {"n": 1.4510651315237548, "loss": 12.474937508980538, "neff": 1.450794904148562}, "6": {"n": 1.4510651315237548, "loss": 12.535273776095169, "neff": 1.4507941242269937}, "wavelength": 950, "bend_radius": 0.01}