{"1": {"loss": 0.004302486779442843, "neff": 1.4509960598446983}, "2": {"loss": 0.0043535729672775835, "neff": 1.4509943400319094}, "3": {"loss": 2.111612159113422, "neff": 1.4497929272002057}, "4": {"loss": 2.10812876173585, "neff": 1.4497922410931086}, "5": {"loss": 0.9797983768328902, "neff": 1.4497789811230986}, "6": {"loss": 0.9835704996318042, "neff": 1.4497773024101623}}