{"1": {"loss": 0.1128989776746202, "neff": 1.4507854982942174}, "2": {"loss": 0.1139199637374538, "neff": 1.450783968069889}, "3": {"loss": 15.794995598876255, "neff": 1.4494388933675855}, "4": {"loss": 15.79678373806535, "neff": 1.4494383468834493}, "5": {"loss": 9.843008115435328, "neff": 1.4494229979575641}, "6": {"loss": 9.836425817301631, "neff": 1.4494221959898648}}