{"1": {"n": 1.4524982860552091, "loss": 0.0004056683433050995, "neff": 1.45353403096889}, "2": {"n": 1.4524982860552091, "loss": 0.0004001895895349821, "neff": 1.4535322805337878}, "3": {"n": 1.4524982860552091, "loss": 0.953257429288662, "neff": 1.4523537604224175}, "4": {"n": 1.4524982860552091, "loss": 0.9593383803882658, "neff": 1.452353306175872}, "5": {"n": 1.4524982860552091, "loss": 0.46086914173964444, "neff": 1.452345806585545}, "6": {"n": 1.4524982860552091, "loss": 0.4652874070762981, "neff": 1.452343964555082}, "wavelength": 850, "bend_radius": 0.03}