{"1": {"wavelength": 800, "bend_radius": 0.3, "n": 1.4533172548587419, "loss": 7.300635651549103e-12, "neff": 1.4544163482215628}, "2": {"wavelength": 800, "bend_radius": 0.3, "n": 1.4533172548587419, "loss": 4.198507253752017e-12, "neff": 1.4544145193532234}, "3": {"wavelength": 800, "bend_radius": 0.3, "n": 1.4533172548587419, "loss": 0.0341946442225419, "neff": 1.4532815305790214}, "4": {"wavelength": 800, "bend_radius": 0.3, "n": 1.4533172548587419, "loss": 0.03718766090321856, "neff": 1.453280049720699}, "5": {"wavelength": 800, "bend_radius": 0.3, "n": 1.4533172548587419, "loss": 0.046615369780069534, "neff": 1.4532790992828277}, "6": {"wavelength": 800, "bend_radius": 0.3, "n": 1.4533172548587419, "loss": 0.036353070522729215, "neff": 1.453278889469809}}