{"wavelength": 840, "bend_radius": 0.045, "1": {"n": 1.4526553936728075, "loss": 8.621840338314856e-07, "neff": 1.4537000553334296}, "2": {"n": 1.4526553936728075, "loss": 1.1886560158892448e-06, "neff": 1.4536982807482004}, "3": {"n": 1.4526553936728075, "loss": 0.4580474172137115, "neff": 1.4525232170177746}, "4": {"n": 1.4526553936728075, "loss": 0.44906144408212, "neff": 1.4525227655928739}, "5": {"n": 1.4526553936728075, "loss": 0.2750976692939009, "neff": 1.4525205197678064}, "6": {"n": 1.4526553936728075, "loss": 0.269601941815629, "neff": 1.452518623791822}}