{"wavelength": 810, "bend_radius": 0.005, "1": {"n": 1.453146366149297, "loss": 4.7812589196170965, "neff": 1.4546427855456907}, "2": {"n": 1.453146366149297, "loss": 4.829200575383033, "neff": 1.4546420554539965}, "3": {"n": 1.453146366149297, "loss": 54.02669110254488, "neff": 1.4538999795274827}, "4": {"n": 1.453146366149297, "loss": 54.105354659693276, "neff": 1.453899610292977}, "5": {"n": 1.453146366149297, "loss": 25.205673626559456, "neff": 1.453664349954124}, "6": {"n": 1.453146366149297, "loss": 25.31317642575855, "neff": 1.4536642971460563}}