{"wavelength": 810, "bend_radius": 0.1, "1": {"n": 1.453146366149297, "loss": -2.2366319332107315e-12, "neff": 1.4542315026213792}, "2": {"n": 1.453146366149297, "loss": 4.664526978537267e-12, "neff": 1.4542296861331188}, "3": {"n": 1.453146366149297, "loss": 0.07730440396306056, "neff": 1.4530851634594886}, "4": {"n": 1.453146366149297, "loss": 0.10413217564016602, "neff": 1.4530842606993701}, "5": {"n": 1.453146366149297, "loss": 0.10765792827845679, "neff": 1.4530833430108177}, "6": {"n": 1.453146366149297, "loss": 0.07731029189271164, "neff": 1.453082617834909}}