{"1": {"wavelength": 1050, "bend_radius": 0.005, "n": 1.4497997593262841, "loss": 46.4078594136588, "neff": 1.450998829130131}, "2": {"wavelength": 1050, "bend_radius": 0.005, "n": 1.4497997593262841, "loss": 46.64025972910158, "neff": 1.4509983687889285}, "3": {"wavelength": 1050, "bend_radius": 0.005, "n": 1.4497997593262841, "loss": 396.4054757635855, "neff": 1.4498966998837743}, "4": {"wavelength": 1050, "bend_radius": 0.005, "n": 1.4497997593262841, "loss": 397.83908160644313, "neff": 1.4498963322458724}, "5": {"wavelength": 1050, "bend_radius": 0.005, "n": 1.4497997593262841, "loss": 189.46488671508206, "neff": 1.449741262411127}, "6": {"wavelength": 1050, "bend_radius": 0.005, "n": 1.4497997593262841, "loss": 189.36696449370223, "neff": 1.4497411250596488}}