{"1": {"n": 1.4516122686289965, "loss": 0.009587168899155351, "neff": 1.4525660017946085}, "2": {"n": 1.4516122686289965, "loss": 0.009749339984779046, "neff": 1.4525643404979522}, "3": {"n": 1.4516122686289965, "loss": 3.4567387144076105, "neff": 1.451331264345104}, "4": {"n": 1.4516122686289965, "loss": 3.472576362971193, "neff": 1.4513309975079989}, "5": {"n": 1.4516122686289965, "loss": 1.7292201211423242, "neff": 1.451317067094757}, "6": {"n": 1.4516122686289965, "loss": 1.7438630850634778, "neff": 1.4513157382059982}, "wavelength": 910, "bend_radius": 0.025}