{"1": {"loss": -8.099697210273733e-08, "neff": 1.4508686047706596}, "2": {"loss": 1.9178467351887674e-07, "neff": 1.4508669604809628}, "3": {"loss": 2.716603005156823, "neff": 1.449567200206015}, "4": {"loss": 2.7349622184103146, "neff": 1.4495669139921483}, "5": {"loss": 2.746179425051383, "neff": 1.4495656325098056}, "6": {"loss": 2.7528716919713467, "neff": 1.4495647166303016}}