{"1": {"loss": 17.317832033962755, "neff": 1.4513493842761587}, "2": {"loss": 17.350096170786546, "neff": 1.4513483182268894}, "3": {"loss": 163.07835548480853, "neff": 1.4504398742355962}, "4": {"loss": 163.1029628923822, "neff": 1.4504381216912121}, "5": {"loss": 77.22591026810409, "neff": 1.4502390994504268}, "6": {"loss": 77.34208221439107, "neff": 1.450238818190207}}