{"1": {"n": 1.4521927938551105, "loss": -7.606407294620311e-10, "neff": 1.4531908010819912}, "2": {"n": 1.4521927938551105, "loss": 7.058242734314365e-10, "neff": 1.4531890576451876}, "3": {"n": 1.4521927938551105, "loss": 0.48530538221436975, "neff": 1.4519780685853443}, "4": {"n": 1.4521927938551105, "loss": 0.5284256466157552, "neff": 1.4519779856331834}, "5": {"n": 1.4521927938551105, "loss": 0.4994617948473702, "neff": 1.4519769756478331}, "6": {"n": 1.4521927938551105, "loss": 0.4629745521925684, "neff": 1.4519757926231038}, "wavelength": 870, "bend_radius": 0.075}