{"1": {"wavelength": 860, "bend_radius": 0.01, "n": 1.4523441428045392, "loss": 0.19757795897092345, "neff": 1.453450008899012}, "2": {"wavelength": 860, "bend_radius": 0.01, "n": 1.4523441428045392, "loss": 0.2000591270324348, "neff": 1.4534484601187938}, "3": {"wavelength": 860, "bend_radius": 0.01, "n": 1.4523441428045392, "loss": 12.309180168434791, "neff": 1.4523742263028532}, "4": {"wavelength": 860, "bend_radius": 0.01, "n": 1.4523441428045392, "loss": 12.247846363906262, "neff": 1.452374195829033}, "5": {"wavelength": 860, "bend_radius": 0.01, "n": 1.4523441428045392, "loss": 3.7512588943075786, "neff": 1.4522873840533537}, "6": {"wavelength": 860, "bend_radius": 0.01, "n": 1.4523441428045392, "loss": 3.7824730680201855, "neff": 1.452286078437016}}