{"1": {"n": 1.4502917785835465, "loss": 0.0024908330615001184, "neff": 1.4510933801792667}, "2": {"n": 1.4502917785835465, "loss": 0.0020619623694559494, "neff": 1.4510918393760337}, "3": {"n": 1.4502917785835465, "loss": 7.332578085595436, "neff": 1.4497460373144542}, "4": {"n": 1.4502917785835465, "loss": 7.3203031170859, "neff": 1.4497459522380711}, "5": {"n": 1.4502917785835465, "loss": 6.440544484218033, "neff": 1.4497416699917058}, "6": {"n": 1.4502917785835465, "loss": 6.477881417543609, "neff": 1.449740991339431}, "wavelength": 1010, "bend_radius": 0.045}