{"wavelength": 810, "bend_radius": 0.01, "1": {"n": 1.453146366149297, "loss": 0.07873060813831166, "neff": 1.4543230829678118}, "2": {"n": 1.453146366149297, "loss": 0.07980353836136585, "neff": 1.454321461720008}, "3": {"n": 1.453146366149297, "loss": 6.13958685049076, "neff": 1.4532926617418855}, "4": {"n": 1.453146366149297, "loss": 6.178623860340485, "neff": 1.4532926018193024}, "5": {"n": 1.453146366149297, "loss": 1.6673812596402786, "neff": 1.4532115567627397}, "6": {"n": 1.453146366149297, "loss": 1.6859303916836206, "neff": 1.4532098882382827}}