{"1": {"n": 1.4514726603407175, "loss": 0.03633737843157569, "neff": 1.452420795365289}, "2": {"n": 1.4514726603407175, "loss": 0.03714548087502166, "neff": 1.4524191669694466}, "3": {"n": 1.4514726603407175, "loss": 5.7487150161465586, "neff": 1.4511886936403133}, "4": {"n": 1.4514726603407175, "loss": 5.789654868110575, "neff": 1.4511884939892634}, "5": {"n": 1.4514726603407175, "loss": 2.5710022048334817, "neff": 1.4511656730927671}, "6": {"n": 1.4514726603407175, "loss": 2.590631685686435, "neff": 1.4511644507927963}, "wavelength": 920, "bend_radius": 0.02}