{"1": {"wavelength": 910, "bend_radius": 0.3, "n": 1.4516122686289965, "loss": -1.3173047546147604e-12, "neff": 1.452550870808785}, "2": {"wavelength": 910, "bend_radius": 0.3, "n": 1.4516122686289965, "loss": -4.636490454048419e-12, "neff": 1.452549176864908}, "3": {"wavelength": 910, "bend_radius": 0.3, "n": 1.4516122686289965, "loss": 1.0583402789121181, "neff": 1.4512955315003317}, "4": {"wavelength": 910, "bend_radius": 0.3, "n": 1.4516122686289965, "loss": 1.0926838063494406, "neff": 1.4512946382389154}, "5": {"wavelength": 910, "bend_radius": 0.3, "n": 1.4516122686289965, "loss": 1.0755915571639536, "neff": 1.4512937546532216}, "6": {"wavelength": 910, "bend_radius": 0.3, "n": 1.4516122686289965, "loss": 1.1004619611623676, "neff": 1.4512936050680405}}