{"wavelength": 830, "bend_radius": 0.2, "1": {"n": 1.452815646249081, "loss": 3.51004056532841e-12, "neff": 1.4538706811881252}, "2": {"n": 1.452815646249081, "loss": 4.399211455965614e-12, "neff": 1.4538688859368867}, "3": {"n": 1.452815646249081, "loss": 0.1371974122499906, "neff": 1.452701043579769}, "4": {"n": 1.452815646249081, "loss": 0.13571886464321908, "neff": 1.4526998117443612}, "5": {"n": 1.452815646249081, "loss": 0.12230256057046905, "neff": 1.4526989192709747}, "6": {"n": 1.452815646249081, "loss": 0.14269641933458616, "neff": 1.452698646694012}}