{"1": {"loss": 15.76789657673914, "neff": 1.4513615507474704}, "2": {"loss": 15.797461868743067, "neff": 1.4513604755513745}, "3": {"loss": 150.08863204705713, "neff": 1.4504670027488844}, "4": {"loss": 150.1161736894302, "neff": 1.4504652260851378}, "5": {"loss": 71.04461602927128, "neff": 1.450262804775272}, "6": {"loss": 71.16155034278732, "neff": 1.450262517988729}}