{"1": {"loss": -8.001990942884849e-08, "neff": 1.4508117539412433}, "2": {"loss": 7.877597165589633e-08, "neff": 1.450810160138129}, "3": {"loss": 4.758129134113745, "neff": 1.449471246036183}, "4": {"loss": 4.907236550472889, "neff": 1.4494712260192477}, "5": {"loss": 4.889228526529159, "neff": 1.4494699670073712}, "6": {"loss": 4.954942366608247, "neff": 1.44946950271877}}