{"1": {"wavelength": 960, "bend_radius": 0.01, "n": 1.4509326937135074, "loss": 0.9145423374543753, "neff": 1.4519003255698977}, "2": {"wavelength": 960, "bend_radius": 0.01, "n": 1.4509326937135074, "loss": 0.9241379432080052, "neff": 1.4518989265141187}, "3": {"wavelength": 960, "bend_radius": 0.01, "n": 1.4509326937135074, "loss": 38.284017196670874, "neff": 1.45072694509222}, "4": {"wavelength": 960, "bend_radius": 0.01, "n": 1.4509326937135074, "loss": 38.158944559537915, "neff": 1.450726780407608}, "5": {"wavelength": 960, "bend_radius": 0.01, "n": 1.4509326937135074, "loss": 14.027282842608733, "neff": 1.4506390482648326}, "6": {"wavelength": 960, "bend_radius": 0.01, "n": 1.4509326937135074, "loss": 14.09105797649891, "neff": 1.4506383178561193}}