{"1": {"n": 1.4510651315237548, "loss": 0.0008599978521509784, "neff": 1.4519524698398099}, "2": {"n": 1.4510651315237548, "loss": 0.0008305555465826822, "neff": 1.4519508444381366}, "3": {"n": 1.4510651315237548, "loss": 3.52670470036952, "neff": 1.4506648454175155}, "4": {"n": 1.4510651315237548, "loss": 3.5251623165234873, "neff": 1.4506646407452721}, "5": {"n": 1.4510651315237548, "loss": 2.5977838294297935, "neff": 1.4506594686501655}, "6": {"n": 1.4510651315237548, "loss": 2.616430217173947, "neff": 1.4506584120732764}, "wavelength": 950, "bend_radius": 0.04}