{"1": {"loss": -2.228357099783766e-07, "neff": 1.450783958493946}, "2": {"loss": 2.255990628887555e-07, "neff": 1.4507823907313877}, "3": {"loss": 6.101339614839124, "neff": 1.4494247010531622}, "4": {"loss": 6.315004194495795, "neff": 1.4494246453040278}, "5": {"loss": 6.287539567448654, "neff": 1.4494233614963519}, "6": {"loss": 6.690629719848892, "neff": 1.449422955386099}}