{"1": {"loss": 8.247791896857295e-05, "neff": 1.4509725282965855}, "2": {"loss": 7.321352058208347e-05, "neff": 1.450970803892321}, "3": {"loss": 1.3221905860855874, "neff": 1.4497461310185007}, "4": {"loss": 1.312480717754108, "neff": 1.4497455043811167}, "5": {"loss": 0.8380041694813679, "neff": 1.4497411395775341}, "6": {"loss": 0.8370597295252453, "neff": 1.4497395226151184}}