{"1": {"n": 1.4516122686289965, "loss": 0.02963000740214995, "neff": 1.4525746350075623}, "2": {"n": 1.4516122686289965, "loss": 0.030274176969769605, "neff": 1.4525729925601754}, "3": {"n": 1.4516122686289965, "loss": 4.9893917178358285, "neff": 1.4513522407803945}, "4": {"n": 1.4516122686289965, "loss": 5.02530617443644, "neff": 1.4513520178471357}, "5": {"n": 1.4516122686289965, "loss": 2.187093545716129, "neff": 1.451329518943796}, "6": {"n": 1.4516122686289965, "loss": 2.2046910078003323, "neff": 1.4513282238778773}, "wavelength": 910, "bend_radius": 0.02}