{"1": {"wavelength": 870, "bend_radius": 0.035, "n": 1.4521927938551105, "loss": 0.00015408534105802296, "neff": 1.4531967401170447}, "2": {"wavelength": 870, "bend_radius": 0.035, "n": 1.4521927938551105, "loss": 0.00017224984979212054, "neff": 1.4531950092797274}, "3": {"wavelength": 870, "bend_radius": 0.035, "n": 1.4521927938551105, "loss": 1.1117011490937778, "neff": 1.4519919243894326}, "4": {"wavelength": 870, "bend_radius": 0.035, "n": 1.4521927938551105, "loss": 1.1217254573898199, "neff": 1.4519915230095863}, "5": {"wavelength": 870, "bend_radius": 0.035, "n": 1.4521927938551105, "loss": 0.6209902865282789, "neff": 1.4519859377028332}, "6": {"wavelength": 870, "bend_radius": 0.035, "n": 1.4521927938551105, "loss": 0.6256783287535949, "neff": 1.4519842656635746}}