{"wavelength": 840, "bend_radius": 0.075, "1": {"n": 1.4526553936728075, "loss": -9.195358448952609e-11, "neff": 1.4536971619885646}, "2": {"n": 1.4526553936728075, "loss": 7.496650415969283e-11, "neff": 1.4536953814032352}, "3": {"n": 1.4526553936728075, "loss": 0.22784878559914437, "neff": 1.4525169797220507}, "4": {"n": 1.4526553936728075, "loss": 0.28020330147790184, "neff": 1.4525167528021412}, "5": {"n": 1.4526553936728075, "loss": 0.2616203043210154, "neff": 1.4525157978266863}, "6": {"n": 1.4526553936728075, "loss": 0.2151805430286706, "neff": 1.4525145810227793}}