{"1": {"wavelength": 990, "bend_radius": 0.02, "n": 1.4505442353610596, "loss": 0.1324594726392467, "neff": 1.4513939166307248}, "2": {"wavelength": 990, "bend_radius": 0.02, "n": 1.4505442353610596, "loss": 0.13577883139216967, "neff": 1.451392389653211}, "3": {"wavelength": 990, "bend_radius": 0.02, "n": 1.4505442353610596, "loss": 14.003381869034497, "neff": 1.4500942726648363}, "4": {"wavelength": 990, "bend_radius": 0.02, "n": 1.4505442353610596, "loss": 14.081163372678258, "neff": 1.4500942148268916}, "5": {"wavelength": 990, "bend_radius": 0.02, "n": 1.4505442353610596, "loss": 7.135711768030303, "neff": 1.4500703803430115}, "6": {"wavelength": 990, "bend_radius": 0.02, "n": 1.4505442353610596, "loss": 7.172167445513388, "neff": 1.4500696072573502}}