{"1": {"loss": 0.00015213231313015557, "neff": 1.4508999493870531}, "2": {"loss": 0.00014875202392809108, "neff": 1.4508982849199075}, "3": {"loss": 2.644359488362073, "neff": 1.4496224349869138}, "4": {"loss": 2.6188306511867396, "neff": 1.4496218826303509}, "5": {"loss": 2.044880798225503, "neff": 1.4496180961140603}, "6": {"loss": 2.0406123257864257, "neff": 1.449616829259689}}