{"1": {"n": 1.4513350097137934, "loss": -1.475991794024066e-09, "neff": 1.4522457698100917}, "2": {"n": 1.4513350097137934, "loss": 1.3716989998172545e-09, "neff": 1.4522441052428938}, "3": {"n": 1.4513350097137934, "loss": 1.6493951819177413, "neff": 1.4509708243179573}, "4": {"n": 1.4513350097137934, "loss": 1.6396565138671628, "neff": 1.4509705228771677}, "5": {"n": 1.4513350097137934, "loss": 1.6384549987906472, "neff": 1.4509696149543716}, "6": {"n": 1.4513350097137934, "loss": 1.6701513701003339, "neff": 1.450968977029492}, "wavelength": 930, "bend_radius": 0.1}