{"1": {"wavelength": 850, "bend_radius": 0.1, "n": 1.4524982860552091, "loss": -1.1932143022956108e-11, "neff": 1.4535247168095617}, "2": {"wavelength": 850, "bend_radius": 0.1, "n": 1.4524982860552091, "loss": 4.771545342258126e-12, "neff": 1.4535229468439388}, "3": {"wavelength": 850, "bend_radius": 0.1, "n": 1.4524982860552091, "loss": 0.2656024643028478, "neff": 1.4523331062176257}, "4": {"wavelength": 850, "bend_radius": 0.1, "n": 1.4524982860552091, "loss": 0.28641027556344173, "neff": 1.4523324695152238}, "5": {"wavelength": 850, "bend_radius": 0.1, "n": 1.4524982860552091, "loss": 0.28357927162340857, "neff": 1.4523316039065273}, "6": {"wavelength": 850, "bend_radius": 0.1, "n": 1.4524982860552091, "loss": 0.26965310302118745, "neff": 1.4523308576124359}}