{"1": {"n": 1.4497997593262841, "loss": -4.776446067039402e-09, "neff": 1.450540897011354}, "2": {"n": 1.4497997593262841, "loss": 4.729233017650509e-09, "neff": 1.450539405292897}, "3": {"n": 1.4497997593262841, "loss": 10.365417587855154, "neff": 1.4491494603036157}, "4": {"n": 1.4497997593262841, "loss": 10.237221164219568, "neff": 1.4491490927815325}, "5": {"n": 1.4497997593262841, "loss": 10.23177406629169, "neff": 1.449147948210641}, "6": {"n": 1.4497997593262841, "loss": 10.33866851996547, "neff": 1.4491478700691123}, "wavelength": 1050, "bend_radius": 0.3}