{"1": {"loss": 0.0912249149982006, "neff": 1.4509806750062182}, "2": {"loss": 0.09177825987199208, "neff": 1.450979040815966}, "3": {"loss": 8.563378252134687, "neff": 1.4497883333389059}, "4": {"loss": 8.562799025879782, "neff": 1.4497876141333275}, "5": {"loss": 3.2179218212753593, "neff": 1.4497458552920859}, "6": {"loss": 3.2286012879745862, "neff": 1.4497444920370604}}