{"1": {"loss": 0.4506232039275974, "neff": 1.450842228379152}, "2": {"loss": 0.45475930504793377, "neff": 1.450840719746671}, "3": {"loss": 27.320563285934508, "neff": 1.4495546176488996}, "4": {"loss": 27.306973807279018, "neff": 1.4495539743330408}, "5": {"loss": 12.241214409340861, "neff": 1.4495114858346145}, "6": {"loss": 12.243671870253335, "neff": 1.4495106401493925}}