{"wavelength": 820, "bend_radius": 0.035, "1": {"n": 1.4529792357022007, "loss": 1.7942176143685736e-05, "neff": 1.4540561491291937}, "2": {"n": 1.4529792357022007, "loss": 1.9517866682535255e-05, "neff": 1.4540543570251427}, "3": {"n": 1.4529792357022007, "loss": 0.4161141181007424, "neff": 1.4529048794730424}, "4": {"n": 1.4529792357022007, "loss": 0.4187513651625645, "neff": 1.4529043276760483}, "5": {"n": 1.4529792357022007, "loss": 0.20131294829971383, "neff": 1.4529002548159258}, "6": {"n": 1.4529792357022007, "loss": 0.20166077264110382, "neff": 1.4528981370411462}}