{"1": {"loss": 2.9705077353671863e-05, "neff": 1.4508990407108715}, "2": {"loss": 4.427253113750305e-05, "neff": 1.4508973746412066}, "3": {"loss": 2.407160836848685, "neff": 1.4496201538415576}, "4": {"loss": 2.3945849492977036, "neff": 1.4496196244080768}, "5": {"loss": 2.004175315257536, "neff": 1.449616739743146}, "6": {"loss": 1.993590676253484, "neff": 1.4496154909226795}}