{"1": {"wavelength": 1000, "bend_radius": 0.075, "n": 1.450417409406875, "loss": 1.6898291076965553e-06, "neff": 1.4512298248663977}, "2": {"wavelength": 1000, "bend_radius": 0.075, "n": 1.450417409406875, "loss": 1.7687911079193818e-06, "neff": 1.451228262592769}, "3": {"wavelength": 1000, "bend_radius": 0.075, "n": 1.450417409406875, "loss": 5.875965961200726, "neff": 1.4498875676411425}, "4": {"wavelength": 1000, "bend_radius": 0.075, "n": 1.450417409406875, "loss": 5.9035454862032575, "neff": 1.449887546017695}, "5": {"wavelength": 1000, "bend_radius": 0.075, "n": 1.450417409406875, "loss": 5.50675909960334, "neff": 1.4498860555722421}, "6": {"wavelength": 1000, "bend_radius": 0.075, "n": 1.450417409406875, "loss": 5.427046031957471, "neff": 1.4498854508146064}}