{"1": {"wavelength": 970, "bend_radius": 0.035, "n": 1.4508017923282956, "loss": 0.004791168721715472, "neff": 1.451662713915215}, "2": {"wavelength": 970, "bend_radius": 0.035, "n": 1.4508017923282956, "loss": 0.005203187345088193, "neff": 1.4516611213522808}, "3": {"wavelength": 970, "bend_radius": 0.035, "n": 1.4508017923282956, "loss": 5.333285426855292, "neff": 1.4503584262642157}, "4": {"wavelength": 970, "bend_radius": 0.035, "n": 1.4508017923282956, "loss": 5.368477156883922, "neff": 1.4503582646253987}, "5": {"wavelength": 970, "bend_radius": 0.035, "n": 1.4508017923282956, "loss": 3.756952829243615, "neff": 1.4503510235869654}, "6": {"wavelength": 970, "bend_radius": 0.035, "n": 1.4508017923282956, "loss": 3.779341618114035, "neff": 1.4503500963959592}}