{"1": {"loss": 0.05378884803185324, "neff": 1.4508407266603665}, "2": {"loss": 0.05425847411592178, "neff": 1.4508391450271463}, "3": {"loss": 9.95823112435338, "neff": 1.449531933855342}, "4": {"loss": 9.945017398574183, "neff": 1.4495313604693925}, "5": {"loss": 5.787765926962518, "neff": 1.449515957163562}, "6": {"loss": 5.788781514915942, "neff": 1.4495149675671744}}