{"1": {"wavelength": 850, "bend_radius": 0.01, "n": 1.4524982860552091, "loss": 0.16590062050984639, "neff": 1.4536182257200192}, "2": {"wavelength": 850, "bend_radius": 0.01, "n": 1.4524982860552091, "loss": 0.1680111769741262, "neff": 1.4536166622424564}, "3": {"wavelength": 850, "bend_radius": 0.01, "n": 1.4524982860552091, "loss": 10.804434574387102, "neff": 1.452551684104522}, "4": {"wavelength": 850, "bend_radius": 0.01, "n": 1.4524982860552091, "loss": 10.748124160888684, "neff": 1.452551669932945}, "5": {"wavelength": 850, "bend_radius": 0.01, "n": 1.4524982860552091, "loss": 3.220168630607635, "neff": 1.4524656696478868}, "6": {"wavelength": 850, "bend_radius": 0.01, "n": 1.4524982860552091, "loss": 3.2485896049079512, "neff": 1.4524642957783864}}