{"1": {"n": 1.4500438058602083, "loss": -1.9455453494849297e-10, "neff": 1.4508125564343044}, "2": {"n": 1.4500438058602083, "loss": 1.886346677580088e-10, "neff": 1.4508110347332484}, "3": {"n": 1.4500438058602083, "loss": 7.7889920558259, "neff": 1.4494400172135173}, "4": {"n": 1.4500438058602083, "loss": 7.656141517615537, "neff": 1.449439564203041}, "5": {"n": 1.4500438058602083, "loss": 7.776192283161896, "neff": 1.4494384441818495}, "6": {"n": 1.4500438058602083, "loss": 7.702407299917975, "neff": 1.4494383679968101}, "wavelength": 1030, "bend_radius": 0}