{"1": {"loss": 4.7745844971301185e-05, "neff": 1.450884890048843}, "2": {"loss": 7.03909437154155e-05, "neff": 1.4508832367222626}, "3": {"loss": 2.808796788793359, "neff": 1.4495963488359085}, "4": {"loss": 2.797422648151875, "neff": 1.449595827463319}, "5": {"loss": 2.3846112184592365, "neff": 1.449592860994635}, "6": {"loss": 2.373968739420674, "neff": 1.4495916724554156}}