{"1": {"n": 1.4499213245971632, "loss": 0.13909125662341232, "neff": 1.4506926060571843}, "2": {"n": 1.4499213245971632, "loss": 0.14105851322491236, "neff": 1.4506911335597261}, "3": {"n": 1.4499213245971632, "loss": 18.083831102951216, "neff": 1.4493322323353195}, "4": {"n": 1.4499213245971632, "loss": 18.163644906418753, "neff": 1.4493322231567247}, "5": {"n": 1.4499213245971632, "loss": 11.55440736994029, "neff": 1.4493171867024837}, "6": {"n": 1.4499213245971632, "loss": 11.607036077602842, "neff": 1.4493166629960859}, "wavelength": 1040, "bend_radius": 0.025}