{"1": {"wavelength": 980, "bend_radius": 0.2, "n": 1.4506723353352597, "loss": -3.414720400265783e-10, "neff": 1.4515113503633532}, "2": {"wavelength": 980, "bend_radius": 0.2, "n": 1.4506723353352597, "loss": 3.257879227479597e-10, "neff": 1.451509755600697}, "3": {"wavelength": 980, "bend_radius": 0.2, "n": 1.4506723353352597, "loss": 3.7658006121910033, "neff": 1.4501868381633358}, "4": {"wavelength": 980, "bend_radius": 0.2, "n": 1.4506723353352597, "loss": 3.8148006713942375, "neff": 1.4501863027728088}, "5": {"wavelength": 980, "bend_radius": 0.2, "n": 1.4506723353352597, "loss": 4.0763981405732075, "neff": 1.4501853504267517}, "6": {"wavelength": 980, "bend_radius": 0.2, "n": 1.4506723353352597, "loss": 3.903014766992905, "neff": 1.4501851770020742}}