{"1": {"wavelength": 920, "bend_radius": 0.075, "n": 1.4514726603407175, "loss": -1.6068878806670852e-08, "neff": 1.452398484903683}, "2": {"wavelength": 920, "bend_radius": 0.075, "n": 1.4514726603407175, "loss": 1.8461960019846545e-08, "neff": 1.4523968080594727}, "3": {"wavelength": 920, "bend_radius": 0.075, "n": 1.4514726603407175, "loss": 1.377454306139314, "neff": 1.4511342504850158}, "4": {"wavelength": 920, "bend_radius": 0.075, "n": 1.4514726603407175, "loss": 1.3796787310959753, "neff": 1.4511342429328946}, "5": {"wavelength": 920, "bend_radius": 0.075, "n": 1.4514726603407175, "loss": 1.3729000720685272, "neff": 1.4511330636929693}, "6": {"wavelength": 920, "bend_radius": 0.075, "n": 1.4514726603407175, "loss": 1.3816224527691885, "neff": 1.4511320640226482}}