{"1": {"n": 1.4510651315237548, "loss": 20.765866155693327, "neff": 1.45238752868548}, "2": {"n": 1.4510651315237548, "loss": 20.902789326769387, "neff": 1.4523869768769706}, "3": {"n": 1.4510651315237548, "loss": 195.52574053199845, "neff": 1.4514381259962503}, "4": {"n": 1.4510651315237548, "loss": 196.05568266703668, "neff": 1.4514377868459138}, "5": {"n": 1.4510651315237548, "loss": 91.9550234418736, "neff": 1.451248055772106}, "6": {"n": 1.4510651315237548, "loss": 91.80022302773187, "neff": 1.4512480031736792}, "wavelength": 950, "bend_radius": 0.005}