{"1": {"wavelength": 970, "bend_radius": 0.025, "n": 1.4508017923282956, "loss": 0.03716715293153825, "neff": 1.451670457843772}, "2": {"wavelength": 970, "bend_radius": 0.025, "n": 1.4508017923282956, "loss": 0.03770703157991015, "neff": 1.451668881996303}, "3": {"wavelength": 970, "bend_radius": 0.025, "n": 1.4508017923282956, "loss": 7.955133684665898, "neff": 1.4503773866225083}, "4": {"wavelength": 970, "bend_radius": 0.025, "n": 1.4508017923282956, "loss": 7.982047254417703, "neff": 1.450377252365517}, "5": {"wavelength": 970, "bend_radius": 0.025, "n": 1.4508017923282956, "loss": 4.492509203076312, "neff": 1.4503622552923732}, "6": {"wavelength": 970, "bend_radius": 0.025, "n": 1.4508017923282956, "loss": 4.521304894311315, "neff": 1.450361341101227}}