{"1": {"wavelength": 930, "bend_radius": 0.04, "n": 1.4513350097137934, "loss": 0.0004189716568912402, "neff": 1.4522508134897616}, "2": {"wavelength": 930, "bend_radius": 0.04, "n": 1.4513350097137934, "loss": 0.0003910637945166312, "neff": 1.4522491597810478}, "3": {"wavelength": 930, "bend_radius": 0.04, "n": 1.4513350097137934, "loss": 2.6085989762350787, "neff": 1.4509828140546879}, "4": {"wavelength": 930, "bend_radius": 0.04, "n": 1.4513350097137934, "loss": 2.608664807008913, "neff": 1.4509825654559054}, "5": {"wavelength": 930, "bend_radius": 0.04, "n": 1.4513350097137934, "loss": 1.8389008358906598, "neff": 1.4509776209051417}, "6": {"wavelength": 930, "bend_radius": 0.04, "n": 1.4513350097137934, "loss": 1.8524609948263917, "neff": 1.4509764241845076}}