{"1": {"n": 1.452044078932333, "loss": 7.42821131089167e-12, "neff": 1.4530259139299668}, "2": {"n": 1.452044078932333, "loss": 6.328850686501591e-12, "neff": 1.4530241798655823}, "3": {"n": 1.452044078932333, "loss": 0.615069144420767, "neff": 1.4518015961524873}, "4": {"n": 1.452044078932333, "loss": 0.536283848007767, "neff": 1.451800486602462}, "5": {"n": 1.452044078932333, "loss": 0.6318633794524858, "neff": 1.4517995934129166}, "6": {"n": 1.452044078932333, "loss": 0.5480450052610729, "neff": 1.4517994975215283}, "wavelength": 880, "bend_radius": 0}