{"1": {"wavelength": 930, "bend_radius": 0.075, "n": 1.4513350097137934, "loss": -2.7113255142805842e-08, "neff": 1.4522465160386877}, "2": {"wavelength": 930, "bend_radius": 0.075, "n": 1.4513350097137934, "loss": 3.389101850059013e-08, "neff": 1.4522448530745107}, "3": {"wavelength": 930, "bend_radius": 0.075, "n": 1.4513350097137934, "loss": 1.6519309496339658, "neff": 1.450972299575385}, "4": {"wavelength": 930, "bend_radius": 0.075, "n": 1.4513350097137934, "loss": 1.6631987144724003, "neff": 1.4509722886650753}, "5": {"wavelength": 930, "bend_radius": 0.075, "n": 1.4513350097137934, "loss": 1.661288746648085, "neff": 1.4509710724292493}, "6": {"wavelength": 930, "bend_radius": 0.075, "n": 1.4513350097137934, "loss": 1.6781797891987733, "neff": 1.4509701201455476}}