{"1": {"wavelength": 1000, "bend_radius": 0.2, "n": 1.450417409406875, "loss": -1.1632173354705614e-09, "neff": 1.4512282989542715}, "2": {"wavelength": 1000, "bend_radius": 0.2, "n": 1.450417409406875, "loss": 1.10723580347987e-09, "neff": 1.4512267334430415}, "3": {"wavelength": 1000, "bend_radius": 0.2, "n": 1.450417409406875, "loss": 5.115492940794179, "neff": 1.4498845444140174}, "4": {"wavelength": 1000, "bend_radius": 0.2, "n": 1.450417409406875, "loss": 5.038272896397821, "neff": 1.449884073659216}, "5": {"wavelength": 1000, "bend_radius": 0.2, "n": 1.450417409406875, "loss": 5.311212580944786, "neff": 1.449883078189953}, "6": {"wavelength": 1000, "bend_radius": 0.2, "n": 1.450417409406875, "loss": 5.105702392972544, "neff": 1.449882925675737}}