{"1": {"n": 1.4502917785835465, "loss": 0.08140624301956437, "neff": 1.4511045546949397}, "2": {"n": 1.4502917785835465, "loss": 0.08254372917244425, "neff": 1.4511030376546492}, "3": {"n": 1.4502917785835465, "loss": 12.938816553036325, "neff": 1.4497730221889644}, "4": {"n": 1.4502917785835465, "loss": 12.986584188183233, "neff": 1.449772962541527}, "5": {"n": 1.4502917785835465, "loss": 7.858517395931792, "neff": 1.4497578096129007}, "6": {"n": 1.4502917785835465, "loss": 7.900083275162134, "neff": 1.449757129985227}, "wavelength": 1010, "bend_radius": 0.025}