{"1": {"loss": -2.688955538720563e-12, "neff": 1.4508952800162391}, "2": {"loss": -1.3405741142455413e-12, "neff": 1.4508936073057277}, "3": {"loss": 1.796782875819, "neff": 1.4496115865537085}, "4": {"loss": 1.8419387197566817, "neff": 1.4496109020699666}, "5": {"loss": 2.0030661306257347, "neff": 1.449609800288391}, "6": {"loss": 1.9451694869727023, "neff": 1.4496097433643822}}