{"1": {"wavelength": 930, "bend_radius": 0.025, "n": 1.4513350097137934, "loss": 0.015466727277303341, "neff": 1.4522602219067144}, "2": {"wavelength": 930, "bend_radius": 0.025, "n": 1.4513350097137934, "loss": 0.01571302148477815, "neff": 1.452258588587937}, "3": {"wavelength": 930, "bend_radius": 0.025, "n": 1.4513350097137934, "loss": 4.635325614040243, "neff": 1.451005891024454}, "4": {"wavelength": 930, "bend_radius": 0.025, "n": 1.4513350097137934, "loss": 4.6537503070948825, "neff": 1.4510056715893767}, "5": {"wavelength": 930, "bend_radius": 0.025, "n": 1.4513350097137934, "loss": 2.4186139581273967, "neff": 1.4509912617690204}, "6": {"wavelength": 930, "bend_radius": 0.025, "n": 1.4513350097137934, "loss": 2.4373087005165233, "neff": 1.450990079866668}}