{"1": {"loss": -3.8492314564271393e-11, "neff": 1.4508528841255668}, "2": {"loss": 3.377534410037402e-11, "neff": 1.4508512498989048}, "3": {"loss": 2.961513802975349, "neff": 1.4495401905228626}, "4": {"loss": 2.9772138540345026, "neff": 1.449539625357263}, "5": {"loss": 3.15471551606949, "neff": 1.4495384731523653}, "6": {"loss": 3.08834795615242, "neff": 1.4495384496167074}}