{"1": {"loss": 0.0001881076383073424, "neff": 1.4508426887639312}, "2": {"loss": 0.00025477571077381367, "neff": 1.4508410740419284}, "3": {"loss": 4.372219471911746, "neff": 1.4495255051461966}, "4": {"loss": 4.367717280510595, "neff": 1.4495250062735554}, "5": {"loss": 3.9010240902302487, "neff": 1.4495218434402173}, "6": {"loss": 3.8892820757162125, "neff": 1.449520824614203}}