{"1": {"wavelength": 910, "bend_radius": 0.05, "n": 1.4516122686289965, "loss": 6.910148702778308e-06, "neff": 1.4525545613375264}, "2": {"wavelength": 910, "bend_radius": 0.05, "n": 1.4516122686289965, "loss": 1.007526157204825e-05, "neff": 1.4525528753229298}, "3": {"wavelength": 910, "bend_radius": 0.05, "n": 1.4516122686289965, "loss": 1.5191561967267262, "neff": 1.4513033879641914}, "4": {"wavelength": 910, "bend_radius": 0.05, "n": 1.4516122686289965, "loss": 1.51424823731333, "neff": 1.4513031194958044}, "5": {"wavelength": 910, "bend_radius": 0.05, "n": 1.4516122686289965, "loss": 1.1906211679465393, "neff": 1.4513005053208}, "6": {"wavelength": 910, "bend_radius": 0.05, "n": 1.4516122686289965, "loss": 1.1898529297391776, "neff": 1.451299190238254}}