{"1": {"loss": -3.2375742131232326e-13, "neff": 1.4509667615031696}, "2": {"loss": 3.0151592469350666e-12, "neff": 1.4509650266268335}, "3": {"loss": 0.7841863883338903, "neff": 1.4497330859110762}, "4": {"loss": 0.8057295230231653, "neff": 1.449732168155011}, "5": {"loss": 0.6075981013937451, "neff": 1.4497311191312519}, "6": {"loss": 0.6768189710835208, "neff": 1.4497310115232644}}