{"1": {"loss": 18.98277187620904, "neff": 1.4513372248522174}, "2": {"loss": 19.017878176366295, "neff": 1.4513361677580328}, "3": {"loss": 176.87010194831856, "neff": 1.4504127090361862}, "4": {"loss": 176.8906136766341, "neff": 1.4504109805223855}, "5": {"loss": 83.80599383411426, "neff": 1.4502153751152191}, "6": {"loss": 83.9206685648469, "neff": 1.4502150993746927}}