{"1": {"wavelength": 870, "bend_radius": 0.045, "n": 1.4521927938551105, "loss": 4.709989218550813e-06, "neff": 1.4531937380461366}, "2": {"wavelength": 870, "bend_radius": 0.045, "n": 1.4521927938551105, "loss": 6.080775670368438e-06, "neff": 1.4531920008295403}, "3": {"wavelength": 870, "bend_radius": 0.045, "n": 1.4521927938551105, "loss": 0.8285899779859393, "neff": 1.4519848507506201}, "4": {"wavelength": 870, "bend_radius": 0.045, "n": 1.4521927938551105, "loss": 0.8201595280091073, "neff": 1.4519844701648263}, "5": {"wavelength": 870, "bend_radius": 0.045, "n": 1.4521927938551105, "loss": 0.5410462279503359, "neff": 1.451981646848302}, "6": {"wavelength": 870, "bend_radius": 0.045, "n": 1.4521927938551105, "loss": 0.5392521440014444, "neff": 1.451979998110642}}