{"1": {"loss": 0.0008405624472642517, "neff": 1.4508870832451743}, "2": {"loss": 0.0008057036182966058, "neff": 1.4508854337573593}, "3": {"loss": 3.4327397985260935, "neff": 1.4496018622614035}, "4": {"loss": 3.409870688725711, "neff": 1.4496013019600194}, "5": {"loss": 2.509589034350637, "neff": 1.449596117232742}, "6": {"loss": 2.508914067074391, "neff": 1.4495949010587832}}