{"1": {"loss": 0.0018519256270260835, "neff": 1.4509030766498252}, "2": {"loss": 0.002039538415980668, "neff": 1.450901417697536}, "3": {"loss": 3.3988004152135303, "neff": 1.449630288774225}, "4": {"loss": 3.4039952885075575, "neff": 1.4496297041210704}, "5": {"loss": 2.2332708295756984, "neff": 1.4496227016911563}, "6": {"loss": 2.2329150954794863, "neff": 1.4496214196759756}}