{"1": {"loss": 1.6925057770517927e-13, "neff": 1.4510100219965}, "2": {"loss": 2.416358490410676e-12, "neff": 1.451008251467854}, "3": {"loss": 0.393273961636565, "neff": 1.4498077138125673}, "4": {"loss": 0.32000997212881105, "neff": 1.4498065630367791}, "5": {"loss": 0.39708264118403075, "neff": 1.4498055164680743}, "6": {"loss": 0.32520326256057597, "neff": 1.449805452250885}}