{"wavelength": 820, "bend_radius": 0.025, "1": {"n": 1.4529792357022007, "loss": 0.0007416504724184349, "neff": 1.4540632880489774}, "2": {"n": 1.4529792357022007, "loss": 0.000758943594702796, "neff": 1.4540615105962063}, "3": {"n": 1.4529792357022007, "loss": 0.723614776091539, "neff": 1.4529205784219275}, "4": {"n": 1.4529792357022007, "loss": 0.7296308330452809, "neff": 1.4529200466552645}, "5": {"n": 1.4529792357022007, "loss": 0.29202470384810236, "neff": 1.4529099897175848}, "6": {"n": 1.4529792357022007, "loss": 0.29549356773064334, "neff": 1.4529078912043678}}