{"1": {"n": 1.4500438058602083, "loss": 0.009826300302593112, "neff": 1.450818914413263}, "2": {"n": 1.4500438058602083, "loss": 0.010949137848264576, "neff": 1.450817406088456}, "3": {"n": 1.4500438058602083, "loss": 10.275629048114412, "neff": 1.4494543696416229}, "4": {"n": 1.4500438058602083, "loss": 10.24336965890008, "neff": 1.4494543176224182}, "5": {"n": 1.4500438058602083, "loss": 8.678001057522613, "neff": 1.449448707426548}, "6": {"n": 1.4500438058602083, "loss": 8.723631507291534, "neff": 1.4494481305440046}, "wavelength": 1030, "bend_radius": 0.04}