{"1": {"n": 1.4497997593262841, "loss": 0.8036427010018901, "neff": 1.4505870014217173}, "2": {"n": 1.4497997593262841, "loss": 0.8142246098308313, "neff": 1.450585606913098}, "3": {"n": 1.4497997593262841, "loss": 41.43711082810953, "neff": 1.4492545790190285}, "4": {"n": 1.4497997593262841, "loss": 41.30180514511707, "neff": 1.4492544705735382}, "5": {"n": 1.4497997593262841, "loss": 19.817465652574363, "neff": 1.4492142674114963}, "6": {"n": 1.4497997593262841, "loss": 19.87943892592419, "neff": 1.4492138310621097}, "wavelength": 1050, "bend_radius": 0.015}