{"1": {"loss": 0.15149674498658056, "neff": 1.450835986552922}, "2": {"loss": 0.15443165184261587, "neff": 1.4508344328566332}, "3": {"loss": 15.344279272139156, "neff": 1.4495308170012098}, "4": {"loss": 15.351767312988157, "neff": 1.4495302238152354}, "5": {"loss": 7.889883909008552, "neff": 1.44950587030184}, "6": {"loss": 7.889491578480074, "neff": 1.4495049453279394}}