{"1": {"n": 1.4523441428045392, "loss": 0.03632589195050112, "neff": 1.4533965738342423}, "2": {"n": 1.4523441428045392, "loss": 0.036799014500892666, "neff": 1.453394903517629}, "3": {"n": 1.4523441428045392, "loss": 4.279915399851773, "neff": 1.4522484718159883}, "4": {"n": 1.4523441428045392, "loss": 4.31046474028582, "neff": 1.4522482261577232}, "5": {"n": 1.4523441428045392, "loss": 1.4596696679215742, "neff": 1.4522105829116976}, "6": {"n": 1.4523441428045392, "loss": 1.4737543955733916, "neff": 1.452208990094368}, "wavelength": 860, "bend_radius": 0.015}