{"1": {"loss": 1.9234043980207065, "neff": 1.4508874743375177}, "2": {"loss": 1.9312226324456492, "neff": 1.45088606914414}, "3": {"loss": 65.82961787264101, "neff": 1.4496584630893428}, "4": {"loss": 65.80816777566446, "neff": 1.4496576714054803}, "5": {"loss": 26.26519590610822, "neff": 1.4495716949242563}, "6": {"loss": 26.282379229478924, "neff": 1.4495709808600912}}