{"1": {"loss": -4.032571734925074e-10, "neff": 1.4509388911288328}, "2": {"loss": 3.728581085551112e-10, "neff": 1.4509371822572807}, "3": {"loss": 1.063847960719423, "neff": 1.4496854257858964}, "4": {"loss": 1.0196788980198497, "neff": 1.449685228803234}, "5": {"loss": 1.02168618611946, "neff": 1.4496841374972886}, "6": {"loss": 1.0815067163397405, "neff": 1.4496834320789849}}