{"1": {"loss": -6.705188440723963e-12, "neff": 1.450881106471821}, "2": {"loss": 3.2075354870531812e-12, "neff": 1.4508794465180115}, "3": {"loss": 2.118398366600995, "neff": 1.4495876784117148}, "4": {"loss": 2.171910787738573, "neff": 1.4495870353216174}, "5": {"loss": 2.3444228226644914, "neff": 1.4495859178834587}, "6": {"loss": 2.279842585131749, "neff": 1.4495858718748247}}