{"1": {"wavelength": 850, "bend_radius": 0.2, "n": 1.4524982860552091, "loss": -4.220307688891643e-12, "neff": 1.4535240278509316}, "2": {"wavelength": 850, "bend_radius": 0.2, "n": 1.4524982860552091, "loss": -3.0320051061298637e-12, "neff": 1.453522256449}, "3": {"wavelength": 850, "bend_radius": 0.2, "n": 1.4524982860552091, "loss": 0.2724844846655537, "neff": 1.4523320861940483}, "4": {"wavelength": 850, "bend_radius": 0.2, "n": 1.4524982860552091, "loss": 0.23697866364223275, "neff": 1.4523309660144499}, "5": {"wavelength": 850, "bend_radius": 0.2, "n": 1.4524982860552091, "loss": 0.22588260705533586, "neff": 1.4523300959138734}, "6": {"wavelength": 850, "bend_radius": 0.2, "n": 1.4524982860552091, "loss": 0.27925845444247677, "neff": 1.4523298330319983}}