{"1": {"n": 1.450417409406875, "loss": 1.542402653292865, "neff": 1.4513309194980994}, "2": {"n": 1.450417409406875, "loss": 1.556925774543127, "neff": 1.4513295804333994}, "3": {"n": 1.450417409406875, "loss": 56.200630310191976, "neff": 1.4501159803294732}, "4": {"n": 1.450417409406875, "loss": 56.06003309905991, "neff": 1.45011577069122}, "5": {"n": 1.450417409406875, "loss": 21.83862300047105, "neff": 1.4500304468531866}, "6": {"n": 1.450417409406875, "loss": 21.915280100058528, "neff": 1.4500298991099398}, "wavelength": 1000, "bend_radius": 0.01}