{"1": {"wavelength": 920, "bend_radius": 0.025, "n": 1.4514726603407175, "loss": 0.012220554602013232, "neff": 1.4524121124545626}, "2": {"wavelength": 920, "bend_radius": 0.025, "n": 1.4514726603407175, "loss": 0.012420931922268924, "neff": 1.4524104650707854}, "3": {"wavelength": 920, "bend_radius": 0.025, "n": 1.4514726603407175, "loss": 4.011274095080902, "neff": 1.4511675539086792}, "4": {"wavelength": 920, "bend_radius": 0.025, "n": 1.4514726603407175, "loss": 4.028345046819468, "neff": 1.4511673112122054}, "5": {"wavelength": 920, "bend_radius": 0.025, "n": 1.4514726603407175, "loss": 2.0498212417990525, "neff": 1.4511531247257268}, "6": {"wavelength": 920, "bend_radius": 0.025, "n": 1.4514726603407175, "loss": 2.06640944889522, "neff": 1.4511518704440576}}