{"1": {"n": 1.4523441428045392, "loss": -6.373648145213375e-12, "neff": 1.453355290274743}, "2": {"n": 1.4523441428045392, "loss": -1.183626840675796e-12, "neff": 1.4533535312259067}, "3": {"n": 1.4523441428045392, "loss": 0.3548549157202683, "neff": 1.4521524465721845}, "4": {"n": 1.4523441428045392, "loss": 0.3240839722413142, "neff": 1.452151381118159}, "5": {"n": 1.4523441428045392, "loss": 0.3162269875987375, "neff": 1.4521505183940093}, "6": {"n": 1.4523441428045392, "loss": 0.3692800755752321, "neff": 1.452150260205137}, "wavelength": 860, "bend_radius": 0.2}