{"1": {"loss": 0.0011871497300299288, "neff": 1.4508296420339721}, "2": {"loss": 0.0010006846538303741, "neff": 1.4508280418423138}, "3": {"loss": 5.437392913297003, "neff": 1.4495043982229412}, "4": {"loss": 5.39960293043856, "neff": 1.4495038868464722}, "5": {"loss": 4.615731002179129, "neff": 1.449499748160872}, "6": {"loss": 4.60963011812736, "neff": 1.4494987669174537}}