{"1": {"wavelength": 860, "bend_radius": 0.075, "n": 1.4523441428045392, "loss": -3.935940781746496e-10, "neff": 1.4533567009694583}, "2": {"wavelength": 860, "bend_radius": 0.075, "n": 1.4523441428045392, "loss": 3.423773867180912e-10, "neff": 1.4533549448835401}, "3": {"wavelength": 860, "bend_radius": 0.075, "n": 1.4523441428045392, "loss": 0.3821918366959641, "neff": 1.452154659841327}, "4": {"wavelength": 860, "bend_radius": 0.075, "n": 1.4523441428045392, "loss": 0.43046053536115814, "neff": 1.4521545377074434}, "5": {"wavelength": 860, "bend_radius": 0.075, "n": 1.4523441428045392, "loss": 0.4042947138474935, "neff": 1.4521535518162993}, "6": {"wavelength": 860, "bend_radius": 0.075, "n": 1.4523441428045392, "loss": 0.3624280596924184, "neff": 1.4521523496543687}}