{"wavelength": 820, "bend_radius": 0.045, "1": {"n": 1.4529792357022007, "loss": 2.6058715377469424e-07, "neff": 1.4540532190000477}, "2": {"n": 1.4529792357022007, "loss": 3.6255355111597087e-07, "neff": 1.4540514209201307}, "3": {"n": 1.4529792357022007, "loss": 0.2979407796846781, "neff": 1.4528985199111961}, "4": {"n": 1.4529792357022007, "loss": 0.28767057376835614, "neff": 1.4528980278221704}, "5": {"n": 1.4529792357022007, "loss": 0.1707418578378303, "neff": 1.452896200886911}, "6": {"n": 1.4529792357022007, "loss": 0.16264325969929186, "neff": 1.452894142921501}}