{"1": {"n": 1.4505442353610596, "loss": -6.323728002565389e-10, "neff": 1.4513691673298437}, "2": {"n": 1.4505442353610596, "loss": 6.121703284568299e-10, "neff": 1.451367587154388}, "3": {"n": 1.4505442353610596, "loss": 4.4005944823560075, "neff": 1.4500350131068813}, "4": {"n": 1.4505442353610596, "loss": 4.386435343574081, "neff": 1.4500345106980101}, "5": {"n": 1.4505442353610596, "loss": 4.663521605494083, "neff": 1.4500335374451778}, "6": {"n": 1.4505442353610596, "loss": 4.461836802334389, "neff": 1.4500333743095764}, "wavelength": 990, "bend_radius": 0.2}