{"1": {"wavelength": 890, "bend_radius": 0.3, "n": 1.4518978468770973, "loss": 3.2369210730601424e-12, "neff": 1.4528653013978419}, "2": {"wavelength": 890, "bend_radius": 0.3, "n": 1.4518978468770973, "loss": -8.290989349300459e-13, "neff": 1.4528635806438748}, "3": {"wavelength": 890, "bend_radius": 0.3, "n": 1.4518978468770973, "loss": 0.8067410104636656, "neff": 1.4516305580598357}, "4": {"wavelength": 890, "bend_radius": 0.3, "n": 1.4518978468770973, "loss": 0.8154886316108669, "neff": 1.4516295644010493}, "5": {"wavelength": 890, "bend_radius": 0.3, "n": 1.4518978468770973, "loss": 0.6343140547182574, "neff": 1.4516286892934218}, "6": {"wavelength": 890, "bend_radius": 0.3, "n": 1.4518978468770973, "loss": 0.7208077775570437, "neff": 1.4516285326604443}}