{"1": {"wavelength": 1030, "bend_radius": 0.015, "n": 1.4500438058602083, "loss": 0.6149096623412382, "neff": 1.45085827422216}, "2": {"wavelength": 1030, "bend_radius": 0.015, "n": 1.4500438058602083, "loss": 0.6236107286578554, "neff": 1.4508568499233274}, "3": {"wavelength": 1030, "bend_radius": 0.015, "n": 1.4500438058602083, "loss": 34.21074929863328, "neff": 1.4495457784655241}, "4": {"wavelength": 1030, "bend_radius": 0.015, "n": 1.4500438058602083, "loss": 34.099241751256415, "neff": 1.4495456980839418}, "5": {"wavelength": 1030, "bend_radius": 0.015, "n": 1.4500438058602083, "loss": 15.876217815181183, "neff": 1.4495048082520832}, "6": {"wavelength": 1030, "bend_radius": 0.015, "n": 1.4500438058602083, "loss": 15.932061229141526, "neff": 1.4495042817598403}}