{"1": {"loss": 0.00015116229532427758, "neff": 1.4510031151957175}, "2": {"loss": 0.00016783283113828447, "neff": 1.4510013701346536}, "3": {"loss": 1.0881506331917918, "neff": 1.4497995560262684}, "4": {"loss": 1.0895431877582502, "neff": 1.4497988835478115}, "5": {"loss": 0.6031081171642377, "neff": 1.4497931998946159}, "6": {"loss": 0.6035595321609613, "neff": 1.4497914255633066}}