{"1": {"n": 1.4521927938551105, "loss": 8.451501265752316e-07, "neff": 1.453192865604851}, "2": {"n": 1.4521927938551105, "loss": 1.0323990052415881e-06, "neff": 1.4531911265507245}, "3": {"n": 1.4521927938551105, "loss": 0.7396759940506026, "neff": 1.4519828023282715}, "4": {"n": 1.4521927938551105, "loss": 0.7297667303848437, "neff": 1.4519824517482987}, "5": {"n": 1.4521927938551105, "loss": 0.5236468061266233, "neff": 1.4519803732400063}, "6": {"n": 1.4521927938551105, "loss": 0.5156576935877999, "neff": 1.4519787552941041}, "wavelength": 870, "bend_radius": 0.05}