{"1": {"n": 1.4497997593262841, "loss": 0.34260297876816265, "neff": 1.4505666372866903}, "2": {"n": 1.4497997593262841, "loss": 0.35114586327114344, "neff": 1.4505651994790942}, "3": {"n": 1.4497997593262841, "loss": 26.831004918296316, "neff": 1.4492088994620143}, "4": {"n": 1.4497997593262841, "loss": 26.750786181662022, "neff": 1.4492088576845217}, "5": {"n": 1.4497997593262841, "loss": 15.062339547376911, "neff": 1.4491855778494616}, "6": {"n": 1.4497997593262841, "loss": 15.113447001156816, "neff": 1.449185113690779}, "wavelength": 1050, "bend_radius": 0.02}