{"1": {"wavelength": 970, "bend_radius": 0.03, "n": 1.4508017923282956, "loss": 0.014756568012317674, "neff": 1.451665622595114}, "2": {"wavelength": 970, "bend_radius": 0.03, "n": 1.4508017923282956, "loss": 0.014575965599279386, "neff": 1.4516640363201558}, "3": {"wavelength": 970, "bend_radius": 0.03, "n": 1.4508017923282956, "loss": 6.310149656349263, "neff": 1.45036556842702}, "4": {"wavelength": 970, "bend_radius": 0.03, "n": 1.4508017923282956, "loss": 6.366141244584549, "neff": 1.4503654148176102}, "5": {"wavelength": 970, "bend_radius": 0.03, "n": 1.4508017923282956, "loss": 4.016391025112105, "neff": 1.4503552479785842}, "6": {"wavelength": 970, "bend_radius": 0.03, "n": 1.4508017923282956, "loss": 4.040853557807819, "neff": 1.4503543236999097}}