{"wavelength": 810, "bend_radius": 0.3, "1": {"n": 1.453146366149297, "loss": -2.905423185339512e-12, "neff": 1.454230700573483}, "2": {"n": 1.453146366149297, "loss": -4.395537082565314e-12, "neff": 1.4542288824803145}, "3": {"n": 1.453146366149297, "loss": 0.06784748831337255, "neff": 1.4530840574250017}, "4": {"n": 1.453146366149297, "loss": 0.053647273815933545, "neff": 1.4530826315422962}, "5": {"n": 1.453146366149297, "loss": 0.065621116795821, "neff": 1.4530817000777352}, "6": {"n": 1.453146366149297, "loss": 0.06526228868799396, "neff": 1.4530814977865767}}