{"1": {"loss": 0.07612062330586472, "neff": 1.450994756605883}, "2": {"loss": 0.07655433601107783, "neff": 1.4509931100634574}, "3": {"loss": 7.4931171442922055, "neff": 1.449811806612204}, "4": {"loss": 7.492797593210278, "neff": 1.4498110782449187}, "5": {"loss": 2.760044027329382, "neff": 1.44976977322127}, "6": {"loss": 2.7703144984230472, "neff": 1.4497683467600564}}