{"1": {"wavelength": 800, "bend_radius": 0.025, "n": 1.4533172548587419, "loss": 0.00037693648837923936, "neff": 1.4544306753251999}, "2": {"wavelength": 800, "bend_radius": 0.025, "n": 1.4533172548587419, "loss": 0.0003863810679919819, "neff": 1.454428874976401}, "3": {"wavelength": 800, "bend_radius": 0.025, "n": 1.4533172548587419, "loss": 0.47825956869222763, "neff": 1.4533097585114594}, "4": {"wavelength": 800, "bend_radius": 0.025, "n": 1.4533172548587419, "loss": 0.48252175162740335, "neff": 1.453309154360266}, "5": {"wavelength": 800, "bend_radius": 0.025, "n": 1.4533172548587419, "loss": 0.18287728610428672, "neff": 1.453300337977056}, "6": {"wavelength": 800, "bend_radius": 0.025, "n": 1.4533172548587419, "loss": 0.1851014722328782, "neff": 1.4532980472565684}}