{"1": {"wavelength": 860, "bend_radius": 0.025, "n": 1.4523441428045392, "loss": 0.0025319796875319456, "neff": 1.4533698882256252}, "2": {"wavelength": 860, "bend_radius": 0.025, "n": 1.4523441428045392, "loss": 0.0025829541265235635, "neff": 1.4533681600675794}, "3": {"wavelength": 860, "bend_radius": 0.025, "n": 1.4523441428045392, "loss": 1.5316443659526795, "neff": 1.452185276662786}, "4": {"wavelength": 860, "bend_radius": 0.025, "n": 1.4523441428045392, "loss": 1.5418287743716703, "neff": 1.4521848741982883}, "5": {"wavelength": 860, "bend_radius": 0.025, "n": 1.4523441428045392, "loss": 0.6837380756748418, "neff": 1.4521727416966062}, "6": {"wavelength": 860, "bend_radius": 0.025, "n": 1.4523441428045392, "loss": 0.6908951112081888, "neff": 1.4521710063394537}}