{"1": {"loss": 43.045226025181414, "neff": 1.4512158632526881}, "2": {"loss": 43.12150142381358, "neff": 1.451214886999537}, "3": {"loss": 364.6296107334969, "neff": 1.4501394835406323}, "4": {"loss": 364.431138023661, "neff": 1.450137988417317}, "5": {"loss": 174.96738507161263, "neff": 1.4499770700895693}, "6": {"loss": 175.00895336091256, "neff": 1.4499768475253612}}