{"1": {"wavelength": 870, "bend_radius": 0.04, "n": 1.4521927938551105, "loss": 3.416847506760949e-05, "neff": 1.4531949584682935}, "2": {"wavelength": 870, "bend_radius": 0.04, "n": 1.4521927938551105, "loss": 3.050673714335642e-05, "neff": 1.4531932238424414}, "3": {"wavelength": 870, "bend_radius": 0.04, "n": 1.4521927938551105, "loss": 0.9460707012915542, "neff": 1.4519877225528959}, "4": {"wavelength": 870, "bend_radius": 0.04, "n": 1.4521927938551105, "loss": 0.9455801434355093, "neff": 1.451987325906721}, "5": {"wavelength": 870, "bend_radius": 0.04, "n": 1.4521927938551105, "loss": 0.5719436619950025, "neff": 1.4519833997888474}, "6": {"wavelength": 870, "bend_radius": 0.04, "n": 1.4521927938551105, "loss": 0.5744845179670313, "neff": 1.45198173389052}}