{"1": {"loss": 0.0008012414987372207, "neff": 1.4510058631255693}, "2": {"loss": 0.0007824860120288698, "neff": 1.451004123074494}, "3": {"loss": 1.3440780801456758, "neff": 1.4498061853006459}, "4": {"loss": 1.3434353435372401, "neff": 1.4498054982252577}, "5": {"loss": 0.6790529864262347, "neff": 1.4497971344357077}, "6": {"loss": 0.6809861610704626, "neff": 1.4497953633296015}}