{"1": {"loss": 46.30785817296599, "neff": 1.4512037381107898}, "2": {"loss": 46.388927591060344, "neff": 1.4512027692174765}, "3": {"loss": 388.9566650304487, "neff": 1.4501120437441937}, "4": {"loss": 388.7136032160655, "neff": 1.4501105709343955}, "5": {"loss": 186.9705944251546, "neff": 1.4499531328954536}, "6": {"loss": 186.99702491070192, "neff": 1.449952915283918}}