{"1": {"loss": 2.861974829763078e-12, "neff": 1.450981073965953}, "2": {"loss": -2.759554236664028e-12, "neff": 1.4509793268946538}, "3": {"loss": 0.5965724813305545, "neff": 1.4497576814365174}, "4": {"loss": 0.5164826659085507, "neff": 1.4497566377032274}, "5": {"loss": 0.6092885982745339, "neff": 1.4497555810651226}, "6": {"loss": 0.527597852364883, "neff": 1.449755538659173}}