{"1": {"loss": 31.666512360321963, "neff": 1.451264374145879}, "2": {"loss": 31.723630194675007, "neff": 1.4512633672491966}, "3": {"loss": 277.8791032732422, "neff": 1.450249064311937}, "4": {"loss": 277.81701340746633, "neff": 1.4502474777419003}, "5": {"loss": 132.52702280649262, "neff": 1.4500726248790397}, "6": {"loss": 132.61315931122138, "neff": 1.4500723816949395}}