{"1": {"n": 1.4499213245971632, "loss": -2.7934253702815146e-09, "neff": 1.4506763054118808}, "2": {"n": 1.4499213245971632, "loss": 2.7611942011037002e-09, "neff": 1.450674798808356}, "3": {"n": 1.4499213245971632, "loss": 9.051801879296507, "neff": 1.4492943486994057}, "4": {"n": 1.4499213245971632, "loss": 8.987596455687823, "neff": 1.449293954864122}, "5": {"n": 1.4499213245971632, "loss": 8.954807329124538, "neff": 1.4492928349621803}, "6": {"n": 1.4499213245971632, "loss": 9.065732607327822, "neff": 1.4492927512380136}, "wavelength": 1040, "bend_radius": 0.3}