{"1": {"wavelength": 940, "bend_radius": 0.03, "n": 1.451199202758338, "loss": 0.006834990748791134, "neff": 1.4521054645087563}, "2": {"wavelength": 940, "bend_radius": 0.03, "n": 1.451199202758338, "loss": 0.00673044227904047, "neff": 1.4521038350820143}, "3": {"wavelength": 940, "bend_radius": 0.03, "n": 1.451199202758338, "loss": 4.173089629086361, "neff": 1.4508345026357266}, "4": {"wavelength": 940, "bend_radius": 0.03, "n": 1.451199202758338, "loss": 4.208068400807592, "neff": 1.4508342851894054}, "5": {"wavelength": 940, "bend_radius": 0.03, "n": 1.451199202758338, "loss": 2.499528245477229, "neff": 1.4508244689129535}, "6": {"wavelength": 940, "bend_radius": 0.03, "n": 1.451199202758338, "loss": 2.5171748601676067, "neff": 1.4508233445683478}}