{"1": {"loss": 2.2426164213422847e-05, "neff": 1.4509569438768828}, "2": {"loss": 2.5912107169706085e-05, "neff": 1.4509552294182002}, "3": {"loss": 1.3846905311500661, "neff": 1.4497187144469494}, "4": {"loss": 1.3666817123715784, "neff": 1.4497181214750423}, "5": {"loss": 0.9739254394420147, "neff": 1.4497148085463027}, "6": {"loss": 0.9689534542322857, "neff": 1.44971327733318}}