{"1": {"n": 1.4509326937135074, "loss": -8.382184733540911e-11, "neff": 1.451799997066294}, "2": {"n": 1.4509326937135074, "loss": 9.078605202841445e-11, "neff": 1.4517983734084456}, "3": {"n": 1.4509326937135074, "loss": 2.6507734300439676, "neff": 1.450494919802815}, "4": {"n": 1.4509326937135074, "loss": 2.791498511791495, "neff": 1.450494314360618}, "5": {"n": 1.4509326937135074, "loss": 2.93836069631523, "neff": 1.4504933987688866}, "6": {"n": 1.4509326937135074, "loss": 2.898767070516566, "neff": 1.450493206768877}, "wavelength": 960, "bend_radius": 0.2}