{"1": {"loss": 2.6618552897173478e-06, "neff": 1.451014582040351}, "2": {"loss": 3.525585812326752e-06, "neff": 1.4510128198362195}, "3": {"loss": 0.668978538623209, "neff": 1.4498171980179697}, "4": {"loss": 0.6556791282729991, "neff": 1.4498165583687437}, "5": {"loss": 0.4218771903509254, "neff": 1.4498138997477}, "6": {"loss": 0.41571810321092334, "neff": 1.4498120758436372}}