{"1": {"loss": 9.548401764070062, "neff": 1.4514225230640334}, "2": {"loss": 9.565746130822147, "neff": 1.451421398881708}, "3": {"loss": 96.34380297602779, "neff": 1.4506020092661858}, "4": {"loss": 96.38072057279771, "neff": 1.450600110525922}, "5": {"loss": 45.57835390914505, "neff": 1.4503810523494525}, "6": {"loss": 45.6892400269239, "neff": 1.4503807381073064}}