{"1": {"n": 1.4510651315237548, "loss": 5.5407493163052895e-12, "neff": 1.451946397685855}, "2": {"n": 1.4510651315237548, "loss": 7.636241047997821e-12, "neff": 1.4519447592252301}, "3": {"n": 1.4510651315237548, "loss": 2.205881041253471, "neff": 1.4506509788195927}, "4": {"n": 1.4510651315237548, "loss": 2.4546734814732094, "neff": 1.4506502207026741}, "5": {"n": 1.4510651315237548, "loss": 2.193502059015629, "neff": 1.4506492571791405}, "6": {"n": 1.4510651315237548, "loss": 2.4690827442789853, "neff": 1.4506491746779855}, "wavelength": 950, "bend_radius": 0}