{"wavelength": 830, "bend_radius": 0.04, "1": {"n": 1.452815646249081, "loss": 4.556676753843954e-06, "neff": 1.4538761483497924}, "2": {"n": 1.452815646249081, "loss": 4.249532137300347e-06, "neff": 1.4538743643282894}, "3": {"n": 1.452815646249081, "loss": 0.4295446582925714, "neff": 1.4527117430244458}, "4": {"n": 1.452815646249081, "loss": 0.4270423742048179, "neff": 1.4527112365400277}, "5": {"n": 1.452815646249081, "loss": 0.23112443969823215, "neff": 1.4527082689985233}, "6": {"n": 1.452815646249081, "loss": 0.22944727145400104, "neff": 1.4527062573167526}}