{"1": {"loss": 0.7776397149150927, "neff": 1.450981296496641}, "2": {"loss": 0.7813078987866104, "neff": 1.4509798073930424}, "3": {"loss": 33.87672623714742, "neff": 1.449824364900105}, "4": {"loss": 33.869596646683206, "neff": 1.4498235180512482}, "5": {"loss": 12.231581289267519, "neff": 1.449733114872342}, "6": {"loss": 12.259429838018546, "neff": 1.4497321363795992}}