{"1": {"loss": 7.6774736558163506, "neff": 1.4514469992223937}, "2": {"loss": 7.690728880659159, "neff": 1.4514458536845192}, "3": {"loss": 79.57028915429333, "neff": 1.4506556650290694}, "4": {"loss": 79.6071393104511, "neff": 1.4506537166588442}, "5": {"loss": 37.64587133587585, "neff": 1.4504282260532124}, "6": {"loss": 37.75046942196295, "neff": 1.4504279010596137}}