{"1": {"loss": 0.0038178268620960194, "neff": 1.450934283517319}, "2": {"loss": 0.0037270241726941773, "neff": 1.4509326044121718}, "3": {"loss": 3.0357659807596327, "neff": 1.449685117093631}, "4": {"loss": 3.041192723983485, "neff": 1.4496844966442326}, "5": {"loss": 1.7272005801384331, "neff": 1.4496748578675553}, "6": {"loss": 1.7292814135946335, "neff": 1.4496734490864542}}