{"1": {"loss": 0.001639954771346965, "neff": 1.4508589341128133}, "2": {"loss": 0.0016332396498601575, "neff": 1.4508573102928575}, "3": {"loss": 4.565886124755331, "neff": 1.4495546058032922}, "4": {"loss": 4.534646603315584, "neff": 1.449554063182207}, "5": {"loss": 3.4749555502383287, "neff": 1.4495487146381596}, "6": {"loss": 3.4731629197789053, "neff": 1.4495476150997608}}