{"1": {"loss": 4.829837409683487e-07, "neff": 1.4510137146846271}, "2": {"loss": 5.448266325389893e-07, "neff": 1.4510119509097452}, "3": {"loss": 0.594949333293021, "neff": 1.4498151458852326}, "4": {"loss": 0.579807847347773, "neff": 1.4498145494221166}, "5": {"loss": 0.40809564455893266, "neff": 1.449812625221882}, "6": {"loss": 0.395439893604393, "neff": 1.44981083901981}}