{"1": {"n": 1.4518978468770973, "loss": 0.00033362671064108873, "neff": 1.452872867675171}, "2": {"n": 1.4518978468770973, "loss": 0.00037399699960166574, "neff": 1.4528711631000855}, "3": {"n": 1.4518978468770973, "loss": 1.5791541051608942, "neff": 1.4516475229116517}, "4": {"n": 1.4518978468770973, "loss": 1.5934570896336675, "neff": 1.4516471758905878}, "5": {"n": 1.4518978468770973, "loss": 0.929692236193859, "neff": 1.4516411141677927}, "6": {"n": 1.4518978468770973, "loss": 0.9368918898910414, "neff": 1.4516396080383593}, "wavelength": 890, "bend_radius": 0.035}