{"1": {"n": 1.452044078932333, "loss": -1.4649800244329318e-09, "neff": 1.453027572464204}, "2": {"n": 1.452044078932333, "loss": 1.4194840659414206e-09, "neff": 1.4530258419207835}, "3": {"n": 1.452044078932333, "loss": 0.6092120530818358, "neff": 1.4518042927918955}, "4": {"n": 1.452044078932333, "loss": 0.6452293324255285, "neff": 1.4518042408408374}, "5": {"n": 1.452044078932333, "loss": 0.6151414995955193, "neff": 1.4518032017996907}, "6": {"n": 1.452044078932333, "loss": 0.5859206883812559, "neff": 1.4518020450187983}, "wavelength": 880, "bend_radius": 0.075}