{"1": {"wavelength": 970, "bend_radius": 0.045, "n": 1.4508017923282956, "loss": 0.0005614245425686852, "neff": 1.4516595376298886}, "2": {"wavelength": 970, "bend_radius": 0.045, "n": 1.4508017923282956, "loss": 0.0004969508174293695, "neff": 1.4516579382378376}, "3": {"wavelength": 970, "bend_radius": 0.045, "n": 1.4508017923282956, "loss": 4.240108087479771, "neff": 1.450350609721887}, "4": {"wavelength": 970, "bend_radius": 0.045, "n": 1.4508017923282956, "loss": 4.229143733790588, "neff": 1.4503504504286644}, "5": {"wavelength": 970, "bend_radius": 0.045, "n": 1.4508017923282956, "loss": 3.502987946794122, "neff": 1.4503463846606164}, "6": {"wavelength": 970, "bend_radius": 0.045, "n": 1.4508017923282956, "loss": 3.525149128391442, "neff": 1.450345467263125}}