{"1": {"n": 1.451199202758338, "loss": 0.019441956402972492, "neff": 1.4521102162996342}, "2": {"n": 1.451199202758338, "loss": 0.019743292275186838, "neff": 1.452108597180194}, "3": {"n": 1.451199202758338, "loss": 5.335081872362962, "neff": 1.4508461545588858}, "4": {"n": 1.451199202758338, "loss": 5.355056010674129, "neff": 1.4508459575534365}, "5": {"n": 1.451199202758338, "loss": 2.8411163644654454, "neff": 1.450831356134419}, "6": {"n": 1.451199202758338, "loss": 2.8620827477290054, "neff": 1.450830244402393}, "wavelength": 940, "bend_radius": 0.025}