{"1": {"wavelength": 1040, "bend_radius": 0.005, "n": 1.4499213245971632, "loss": 43.12973367442357, "neff": 1.4511327177402815}, "2": {"wavelength": 1040, "bend_radius": 0.005, "n": 1.4499213245971632, "loss": 43.35189448240146, "neff": 1.4511322491389602}, "3": {"wavelength": 1040, "bend_radius": 0.005, "n": 1.4499213245971632, "loss": 371.68461166637195, "neff": 1.4500459634995138}, "4": {"wavelength": 1040, "bend_radius": 0.005, "n": 1.4499213245971632, "loss": 372.99453334465744, "neff": 1.4500455994833967}, "5": {"wavelength": 1040, "bend_radius": 0.005, "n": 1.4499213245971632, "loss": 177.2904470587352, "neff": 1.449887057630478}, "6": {"wavelength": 1040, "bend_radius": 0.005, "n": 1.4499213245971632, "loss": 177.18091884130482, "neff": 1.4498869287301561}}