{"1": {"loss": 0.006219029835631927, "neff": 1.4508468242288617}, "2": {"loss": 0.006673844001483851, "neff": 1.4508452165261032}, "3": {"loss": 5.938398228874771, "neff": 1.4495358624293306}, "4": {"loss": 5.940622877535749, "neff": 1.449535314079774}, "5": {"loss": 4.229979333680294, "neff": 1.4495279480509373}, "6": {"loss": 4.2253484648098905, "neff": 1.4495268990655896}}