{"1": {"loss": 0.018806658945734505, "neff": 1.4509902704119149}, "2": {"loss": 0.019057940705164374, "neff": 1.4509885781180285}, "3": {"loss": 3.6458670729268556, "neff": 1.4497897423470132}, "4": {"loss": 3.6474909757905234, "neff": 1.449789048869726}, "5": {"loss": 1.520277923110166, "neff": 1.4497668042726481}, "6": {"loss": 1.5261456126796755, "neff": 1.4497652336162312}}