{"1": {"loss": 0.6818533592636282, "neff": 1.450801502259619}, "2": {"loss": 0.6876784236731176, "neff": 1.4508000311367755}, "3": {"loss": 36.75165206822985, "neff": 1.449484602454927}, "4": {"loss": 36.746253075203754, "neff": 1.4494839788043938}, "5": {"loss": 17.245469344738176, "neff": 1.4494423247613317}, "6": {"loss": 17.23891191707463, "neff": 1.44944159851981}}