{"1": {"loss": 0.15314733672615, "neff": 1.4509386920626728}, "2": {"loss": 0.15427465257834305, "neff": 1.4509370953081608}, "3": {"loss": 12.516163331816687, "neff": 1.4497180763218718}, "4": {"loss": 12.512822877796165, "neff": 1.4497173823742902}, "5": {"loss": 4.979511014729895, "neff": 1.449674723604167}, "6": {"loss": 4.990509107213694, "neff": 1.449673536789177}}