{"1": {"n": 1.4508017923282956, "loss": -3.4974987605654555e-11, "neff": 1.4516547948729581}, "2": {"n": 1.4508017923282956, "loss": 3.442273067406414e-11, "neff": 1.4516531853207113}, "3": {"n": 1.4508017923282956, "loss": 3.0922447785413913, "neff": 1.4503398842807467}, "4": {"n": 1.4508017923282956, "loss": 3.131386212488524, "neff": 1.4503392569462703}, "5": {"n": 1.4508017923282956, "loss": 3.276595621009796, "neff": 1.4503382905439666}, "6": {"n": 1.4508017923282956, "loss": 3.18782096209909, "neff": 1.4503381689296515}, "wavelength": 970, "bend_radius": 0.3}