{"1": {"n": 1.450417409406875, "loss": 31.701007684099494, "neff": 1.4516781078553918}, "2": {"n": 1.450417409406875, "loss": 31.882570836910688, "neff": 1.4516776043944168}, "3": {"n": 1.450417409406875, "loss": 283.49091149936993, "neff": 1.4506526613866855}, "4": {"n": 1.450417409406875, "loss": 284.3812282486958, "neff": 1.4506523106827556}, "5": {"n": 1.450417409406875, "loss": 134.2532364637644, "neff": 1.450479865142995}, "6": {"n": 1.450417409406875, "loss": 134.11184324781047, "neff": 1.4504797702746741}, "wavelength": 1000, "bend_radius": 0.005}