{"wavelength": 840, "bend_radius": 0.1, "1": {"n": 1.4526553936728075, "loss": 3.7535463700682654e-13, "neff": 1.4536964506531027}, "2": {"n": 1.4526553936728075, "loss": 8.322344512025199e-12, "neff": 1.4536946685957526}, "3": {"n": 1.4526553936728075, "loss": 0.1991141891808797, "neff": 1.4525158864330114}, "4": {"n": 1.4526553936728075, "loss": 0.2255419978642515, "neff": 1.452515188874988}, "5": {"n": 1.4526553936728075, "loss": 0.2248673885927183, "neff": 1.4525143147904709}, "6": {"n": 1.4526553936728075, "loss": 0.20194365834329892, "neff": 1.4525135690569875}}