{"1": {"n": 1.4513350097137934, "loss": 0.04433218730898073, "neff": 1.4522689551160979}, "2": {"n": 1.4513350097137934, "loss": 0.04533999432276848, "neff": 1.4522673408978692}, "3": {"n": 1.4513350097137934, "loss": 6.597521711592448, "neff": 1.4510271720101233}, "4": {"n": 1.4513350097137934, "loss": 6.643812241146638, "neff": 1.451026994782023}, "5": {"n": 1.4513350097137934, "loss": 3.009269997846321, "neff": 1.4510038997738381}, "6": {"n": 1.4513350097137934, "loss": 3.03105089926776, "neff": 1.4510027480264776}, "wavelength": 930, "bend_radius": 0.02}