{"1": {"loss": -4.2980839402960484e-08, "neff": 1.450896890646171}, "2": {"loss": 6.037077103081861e-08, "neff": 1.450895220781003}, "3": {"loss": 1.9117233380347074, "neff": 1.4496147814389786}, "4": {"loss": 1.9208896675719211, "neff": 1.4496145107885257}, "5": {"loss": 1.926158801938182, "neff": 1.4496132977671647}, "6": {"loss": 1.935972182374434, "neff": 1.4496122945813565}}