{"1": {"wavelength": 940, "bend_radius": 0.05, "n": 1.451199202758338, "loss": 3.03554375468569e-05, "neff": 1.4520985774336925}, "2": {"wavelength": 940, "bend_radius": 0.05, "n": 1.451199202758338, "loss": 4.5426750122559704e-05, "neff": 1.452096933119504}, "3": {"wavelength": 940, "bend_radius": 0.05, "n": 1.451199202758338, "loss": 2.4774882584061113, "neff": 1.4508175571220698}, "4": {"wavelength": 940, "bend_radius": 0.05, "n": 1.451199202758338, "loss": 2.4786896495584574, "neff": 1.4508173498368422}, "5": {"wavelength": 940, "bend_radius": 0.05, "n": 1.451199202758338, "loss": 2.0744766385280737, "neff": 1.4508144204664453}, "6": {"wavelength": 940, "bend_radius": 0.05, "n": 1.451199202758338, "loss": 2.0811987222001997, "neff": 1.4508133183860144}}