{"1": {"loss": 0.008662282184355791, "neff": 1.4508918320332842}, "2": {"loss": 0.008477556282001595, "neff": 1.4508901908465646}, "3": {"loss": 4.690895732806637, "neff": 1.4496137842758714}, "4": {"loss": 4.704777157744841, "neff": 1.4496131948922173}, "5": {"loss": 2.8455091272182633, "neff": 1.4496030848645973}, "6": {"loss": 2.846237331083502, "neff": 1.4496018661393464}}