{"1": {"wavelength": 860, "bend_radius": 0.1, "n": 1.4523441428045392, "loss": -1.2355445223784456e-11, "neff": 1.4533559826567546}, "2": {"wavelength": 860, "bend_radius": 0.1, "n": 1.4523441428045392, "loss": 7.347033774584633e-12, "neff": 1.4533542250615585}, "3": {"wavelength": 860, "bend_radius": 0.1, "n": 1.4523441428045392, "loss": 0.3487023414972497, "neff": 1.4521534892561625}, "4": {"wavelength": 860, "bend_radius": 0.1, "n": 1.4523441428045392, "loss": 0.36051656664205195, "neff": 1.4521529092805479}, "5": {"wavelength": 860, "bend_radius": 0.1, "n": 1.4523441428045392, "loss": 0.35607569683153567, "neff": 1.4521520490346416}, "6": {"wavelength": 860, "bend_radius": 0.1, "n": 1.4523441428045392, "loss": 0.35433315180813174, "neff": 1.4521513054483743}}