{"wavelength": 830, "bend_radius": 0.03, "1": {"n": 1.452815646249081, "loss": 0.00019121913894601088, "neff": 1.4538805894485094}, "2": {"n": 1.452815646249081, "loss": 0.00018927906359042705, "neff": 1.4538788146041153}, "3": {"n": 1.452815646249081, "loss": 0.6464618732885151, "neff": 1.4527216287058546}, "4": {"n": 1.452815646249081, "loss": 0.6502478037368037, "neff": 1.4527211107081355}, "5": {"n": 1.452815646249081, "loss": 0.2959114156522932, "neff": 1.45271439991146}, "6": {"n": 1.452815646249081, "loss": 0.29871646950817565, "neff": 1.4527123758119938}}