{"1": {"loss": 0.0022526693788911243, "neff": 1.4508449224057531}, "2": {"loss": 0.00228758098116188, "neff": 1.4508433114879755}, "3": {"loss": 5.238484534732466, "neff": 1.4495311016430363}, "4": {"loss": 5.2019883208461595, "neff": 1.4495305671838614}, "5": {"loss": 4.062041943540793, "neff": 1.4495251552370223}, "6": {"loss": 4.059348819149943, "neff": 1.449524110926357}}