{"1": {"wavelength": 990, "bend_radius": 0.3, "n": 1.4505442353610596, "loss": -1.4878207117021197e-10, "neff": 1.4513690294759565}, "2": {"wavelength": 990, "bend_radius": 0.3, "n": 1.4505442353610596, "loss": 1.3799816904404924e-10, "neff": 1.4513674490072666}, "3": {"wavelength": 990, "bend_radius": 0.3, "n": 1.4505442353610596, "loss": 4.301347160539881, "neff": 1.4500347841494097}, "4": {"wavelength": 990, "bend_radius": 0.3, "n": 1.4505442353610596, "loss": 4.313977654775101, "neff": 1.450034232969344}, "5": {"wavelength": 990, "bend_radius": 0.3, "n": 1.4505442353610596, "loss": 4.406041880115594, "neff": 1.4500332266471392}, "6": {"wavelength": 990, "bend_radius": 0.3, "n": 1.4505442353610596, "loss": 4.361199194835856, "neff": 1.4500331157988204}}