{"1": {"loss": -8.825751625636297e-12, "neff": 1.4509238834442917}, "2": {"loss": -2.021362991969114e-12, "neff": 1.4509221857384602}, "3": {"loss": 1.368320581109048, "neff": 1.4496599774449512}, "4": {"loss": 1.4526737520557373, "neff": 1.4496593024286117}, "5": {"loss": 1.1803635783848876, "neff": 1.4496582367114668}, "6": {"loss": 1.2808059412170691, "neff": 1.4496580679590523}}