{"1": {"n": 1.4514726603407175, "loss": 0.5170748833539911, "neff": 1.4524950589487187}, "2": {"n": 1.4514726603407175, "loss": 0.5230622372185733, "neff": 1.4524935996775148}, "3": {"n": 1.4514726603407175, "loss": 25.14290763446149, "neff": 1.4513618397943098}, "4": {"n": 1.4514726603407175, "loss": 25.043616304437553, "neff": 1.4513617240191343}, "5": {"n": 1.4514726603407175, "loss": 8.620277585688065, "neff": 1.451272976119461}, "6": {"n": 1.4514726603407175, "loss": 8.670334937304402, "neff": 1.4512720376163106}, "wavelength": 920, "bend_radius": 0.01}