{"1": {"loss": 0.0011185346267258626, "neff": 1.4509914662366579}, "2": {"loss": 0.001091677746171305, "neff": 1.4509897380838945}, "3": {"loss": 1.5978478622222418, "neff": 1.4497817148348824}, "4": {"loss": 1.5978371896367989, "neff": 1.449781042830925}, "5": {"loss": 0.8277207787508707, "neff": 1.4497723729818912}, "6": {"loss": 0.8298241541389246, "neff": 1.4497706789033438}}