{"1": {"wavelength": 800, "bend_radius": 0.1, "n": 1.4533172548587419, "loss": 6.135435279551991e-12, "neff": 1.454417147164678}, "2": {"wavelength": 800, "bend_radius": 0.1, "n": 1.4533172548587419, "loss": 6.717189338484056e-12, "neff": 1.4544153198728935}, "3": {"wavelength": 800, "bend_radius": 0.1, "n": 1.4533172548587419, "loss": 0.05443711933967462, "neff": 1.4532826129530523}, "4": {"wavelength": 800, "bend_radius": 0.1, "n": 1.4533172548587419, "loss": 0.07897590580922767, "neff": 1.453281635228237}, "5": {"wavelength": 800, "bend_radius": 0.1, "n": 1.4533172548587419, "loss": 0.08250547458016635, "neff": 1.4532806971703702}, "6": {"wavelength": 800, "bend_radius": 0.1, "n": 1.4533172548587419, "loss": 0.054233401778385995, "neff": 1.453279984726381}}