{"1": {"loss": 0.0008122853546638811, "neff": 1.4508436198347896}, "2": {"loss": 0.0006984856435791382, "neff": 1.4508420066950993}, "3": {"loss": 4.738406800319286, "neff": 1.4495278377742857}, "4": {"loss": 4.70327231284176, "neff": 1.4495273189753088}, "5": {"loss": 3.9577701587160536, "neff": 1.4495232313413224}, "6": {"loss": 3.9524296146721927, "neff": 1.4495221969164866}}