{"1": {"loss": 0.584797997897444, "neff": 1.4510084692695078}, "2": {"loss": 0.5876849881024766, "neff": 1.451006955769149}, "3": {"loss": 27.46785177154129, "neff": 1.4498713408559247}, "4": {"loss": 27.46055422360267, "neff": 1.4498704793579098}, "5": {"loss": 9.597885051358581, "neff": 1.4497795739088253}, "6": {"loss": 9.62524541924024, "neff": 1.4497785059011112}}