{"1": {"wavelength": 850, "bend_radius": 0.025, "n": 1.4524982860552091, "loss": 0.0018902716058645016, "neff": 1.4535385521565583}, "2": {"wavelength": 850, "bend_radius": 0.025, "n": 1.4524982860552091, "loss": 0.001929749836882467, "neff": 1.4535368112781402}, "3": {"wavelength": 850, "bend_radius": 0.025, "n": 1.4524982860552091, "loss": 1.2813375648394036, "neff": 1.4523642346236225}, "4": {"wavelength": 850, "bend_radius": 0.025, "n": 1.4524982860552091, "loss": 1.290426440144771, "neff": 1.45236380170048}, "5": {"wavelength": 850, "bend_radius": 0.025, "n": 1.4524982860552091, "loss": 0.5582310084698225, "neff": 1.4523521352965412}, "6": {"wavelength": 850, "bend_radius": 0.025, "n": 1.4524982860552091, "loss": 0.564295866161859, "neff": 1.4523503121232446}}