{"1": {"loss": 0.1928734179803423, "neff": 1.4511049837540726}, "2": {"loss": 0.19379905574649012, "neff": 1.4511033844767105}, "3": {"loss": 12.08931352236691, "neff": 1.4500341503188086}, "4": {"loss": 12.079149301050547, "neff": 1.4500332405228418}, "5": {"loss": 3.6931485838319773, "neff": 1.4499442611826514}, "6": {"loss": 3.713380652710319, "neff": 1.4499428215749757}}