{"1": {"n": 1.4521927938551105, "loss": 0.04435006752372448, "neff": 1.4532308885433611}, "2": {"n": 1.4521927938551105, "loss": 0.04491990346649943, "neff": 1.453229231810888}, "3": {"n": 1.4521927938551105, "loss": 4.974966817533149, "neff": 1.4520732138304926}, "4": {"n": 1.4521927938551105, "loss": 5.009460494572159, "neff": 1.4520729938788344}, "5": {"n": 1.4521927938551105, "loss": 1.7342461515125984, "neff": 1.4520345619714183}, "6": {"n": 1.4521927938551105, "loss": 1.7501071031618698, "neff": 1.452033048710031}, "wavelength": 870, "bend_radius": 0.015}