{"1": {"loss": 1.5389300927837885e-12, "neff": 1.450923644854294}, "2": {"loss": 1.498710826298041e-12, "neff": 1.450921946720971}, "3": {"loss": 1.2185065846564758, "neff": 1.4496596047802859}, "4": {"loss": 1.2959916475342583, "neff": 1.4496587616505752}, "5": {"loss": 1.2235889042036758, "neff": 1.4496576644626333}, "6": {"loss": 1.3131335050259283, "neff": 1.449657661786389}}