{"1": {"loss": 0.1590668147977697, "neff": 1.450758128454009}, "2": {"loss": 0.16058048131443076, "neff": 1.450756623806611}, "3": {"loss": 19.57834680931122, "neff": 1.4493925806404386}, "4": {"loss": 19.597993112538997, "neff": 1.449392046090673}, "5": {"loss": 12.605895188451697, "neff": 1.4493768475912616}, "6": {"loss": 12.593057506942335, "neff": 1.449376128580653}}