{"1": {"loss": 0.0010256206488919114, "neff": 1.4507870043643476}, "2": {"loss": 0.0011447160304504209, "neff": 1.4507854415476429}, "3": {"loss": 7.596697971904828, "neff": 1.4494321378607509}, "4": {"loss": 7.610316571951191, "neff": 1.4494316653176624}, "5": {"loss": 7.065258853373426, "neff": 1.4494283415784857}, "6": {"loss": 7.048952132945171, "neff": 1.449427523491605}}