{"1": {"wavelength": 1030, "bend_radius": 0.005, "n": 1.4500438058602083, "loss": 40.02670739236564, "neff": 1.4512675230839611}, "2": {"wavelength": 1030, "bend_radius": 0.005, "n": 1.4500438058602083, "loss": 40.238558856237425, "neff": 1.4512670460476216}, "3": {"wavelength": 1030, "bend_radius": 0.005, "n": 1.4500438058602083, "loss": 348.04968445756623, "neff": 1.4501961265578704}, "4": {"wavelength": 1030, "bend_radius": 0.005, "n": 1.4500438058602083, "loss": 349.2432798274124, "neff": 1.450195766075451}, "5": {"wavelength": 1030, "bend_radius": 0.005, "n": 1.4500438058602083, "loss": 165.69863467795122, "neff": 1.4500337490522586}, "6": {"wavelength": 1030, "bend_radius": 0.005, "n": 1.4500438058602083, "loss": 165.5790238050179, "neff": 1.4500336286358122}}