{"wavelength": 800, "bend_radius": 0.01, "1": {"n": 1.4533172548587419, "loss": 0.06455250646113744, "neff": 1.454508288489683}, "2": {"n": 1.4533172548587419, "loss": 0.06545008177049332, "neff": 1.4545066531084838}, "3": {"n": 1.4533172548587419, "loss": 5.283670032120443, "neff": 1.4534866927552932}, "4": {"n": 1.4533172548587419, "loss": 5.318929270084535, "neff": 1.4534866115578287}, "5": {"n": 1.4533172548587419, "loss": 1.3959487714158567, "neff": 1.4534072572942163}, "6": {"n": 1.4533172548587419, "loss": 1.4123856763996863, "neff": 1.4534055096046266}}