{"wavelength": 800, "bend_radius": 0.075, "1": {"n": 1.4533172548587419, "loss": -9.180168596878773e-12, "neff": 1.4544178464846524}, "2": {"n": 1.4533172548587419, "loss": 5.005226617422981e-14, "neff": 1.4544160205741463}, "3": {"n": 1.4533172548587419, "loss": 0.06713004884753694, "neff": 1.4532835819597385}, "4": {"n": 1.4533172548587419, "loss": 0.10704676041230742, "neff": 1.4532830435923356}, "5": {"n": 1.4533172548587419, "loss": 0.10086021747390507, "neff": 1.4532820790625287}, "6": {"n": 1.4533172548587419, "loss": 0.06453175671695009, "neff": 1.4532809275542473}}