{"1": {"wavelength": 1040, "bend_radius": 0.045, "n": 1.4499213245971632, "loss": 0.006509207569380671, "neff": 1.4506812417865584}, "2": {"wavelength": 1040, "bend_radius": 0.045, "n": 1.4499213245971632, "loss": 0.00542810429360293, "neff": 1.4506797455052978}, "3": {"wavelength": 1040, "bend_radius": 0.045, "n": 1.4499213245971632, "loss": 10.77327514580783, "neff": 1.449305308732054}, "4": {"wavelength": 1040, "bend_radius": 0.045, "n": 1.4499213245971632, "loss": 10.759354094650307, "neff": 1.449305274473162}, "5": {"wavelength": 1040, "bend_radius": 0.045, "n": 1.4499213245971632, "loss": 9.75149330907482, "neff": 1.4493009101381564}, "6": {"wavelength": 1040, "bend_radius": 0.045, "n": 1.4499213245971632, "loss": 9.803286449556097, "neff": 1.449300390979353}}