{"1": {"loss": -1.4564249386341431e-09, "neff": 1.4509827323277789}, "2": {"loss": 1.3949835836399178e-09, "neff": 1.4509809882779963}, "3": {"loss": 0.628570970700683, "neff": 1.4497605144094987}, "4": {"loss": 0.5868507132039826, "neff": 1.4497603751124597}, "5": {"loss": 0.5971709538734672, "neff": 1.4497592803865256}, "6": {"loss": 0.5621651263892383, "neff": 1.4497580636587182}}