{"wavelength": 810, "bend_radius": 0.015, "1": {"n": 1.453146366149297, "loss": 0.012381904758617788, "neff": 1.4542711093643075}, "2": {"n": 1.453146366149297, "loss": 0.01256853532744634, "neff": 1.4542693742448933}, "3": {"n": 1.453146366149297, "loss": 1.8717014999860766, "neff": 1.4531713619902944}, "4": {"n": 1.453146366149297, "loss": 1.8871741047994772, "neff": 1.4531709678183022}, "5": {"n": 1.453146366149297, "loss": 0.5677447470048935, "neff": 1.453138657584875}, "6": {"n": 1.453146366149297, "loss": 0.5748695559535468, "neff": 1.4531366342427856}}