{"1": {"wavelength": 1050, "bend_radius": 0.025, "n": 1.4497997593262841, "loss": 0.16480077103036805, "neff": 1.4505572877569322}, "2": {"wavelength": 1050, "bend_radius": 0.025, "n": 1.4497997593262841, "loss": 0.16715969133777875, "neff": 1.4505558301355657}, "3": {"wavelength": 1050, "bend_radius": 0.025, "n": 1.4497997593262841, "loss": 20.21096017066369, "neff": 1.4491872888061448}, "4": {"wavelength": 1050, "bend_radius": 0.025, "n": 1.4497997593262841, "loss": 20.116072978994776, "neff": 1.4491872820242848}, "5": {"wavelength": 1050, "bend_radius": 0.025, "n": 1.4497997593262841, "loss": 13.06239159648299, "neff": 1.4491723287416074}, "6": {"wavelength": 1050, "bend_radius": 0.025, "n": 1.4497997593262841, "loss": 13.118899512577327, "neff": 1.4491718534672766}}