{"1": {"loss": 1.703748155062048, "neff": 1.4509007619027774}, "2": {"loss": 1.7106838001118525, "neff": 1.4508993449040848}, "3": {"loss": 60.23489368373132, "neff": 1.4496822949350272}, "4": {"loss": 60.215733163665135, "neff": 1.4496814950411143}, "5": {"loss": 23.719030079498808, "neff": 1.4495946745923116}, "6": {"loss": 23.739356135743364, "neff": 1.4495939269992424}}