{"1": {"loss": 0.1784012206188704, "neff": 1.4508222134960307}, "2": {"loss": 0.181898084225728, "neff": 1.4508206725800228}, "3": {"loss": 17.151078515566272, "neff": 1.449507538812505}, "4": {"loss": 17.155264911759, "neff": 1.4495069525651065}, "5": {"loss": 8.970542504508405, "neff": 1.449482647285514}, "6": {"loss": 8.967671818194892, "neff": 1.4494817686346435}}