{"wavelength": 840, "bend_radius": 0.2, "1": {"n": 1.4526553936728075, "loss": 1.4494276114326424e-12, "neff": 1.453695764981363}, "2": {"n": 1.4526553936728075, "loss": 4.0892656189342215e-12, "neff": 1.4536939815062595}, "3": {"n": 1.4526553936728075, "loss": 0.20012059571618762, "neff": 1.45251488856555}, "4": {"n": 1.4526553936728075, "loss": 0.1796180866087462, "neff": 1.4525137128695442}, "5": {"n": 1.4526553936728075, "loss": 0.16649481229970173, "neff": 1.4525128328751826}, "6": {"n": 1.4526553936728075, "loss": 0.2048260386727048, "neff": 1.4525125651755502}}