{"1": {"loss": 5.097724922353131e-08, "neff": 1.4508404857533928}, "2": {"loss": 5.845954948491909e-07, "neff": 1.450838867282867}, "3": {"loss": 3.8730059600717923, "neff": 1.4495200145589924}, "4": {"loss": 3.8791952040416335, "neff": 1.4495197197737173}, "5": {"loss": 3.844844777387576, "neff": 1.4495183675343744}, "6": {"loss": 3.8150559088761726, "neff": 1.4495175397628985}}