{"1": {"n": 1.4497997593262841, "loss": 0.03873007096403443, "neff": 1.4505491850649348}, "2": {"n": 1.4497997593262841, "loss": 0.039283691031003966, "neff": 1.4505477105212443}, "3": {"n": 1.4497997593262841, "loss": 14.412338105997048, "neff": 1.4491682709955098}, "4": {"n": 1.4497997593262841, "loss": 14.43591097462132, "neff": 1.4491682560931858}, "5": {"n": 1.4497997593262841, "loss": 11.585956130838747, "neff": 1.4491607920350758}, "6": {"n": 1.4497997593262841, "loss": 11.631462921974185, "neff": 1.4491603129556867}, "wavelength": 1050, "bend_radius": 0.035}