{"1": {"n": 1.4506723353352597, "loss": -7.0973086801312726e-12, "neff": 1.451511103664277}, "2": {"n": 1.4506723353352597, "loss": 1.0938726559305599e-11, "neff": 1.4515095083754153}, "3": {"n": 1.4506723353352597, "loss": 3.69085850026317, "neff": 1.4501864323695022}, "4": {"n": 1.4506723353352597, "loss": 3.892766010178344, "neff": 1.4501858011527213}, "5": {"n": 1.4506723353352597, "loss": 3.664626677313774, "neff": 1.450184787068894}, "6": {"n": 1.4506723353352597, "loss": 3.914554306180993, "neff": 1.4501847050145287}, "wavelength": 980, "bend_radius": 0}