{"1": {"loss": -6.139462891497713e-11, "neff": 1.4507968275668808}, "2": {"loss": 5.2431862361895036e-11, "neff": 1.4507952451211508}, "3": {"loss": 5.611463205644193, "neff": 1.449446142320453}, "4": {"loss": 5.674681029778175, "neff": 1.4494456518801393}, "5": {"loss": 5.688334454236135, "neff": 1.4494444761260294}, "6": {"loss": 5.56142128268155, "neff": 1.4494444082846136}}