{"wavelength": 800, "bend_radius": 0.04, "1": {"n": 1.4533172548587419, "loss": 8.231381445490469e-07, "neff": 1.4544218720585027}, "2": {"n": 1.4533172548587419, "loss": 8.22634752512381e-07, "neff": 1.4544200541232013}, "3": {"n": 1.4533172548587419, "loss": 0.22038101623538092, "neff": 1.4532912890762977}, "4": {"n": 1.4533172548587419, "loss": 0.2157709008009996, "neff": 1.4532907044792762}, "5": {"n": 1.4533172548587419, "loss": 0.10966499238267786, "neff": 1.453288568758739}, "6": {"n": 1.4533172548587419, "loss": 0.10533059211503333, "neff": 1.4532862957675443}}