{"1": {"wavelength": 910, "bend_radius": 0.005, "n": 1.4516122686289965, "loss": 14.312904406855935, "neff": 1.4529841320574777}, "2": {"wavelength": 910, "bend_radius": 0.005, "n": 1.4516122686289965, "loss": 14.419616860512766, "neff": 1.4529835368173758}, "3": {"wavelength": 910, "bend_radius": 0.005, "n": 1.4516122686289965, "loss": 140.864282015175, "neff": 1.452094903636597}, "4": {"wavelength": 910, "bend_radius": 0.005, "n": 1.4516122686289965, "loss": 141.2026122995301, "neff": 1.4520945670585437}, "5": {"wavelength": 910, "bend_radius": 0.005, "n": 1.4516122686289965, "loss": 66.06350306506201, "neff": 1.451891233908258}, "6": {"wavelength": 910, "bend_radius": 0.005, "n": 1.4516122686289965, "loss": 65.91237652953693, "neff": 1.4518912140619284}}