{"1": {"wavelength": 970, "bend_radius": 0.05, "n": 1.4508017923282956, "loss": 0.00012325886508630468, "neff": 1.4516586146879664}, "2": {"wavelength": 970, "bend_radius": 0.05, "n": 1.4508017923282956, "loss": 0.00017353835326734283, "neff": 1.4516570133160633}, "3": {"wavelength": 970, "bend_radius": 0.05, "n": 1.4508017923282956, "loss": 3.9030236680278207, "neff": 1.4503483394519179}, "4": {"wavelength": 970, "bend_radius": 0.05, "n": 1.4508017923282956, "loss": 3.9150658014924127, "neff": 1.4503481901850923}, "5": {"wavelength": 970, "bend_radius": 0.05, "n": 1.4508017923282956, "loss": 3.449081880581588, "neff": 1.450345020453366}, "6": {"wavelength": 970, "bend_radius": 0.05, "n": 1.4508017923282956, "loss": 3.465248352459399, "neff": 1.4503441153883094}}