{"1": {"loss": 0.010807175003712387, "neff": 1.4508189493842831}, "2": {"loss": 0.01140980021059052, "neff": 1.4508173675327187}, "3": {"loss": 7.691590127413568, "neff": 1.4494890943750565}, "4": {"loss": 7.68813431138932, "neff": 1.4494885615418138}, "5": {"loss": 5.679783745514947, "neff": 1.4494811049638217}, "6": {"loss": 5.671328130135564, "neff": 1.4494801600567147}}