{"1": {"loss": 0.0003266631752704414, "neff": 1.4509743297804987}, "2": {"loss": 0.0003639887898748654, "neff": 1.4509726086442432}, "3": {"loss": 1.5438886199295752, "neff": 1.44975055235378}, "4": {"loss": 1.5465507073073201, "neff": 1.4497499087928023}, "5": {"loss": 0.901834211520657, "neff": 1.4497437536282796}, "6": {"loss": 0.9025583582918378, "neff": 1.4497421309937988}}