{"1": {"n": 1.450417409406875, "loss": 0.40261862652090624, "neff": 1.4512730053017584}, "2": {"n": 1.450417409406875, "loss": 0.4085738009526573, "neff": 1.4512715363101134}, "3": {"n": 1.450417409406875, "loss": 25.236056139133154, "neff": 1.4499900892435365}, "4": {"n": 1.450417409406875, "loss": 25.146694595331972, "neff": 1.4499900537646495}, "5": {"n": 1.450417409406875, "loss": 11.16979303475747, "neff": 1.4499484362794546}, "6": {"n": 1.450417409406875, "loss": 11.217135694409178, "neff": 1.4499477622894401}, "wavelength": 1000, "bend_radius": 0.015}