{"1": {"wavelength": 1050, "bend_radius": 0.05, "n": 1.4497997593262841, "loss": 0.0033718648713279573, "neff": 1.450544894899508}, "2": {"wavelength": 1050, "bend_radius": 0.05, "n": 1.4497997593262841, "loss": 0.003221318155095585, "neff": 1.4505434114691131}, "3": {"wavelength": 1050, "bend_radius": 0.05, "n": 1.4497997593262841, "loss": 11.733420262407167, "neff": 1.4491581348043403}, "4": {"wavelength": 1050, "bend_radius": 0.05, "n": 1.4497997593262841, "loss": 11.803328759613818, "neff": 1.4491581220699963}, "5": {"wavelength": 1050, "bend_radius": 0.05, "n": 1.4497997593262841, "loss": 10.999656990683093, "neff": 1.4491546120629881}, "6": {"wavelength": 1050, "bend_radius": 0.05, "n": 1.4497997593262841, "loss": 11.05134534400816, "neff": 1.4491541515401225}}