{"1": {"n": 1.4524982860552091, "loss": 7.6574264638848675, "neff": 1.4539446745243878}, "2": {"n": 1.4524982860552091, "loss": 7.725120545732473, "neff": 1.4539440037962537}, "3": {"n": 1.4524982860552091, "loss": 81.37791268457619, "neff": 1.4531441431553915}, "4": {"n": 1.4524982860552091, "loss": 81.52256915022943, "neff": 1.4531437950638841}, "5": {"n": 1.4524982860552091, "loss": 37.978662495045945, "neff": 1.4529208297214382}, "6": {"n": 1.4524982860552091, "loss": 38.10725308266543, "neff": 1.4529208039388055}, "wavelength": 850, "bend_radius": 0.005}