{"wavelength": 840, "bend_radius": 0, "1": {"n": 1.4526553936728075, "loss": 1.8542224683683197e-12, "neff": 1.4536955364804804}, "2": {"n": 1.4526553936728075, "loss": 2.458065825763276e-13, "neff": 1.453693752533161}, "3": {"n": 1.4526553936728075, "loss": 0.17693763172988503, "neff": 1.4525145623228726}, "4": {"n": 1.4526553936728075, "loss": 0.22407642745345158, "neff": 1.452513234708546}, "5": {"n": 1.4526553936728075, "loss": 0.1765822583299333, "neff": 1.4525123336823673}, "6": {"n": 1.4526553936728075, "loss": 0.22202427687069456, "neff": 1.4525122167699616}}