{"1": {"wavelength": 1020, "bend_radius": 0.005, "n": 1.450167267865247, "loss": 37.091870134078164, "neff": 1.4514033103431283}, "2": {"wavelength": 1020, "bend_radius": 0.005, "n": 1.450167267865247, "loss": 37.29345389326386, "neff": 1.4514028246904607}, "3": {"wavelength": 1020, "bend_radius": 0.005, "n": 1.450167267865247, "loss": 325.48590097735513, "neff": 1.4503472523636656}, "4": {"wavelength": 1020, "bend_radius": 0.005, "n": 1.450167267865247, "loss": 326.5707348838572, "neff": 1.4503468952986687}, "5": {"wavelength": 1020, "bend_radius": 0.005, "n": 1.450167267865247, "loss": 154.67292894542487, "neff": 1.4501814014991037}, "6": {"wavelength": 1020, "bend_radius": 0.005, "n": 1.450167267865247, "loss": 154.54469711814176, "neff": 1.4501812895894277}}