{"1": {"loss": -1.1898189478243319e-12, "neff": 1.4509955291228618}, "2": {"loss": -2.6182065755814692e-12, "neff": 1.4509937702250544}, "3": {"loss": 0.49944919362230616, "neff": 1.4497826071066522}, "4": {"loss": 0.4076422838743623, "neff": 1.4497815103873677}, "5": {"loss": 0.5077735578553458, "neff": 1.4497804596661423}, "6": {"loss": 0.4175903078687757, "neff": 1.4497804066094697}}