{"1": {"n": 1.4510651315237548, "loss": 0.002610686716516819, "neff": 1.4519543331995914}, "2": {"n": 1.4510651315237548, "loss": 0.0028730856328033575, "neff": 1.45195271181853}, "3": {"n": 1.4510651315237548, "loss": 4.031603016051767, "neff": 1.4506694368965156}, "4": {"n": 1.4510651315237548, "loss": 4.061934454157288, "neff": 1.4506692332247444}, "5": {"n": 1.4510651315237548, "loss": 2.7276585591642237, "neff": 1.4506621844821266}, "6": {"n": 1.4510651315237548, "loss": 2.745486939595576, "neff": 1.4506611253922068}, "wavelength": 950, "bend_radius": 0.035}