{"1": {"n": 1.4500438058602083, "loss": 0.05622960304565669, "neff": 1.4508238756729221}, "2": {"n": 1.4500438058602083, "loss": 0.05602974399232824, "neff": 1.4508223778436973}, "3": {"n": 1.4500438058602083, "loss": 13.20738268607906, "neff": 1.4494662435359158}, "4": {"n": 1.4500438058602083, "loss": 13.324540409489213, "neff": 1.4494662018272197}, "5": {"n": 1.4500438058602083, "loss": 9.356858309396845, "neff": 1.4494558425109292}, "6": {"n": 1.4500438058602083, "loss": 9.397543556295375, "neff": 1.449455263339787}, "wavelength": 1030, "bend_radius": 0.03}