{"1": {"n": 1.4513350097137934, "loss": -7.654269890822132e-12, "neff": 1.4522448108719892}, "2": {"n": 1.4513350097137934, "loss": -6.734757057665585e-12, "neff": 1.4522431442465578}, "3": {"n": 1.4513350097137934, "loss": 1.5200226027046735, "neff": 1.4509692305887076}, "4": {"n": 1.4513350097137934, "loss": 1.686408392492359, "neff": 1.4509683799054667}, "5": {"n": 1.4513350097137934, "loss": 1.523000221719791, "neff": 1.4509674435091375}, "6": {"n": 1.4513350097137934, "loss": 1.7029494058216164, "neff": 1.4509673605400173}, "wavelength": 930, "bend_radius": 0}