{"1": {"loss": 0.00749616944599103, "neff": 1.4510476390606648}, "2": {"loss": 0.007578446833873199, "neff": 1.451045899174707}, "3": {"loss": 1.9119087333727058, "neff": 1.4498861325713372}, "4": {"loss": 1.9111107314383797, "neff": 1.4498853837044314}, "5": {"loss": 0.7300818554101811, "neff": 1.4498653804515562}, "6": {"loss": 0.7343112856712344, "neff": 1.4498635070503036}}