{"1": {"loss": 1.6229473603362575e-06, "neff": 1.450812533656519}, "2": {"loss": 1.7176355095639169e-06, "neff": 1.4508109411524055}, "3": {"loss": 5.643679836805914, "neff": 1.4494731693228915}, "4": {"loss": 5.570982532101433, "neff": 1.4494728706705442}, "5": {"loss": 5.3061775056767, "neff": 1.4494714491576532}, "6": {"loss": 5.172444944259144, "neff": 1.4494707084096363}}