{"1": {"wavelength": 800, "bend_radius": 0.015, "n": 1.4533172548587419, "loss": 0.009815730656381026, "neff": 1.4544565832736727}, "2": {"wavelength": 800, "bend_radius": 0.015, "n": 1.4533172548587419, "loss": 0.0099690594745912, "neff": 1.454454835919658}, "3": {"wavelength": 800, "bend_radius": 0.015, "n": 1.4533172548587419, "loss": 1.5599685765608318, "neff": 1.4533666760433521}, "4": {"wavelength": 800, "bend_radius": 0.015, "n": 1.4533172548587419, "loss": 1.5733359143354524, "neff": 1.4533662475182154}, "5": {"wavelength": 800, "bend_radius": 0.015, "n": 1.4533172548587419, "loss": 0.46146987576865517, "neff": 1.4533352869970608}, "6": {"wavelength": 800, "bend_radius": 0.015, "n": 1.4533172548587419, "loss": 0.4675647140066815, "neff": 1.453333171371111}}