{"1": {"loss": -2.7304102449987316e-08, "neff": 1.450839715422888}, "2": {"loss": 2.6336365119558203e-08, "neff": 1.4508380956404905}, "3": {"loss": 4.026433209073994, "neff": 1.4495181178989076}, "4": {"loss": 4.641923030552039, "neff": 1.4495181086335762}, "5": {"loss": 4.176837127381847, "neff": 1.4495168766765256}, "6": {"loss": 3.774671351674531, "neff": 1.4495163493815417}}