{"1": {"loss": 0.07570499226017681, "neff": 1.4508914958406198}, "2": {"loss": 0.07704752525173994, "neff": 1.4508898910745383}, "3": {"loss": 9.549635720350757, "neff": 1.4496242540462132}, "4": {"loss": 9.560107133356903, "neff": 1.449623630366146}, "5": {"loss": 4.572504920069855, "neff": 1.4495994388225415}, "6": {"loss": 4.5778462844348695, "neff": 1.4495983090848465}}