{"1": {"loss": 0.035226953920641076, "neff": 1.4509476830595271}, "2": {"loss": 0.035766840148252196, "neff": 1.4509460278000572}, "3": {"loss": 5.637978235485911, "neff": 1.449718422241282}, "4": {"loss": 5.643391674668851, "neff": 1.449717762005399}, "5": {"loss": 2.5001731658724635, "neff": 1.4496943944970684}, "6": {"loss": 2.5066964690761586, "neff": 1.4496930263632781}}