{"1": {"wavelength": 920, "bend_radius": 0.005, "n": 1.4514726603407175, "loss": 15.75558591946489, "neff": 1.452832144881681}, "2": {"wavelength": 920, "bend_radius": 0.005, "n": 1.4514726603407175, "loss": 15.869510022333733, "neff": 1.4528315609528801}, "3": {"wavelength": 920, "bend_radius": 0.005, "n": 1.4514726603407175, "loss": 153.31653469677056, "neff": 1.4519279390513766}, "4": {"wavelength": 920, "bend_radius": 0.005, "n": 1.4514726603407175, "loss": 153.69729629577776, "neff": 1.4519276025047805}, "5": {"wavelength": 920, "bend_radius": 0.005, "n": 1.4514726603407175, "loss": 71.93723046571468, "neff": 1.4517276421768557}, "6": {"wavelength": 920, "bend_radius": 0.005, "n": 1.4514726603407175, "loss": 71.78422929689255, "neff": 1.4517276142758906}}