{"1": {"loss": 0.0013361352357068846, "neff": 1.4509172445273681}, "2": {"loss": 0.0014780915241863542, "neff": 1.450915572923525}, "3": {"loss": 2.928294215042729, "neff": 1.4496541184541794}, "4": {"loss": 2.9332480772601044, "neff": 1.4496535233753032}, "5": {"loss": 1.8822185310671387, "neff": 1.4496466537372903}, "6": {"loss": 1.8823724887333424, "neff": 1.4496453080523086}}