{"1": {"loss": -2.1047283920763724e-10, "neff": 1.450953223236327}, "2": {"loss": 1.9271845562298276e-10, "neff": 1.4509515020469999}, "3": {"loss": 0.8633255785685042, "neff": 1.449709835616364}, "4": {"loss": 0.8255602385173736, "neff": 1.4497095961406135}, "5": {"loss": 0.8245753865507673, "neff": 1.4497085195486117}, "6": {"loss": 0.8775966057048465, "neff": 1.449707798217257}}