{"1": {"n": 1.450167267865247, "loss": 0.045745272645398606, "neff": 1.4509611970274126}, "2": {"n": 1.450167267865247, "loss": 0.04551054079788989, "neff": 1.450959684331186}, "3": {"n": 1.450167267865247, "loss": 11.762104847133173, "neff": 1.449613138769244}, "4": {"n": 1.450167267865247, "loss": 11.867837417090573, "neff": 1.4496130796085045}, "5": {"n": 1.450167267865247, "loss": 8.196270033437038, "neff": 1.4496027115478765}, "6": {"n": 1.450167267865247, "loss": 8.234119038477228, "neff": 1.4496020796603304}, "wavelength": 1020, "bend_radius": 0.03}