{"1": {"wavelength": 870, "bend_radius": 0.02, "n": 1.4521927938551105, "loss": 0.012382370035328223, "neff": 1.4532124998629732}, "2": {"wavelength": 870, "bend_radius": 0.02, "n": 1.4521927938551105, "loss": 0.012628717081819596, "neff": 1.4532108028669677}, "3": {"wavelength": 870, "bend_radius": 0.02, "n": 1.4521927938551105, "loss": 2.711165526121141, "neff": 1.452029342029745}, "4": {"wavelength": 870, "bend_radius": 0.02, "n": 1.4521927938551105, "loss": 2.731191613902634, "neff": 1.4520290161728264}, "5": {"wavelength": 870, "bend_radius": 0.02, "n": 1.4521927938551105, "loss": 1.0924223075482906, "neff": 1.4520083130587298}, "6": {"wavelength": 870, "bend_radius": 0.02, "n": 1.4521927938551105, "loss": 1.1031823230472335, "neff": 1.4520067045223797}}