{"1": {"wavelength": 990, "bend_radius": 0.01, "n": 1.4505442353610596, "loss": 1.3590896694096646, "neff": 1.451471218319741}, "2": {"wavelength": 990, "bend_radius": 0.01, "n": 1.4505442353610596, "loss": 1.372198211779875, "neff": 1.4514698643057216}, "3": {"wavelength": 990, "bend_radius": 0.01, "n": 1.4505442353610596, "loss": 51.218043899374756, "neff": 1.450266793234273}, "4": {"wavelength": 990, "bend_radius": 0.01, "n": 1.4505442353610596, "loss": 51.08036658342111, "neff": 1.4502665945218818}, "5": {"wavelength": 990, "bend_radius": 0.01, "n": 1.4505442353610596, "loss": 19.624268443660288, "neff": 1.4501805571996444}, "6": {"wavelength": 990, "bend_radius": 0.01, "n": 1.4505442353610596, "loss": 19.697922069286978, "neff": 1.4501799660011845}}