{"1": {"n": 1.4521927938551105, "loss": 0.0033606603878246224, "neff": 1.4532040572560885}, "2": {"n": 1.4521927938551105, "loss": 0.0034259004125358483, "neff": 1.453202342056082}, "3": {"n": 1.4521927938551105, "loss": 1.820723495345767, "neff": 1.452009254441128}, "4": {"n": 1.4521927938551105, "loss": 1.8320187168747577, "neff": 1.4520088812635994}, "5": {"n": 1.4521927938551105, "loss": 0.8323718482691647, "neff": 1.4519963184214777}, "6": {"n": 1.4521927938551105, "loss": 0.8407471072335994, "neff": 1.451994668761021}, "wavelength": 870, "bend_radius": 0.025}