{"1": {"loss": 0.00012016750597483824, "neff": 1.4508567140268782}, "2": {"loss": 0.00016872830970815034, "neff": 1.4508550863865766}, "3": {"loss": 3.7844450388533466, "neff": 1.4495490313901578}, "4": {"loss": 3.777033676030972, "neff": 1.4495485252977633}, "5": {"loss": 3.3263140991356046, "neff": 1.4495454200540911}, "6": {"loss": 3.315136037005463, "neff": 1.4495443465153408}}