{"1": {"n": 1.451199202758338, "loss": -2.0617320663014845e-11, "neff": 1.4520949572581712}, "2": {"n": 1.451199202758338, "loss": 1.745402138857796e-11, "neff": 1.4520933051618106}, "3": {"n": 1.451199202758338, "loss": 1.7982666906298423, "neff": 1.4508095611024918}, "4": {"n": 1.451199202758338, "loss": 1.910916535356923, "neff": 1.450808878528104}, "5": {"n": 1.451199202758338, "loss": 1.8808692261962943, "neff": 1.4508079911243967}, "6": {"n": 1.451199202758338, "loss": 1.9752646008436316, "neff": 1.4508077843287668}, "wavelength": 940, "bend_radius": 0.2}