{"1": {"n": 1.4500438058602083, "loss": 0.2531495963664336, "neff": 1.4508381274052387}, "2": {"n": 1.4500438058602083, "loss": 0.25956528581690014, "neff": 1.4508366597928988}, "3": {"n": 1.4500438058602083, "loss": 21.86442669067194, "neff": 1.4494998107848307}, "4": {"n": 1.4500438058602083, "loss": 21.77973666020346, "neff": 1.4494998004125628}, "5": {"n": 1.4500438058602083, "loss": 11.875083426906594, "neff": 1.4494762046084864}, "6": {"n": 1.4500438058602083, "loss": 11.921573036555186, "neff": 1.4494756445786618}, "wavelength": 1030, "bend_radius": 0.02}