{"1": {"loss": 4.079120720396316e-06, "neff": 1.4509560566673758}, "2": {"loss": 5.731518954554097e-06, "neff": 1.4509543406173482}, "3": {"loss": 1.2459037071611, "neff": 1.4497165257489777}, "4": {"loss": 1.2315848199034662, "neff": 1.4497159618490898}, "5": {"loss": 0.9475504744250596, "neff": 1.4497134912963814}, "6": {"loss": 0.9365716201954608, "neff": 1.4497119838691712}}