{"1": {"loss": 37.03464971867525, "neff": 1.4512401158219073}, "2": {"loss": 37.10114432245734, "neff": 1.451239124495963}, "3": {"loss": 319.17666247298075, "neff": 1.4501943128608983}, "4": {"loss": 319.055096271317, "neff": 1.4501927724220454}, "5": {"loss": 152.6651432622459, "neff": 1.450024886331607}, "6": {"loss": 152.73204855650175, "neff": 1.4500246536053447}}