{"1": {"n": 1.4513350097137934, "loss": 17.308209756496183, "neff": 1.4526821242216221}, "2": {"n": 1.4513350097137934, "loss": 17.429548521305975, "neff": 1.4526815512913498}, "3": {"n": 1.4513350097137934, "loss": 166.5627977163245, "neff": 1.451762894827559}, "4": {"n": 1.4513350097137934, "loss": 166.98923965241187, "neff": 1.451762557845384}, "5": {"n": 1.4513350097137934, "loss": 78.19984653869432, "neff": 1.4515659904317466}, "6": {"n": 1.4513350097137934, "loss": 78.04558468169108, "neff": 1.4515659543795747}, "wavelength": 930, "bend_radius": 0.005}