{"1": {"n": 1.4523441428045392, "loss": 0.0005800094339299254, "neff": 1.4533653437885141}, "2": {"n": 1.4523441428045392, "loss": 0.0005714560244895193, "neff": 1.4533636059624633}, "3": {"n": 1.4523441428045392, "loss": 1.1468342363111599, "neff": 1.4521746166243819}, "4": {"n": 1.4523441428045392, "loss": 1.1544144659494031, "neff": 1.4521741926342628}, "5": {"n": 1.4523441428045392, "loss": 0.5692613506468814, "neff": 1.452166335723574}, "6": {"n": 1.4523441428045392, "loss": 0.5746422644063617, "neff": 1.452164581931137}, "wavelength": 860, "bend_radius": 0.03}