{"1": {"wavelength": 920, "bend_radius": 0.1, "n": 1.4514726603407175, "loss": -7.812369203279933e-10, "neff": 1.4523977429110504}, "2": {"wavelength": 920, "bend_radius": 0.1, "n": 1.4514726603407175, "loss": 7.23238525341248e-10, "neff": 1.452396064474022}, "3": {"wavelength": 920, "bend_radius": 0.1, "n": 1.4514726603407175, "loss": 1.3484699644746858, "neff": 1.4511328166682367}, "4": {"wavelength": 920, "bend_radius": 0.1, "n": 1.4514726603407175, "loss": 1.3133913075752066, "neff": 1.4511324875071314}, "5": {"wavelength": 920, "bend_radius": 0.1, "n": 1.4514726603407175, "loss": 1.320583680587972, "neff": 1.451131594875447}, "6": {"wavelength": 920, "bend_radius": 0.1, "n": 1.4514726603407175, "loss": 1.3771144791906023, "neff": 1.4511309336456777}}