{"1": {"wavelength": 990, "bend_radius": 0, "n": 1.4505442353610596, "loss": -1.284193856278909e-11, "neff": 1.451368919201093}, "2": {"wavelength": 990, "bend_radius": 0, "n": 1.4505442353610596, "loss": 7.98167803691438e-12, "neff": 1.451367338497859}, "3": {"wavelength": 990, "bend_radius": 0, "n": 1.4505442353610596, "loss": 4.323451357424012, "neff": 1.450034602742891}, "4": {"wavelength": 990, "bend_radius": 0, "n": 1.4505442353610596, "loss": 4.483769485139772, "neff": 1.450034010610505}, "5": {"wavelength": 990, "bend_radius": 0, "n": 1.4505442353610596, "loss": 4.2956922018999615, "neff": 1.4500329772301426}, "6": {"wavelength": 990, "bend_radius": 0, "n": 1.4505442353610596, "loss": 4.509992183963505, "neff": 1.4500328957487603}}