{"1": {"loss": 0.0005470744278793329, "neff": 1.4508576394478905}, "2": {"loss": 0.0004825157734327093, "neff": 1.4508560133963049}, "3": {"loss": 4.116619080868237, "neff": 1.4495513547398333}, "4": {"loss": 4.084042640286456, "neff": 1.4495508281561043}, "5": {"loss": 3.378874561751455, "neff": 1.4495468008205843}, "6": {"loss": 3.374077387239072, "neff": 1.4495457112718628}}