{"1": {"loss": 0.00010100726197139625, "neff": 1.4510175666337866}, "2": {"loss": 0.00011173612994194065, "neff": 1.451015809874799}, "3": {"loss": 0.9059275142862755, "neff": 1.4498242862687747}, "4": {"loss": 0.9067453666719607, "neff": 1.4498235980454814}, "5": {"loss": 0.4885255434988009, "neff": 1.4498181790058275}, "6": {"loss": 0.48876837595968103, "neff": 1.4498163256763303}}