{"1": {"loss": 1.4315865683539179e-06, "neff": 1.4509848076202578}, "2": {"loss": 1.835852550650014e-06, "neff": 1.45098306736251}, "3": {"loss": 0.8707940984257625, "neff": 1.4497655189884835}, "4": {"loss": 0.8562368125270546, "neff": 1.4497649377001023}, "5": {"loss": 0.6292048340663363, "neff": 1.4497627256001138}, "6": {"loss": 0.617674153307614, "neff": 1.4497610801596856}}