{"1": {"n": 1.4518978468770973, "loss": 0.3252985714801737, "neff": 1.4529617742012908}, "2": {"n": 1.4518978468770973, "loss": 0.32924329395639257, "neff": 1.4529602699609805}, "3": {"n": 1.4518978468770973, "loss": 17.83714088507671, "neff": 1.4518577013759715}, "4": {"n": 1.4518978468770973, "loss": 17.758370940507568, "neff": 1.4518576259600784}, "5": {"n": 1.4518978468770973, "loss": 5.7834163937117955, "neff": 1.4517692587261242}, "6": {"n": 1.4518978468770973, "loss": 5.823661127131316, "neff": 1.4517681454631395}, "wavelength": 890, "bend_radius": 0.01}