{"1": {"loss": 0.0004481709097034545, "neff": 1.4508147635155713}, "2": {"loss": 0.0005550036922388118, "neff": 1.4508131747217052}, "3": {"loss": 5.7889564918857435, "neff": 1.4494786856179125}, "4": {"loss": 5.792299059386135, "neff": 1.4494782003897781}, "5": {"loss": 5.294476468187526, "neff": 1.4494749440863124}, "6": {"loss": 5.280884633518635, "neff": 1.4494740291902366}}