{"1": {"wavelength": 890, "bend_radius": 0.1, "n": 1.4518978468770973, "loss": -1.0303600628414342e-10, "neff": 1.4528661349765704}, "2": {"wavelength": 890, "bend_radius": 0.1, "n": 1.4518978468770973, "loss": 9.338655790025753e-11, "neff": 1.452864415998648}, "3": {"wavelength": 890, "bend_radius": 0.1, "n": 1.4518978468770973, "loss": 0.717494934373076, "neff": 1.451631871342152}, "4": {"wavelength": 890, "bend_radius": 0.1, "n": 1.4518978468770973, "loss": 0.6917271969933027, "neff": 1.4516314357718858}, "5": {"wavelength": 890, "bend_radius": 0.1, "n": 1.4518978468770973, "loss": 0.6907797311915903, "neff": 1.4516305728369072}, "6": {"wavelength": 890, "bend_radius": 0.1, "n": 1.4518978468770973, "loss": 0.7341797556806208, "neff": 1.4516298569219537}}