{"1": {"wavelength": 990, "bend_radius": 0.015, "n": 1.4505442353610596, "loss": 0.3474404566707177, "neff": 1.4514136194977822}, "2": {"wavelength": 990, "bend_radius": 0.015, "n": 1.4505442353610596, "loss": 0.3525807258256587, "neff": 1.4514121356405425}, "3": {"wavelength": 990, "bend_radius": 0.015, "n": 1.4505442353610596, "loss": 22.69271474636037, "neff": 1.4501404844628218}, "4": {"wavelength": 990, "bend_radius": 0.015, "n": 1.4505442353610596, "loss": 22.60834509791671, "neff": 1.4501404648192597}, "5": {"wavelength": 990, "bend_radius": 0.015, "n": 1.4505442353610596, "loss": 9.880269857894811, "neff": 1.4500986971320802}, "6": {"wavelength": 990, "bend_radius": 0.015, "n": 1.4505442353610596, "loss": 9.924892746987876, "neff": 1.4500979705077273}}