{"1": {"n": 1.4497997593262841, "loss": 0.08346711235812117, "neff": 1.45055222868537}, "2": {"n": 1.4497997593262841, "loss": 0.08343775309373355, "neff": 1.450550760663065}, "3": {"n": 1.4497997593262841, "loss": 16.525984131748267, "neff": 1.4491754430098913}, "4": {"n": 1.4497997593262841, "loss": 16.665994330529255, "neff": 1.4491754350512158}, "5": {"n": 1.4497997593262841, "loss": 12.082533253632997, "neff": 1.4491651345373124}, "6": {"n": 1.4497997593262841, "loss": 12.128872720773392, "neff": 1.449164655429912}, "wavelength": 1050, "bend_radius": 0.03}