{"1": {"wavelength": 1010, "bend_radius": 0.2, "n": 1.4502917785835465, "loss": -2.0713486380811205e-09, "neff": 1.4510886662050226}, "2": {"wavelength": 1010, "bend_radius": 0.2, "n": 1.4502917785835465, "loss": 2.0153535662769796e-09, "neff": 1.451087115423537}, "3": {"wavelength": 1010, "bend_radius": 0.2, "n": 1.4502917785835465, "loss": 5.926041904170246, "neff": 1.4497353467766094}, "4": {"wavelength": 1010, "bend_radius": 0.2, "n": 1.4502917785835465, "loss": 5.7947514780912535, "neff": 1.4497349063926321}, "5": {"wavelength": 1010, "bend_radius": 0.2, "n": 1.4502917785835465, "loss": 6.047745908158068, "neff": 1.4497338875189245}, "6": {"wavelength": 1010, "bend_radius": 0.2, "n": 1.4502917785835465, "loss": 5.8579533740976535, "neff": 1.4497337458433228}}