{"1": {"loss": 29.208523500816597, "neff": 1.4512765066318394}, "2": {"loss": 29.261288523459495, "neff": 1.4512754917494135}, "3": {"loss": 258.73135494264073, "neff": 1.4502764065154168}, "4": {"loss": 258.69239974155164, "neff": 1.450274796616726}, "5": {"loss": 123.22875599396173, "neff": 1.450096464999716}, "6": {"loss": 123.32243720049081, "neff": 1.4500962164940272}}