{"1": {"loss": 6.790366626752932e-06, "neff": 1.4509417412727765}, "2": {"loss": 9.8365610072664e-06, "neff": 1.4509400375462165}, "3": {"loss": 1.478875580022653, "neff": 1.4496922438596365}, "4": {"loss": 1.4647144267442556, "neff": 1.4496916887990545}, "5": {"loss": 1.152450865300815, "neff": 1.4496891015935216}, "6": {"loss": 1.1416369303577967, "neff": 1.4496876612601362}}