{"1": {"n": 1.4509326937135074, "loss": 0.0003719429238052225, "neff": 1.4518045769293828}, "2": {"n": 1.4509326937135074, "loss": 0.00033925253667010046, "neff": 1.4518029631013523}, "3": {"n": 1.4509326937135074, "loss": 3.669381734799623, "neff": 1.4505053420537628}, "4": {"n": 1.4509326937135074, "loss": 3.658730136779428, "neff": 1.4505051629388568}, "5": {"n": 1.4509326937135074, "loss": 2.9755418715953152, "neff": 1.4505011737882898}, "6": {"n": 1.4509326937135074, "loss": 2.994359016634944, "neff": 1.4505001918345075}, "wavelength": 960, "bend_radius": 0.045}