{"1": {"loss": 0.004657177485250492, "neff": 1.4508608243905483}, "2": {"loss": 0.005035283357705515, "neff": 1.4508592038042645}, "3": {"loss": 5.192771128173428, "neff": 1.449559348582003}, "4": {"loss": 5.196566064998825, "neff": 1.4495587918775716}, "5": {"loss": 3.628918827262844, "neff": 1.4495514928870463}, "6": {"loss": 3.6257431856901903, "neff": 1.4495503888199095}}