{"1": {"loss": -5.057843790261818e-09, "neff": 1.4509539573530095}, "2": {"loss": 5.203608845045464e-09, "neff": 1.4509522374923038}, "3": {"loss": 0.9228335208702815, "neff": 1.4497113720458017}, "4": {"loss": 0.8974189077934367, "neff": 1.449711169273175}, "5": {"loss": 0.8957480104901869, "neff": 1.4497100602253619}, "6": {"loss": 0.8763470448853794, "neff": 1.4497089006820387}}