{"1": {"loss": -1.9675817234305654e-10, "neff": 1.4510261832627804}, "2": {"loss": 1.7478039572278232e-10, "neff": 1.4510244042929452}, "3": {"loss": 0.28693696933599055, "neff": 1.4498354999564087}, "4": {"loss": 0.3405041639822961, "neff": 1.4498354898988188}, "5": {"loss": 0.3171147996038751, "neff": 1.449834344280382}, "6": {"loss": 0.27017255187905653, "neff": 1.4498330869775355}}