{"1": {"loss": 24.719185587191628, "neff": 1.451300780920886}, "2": {"loss": 24.764082975024117, "neff": 1.4512997496331033}, "3": {"loss": 223.29844255539481, "neff": 1.4503310148657367}, "4": {"loss": 223.29333999456287, "neff": 1.4503293578704288}, "5": {"loss": 106.09318558872837, "neff": 1.4501440870140279}, "6": {"loss": 106.19831303551781, "neff": 1.450143827717221}}