{"1": {"n": 1.4517539550240655, "loss": -5.0940614546878796e-09, "neff": 1.4527085357570637}, "2": {"n": 1.4517539550240655, "loss": 5.234305663221308e-09, "neff": 1.4527068316691283}, "3": {"n": 1.4517539550240655, "loss": 0.9317836521082373, "neff": 1.4514645507785733}, "4": {"n": 1.4517539550240655, "loss": 0.9493837754736347, "neff": 1.451464539585465}, "5": {"n": 1.4517539550240655, "loss": 0.9252867254175087, "neff": 1.4514634310842507}, "6": {"n": 1.4517539550240655, "loss": 0.9145389243731129, "neff": 1.4514623444657626}, "wavelength": 900, "bend_radius": 0.075}