{"1": {"loss": 0.012024854672604912, "neff": 1.4510188723557005}, "2": {"loss": 0.012170462335057457, "neff": 1.4510171559583263}, "3": {"loss": 2.6664730285951963, "neff": 1.449837724395734}, "4": {"loss": 2.666499752235451, "neff": 1.449837005050649}, "5": {"loss": 1.0649740058360513, "neff": 1.4498157716614695}, "6": {"loss": 1.0700720293854946, "neff": 1.4498140543091038}}