{"wavelength": 830, "bend_radius": 0.05, "1": {"n": 1.452815646249081, "loss": 8.766973769859204e-08, "neff": 1.453874096306195}, "2": {"n": 1.452815646249081, "loss": 7.80742350337208e-08, "neff": 1.4538723080610805}, "3": {"n": 1.452815646249081, "loss": 0.3267300146960637, "neff": 1.4527072140340973}, "4": {"n": 1.452815646249081, "loss": 0.3107002221539002, "neff": 1.4527068029557075}, "5": {"n": 1.452815646249081, "loss": 0.21238066944710726, "neff": 1.4527053456922006}, "6": {"n": 1.452815646249081, "loss": 0.19672977769835578, "neff": 1.4527034298552035}}