{"1": {"loss": 0.0028519716818515457, "neff": 1.4509485175599597}, "2": {"loss": 0.002782940376687822, "neff": 1.4509468260031702}, "3": {"loss": 2.6039705531065995, "neff": 1.4497090912955393}, "4": {"loss": 2.6075026718293692, "neff": 1.4497084591544542}, "5": {"loss": 1.4485347591455686, "neff": 1.4496990249849837}, "6": {"loss": 1.4507648714480896, "neff": 1.4496975483215542}}