{"1": {"n": 1.4506723353352597, "loss": 1.1943213707333828, "neff": 1.4516128289828085}, "2": {"n": 1.4506723353352597, "loss": 1.2061545598883991, "neff": 1.4516114599823142}, "3": {"n": 1.4506723353352597, "loss": 46.58184548242341, "neff": 1.450418836406798}, "4": {"n": 1.4506723353352597, "loss": 46.44763414252544, "neff": 1.4504186488285093}, "5": {"n": 1.4506723353352597, "loss": 17.591530272427267, "neff": 1.4503319688349992}, "6": {"n": 1.4506723353352597, "loss": 17.662006247055913, "neff": 1.4503313327386995}, "wavelength": 980, "bend_radius": 0.01}