{"1": {"loss": 0.008232868269769694, "neff": 1.4508328659388174}, "2": {"loss": 0.008764844668286679, "neff": 1.4508312711525095}, "3": {"loss": 6.768909787318505, "neff": 1.4495124462535682}, "4": {"loss": 6.768773174713812, "neff": 1.4495119058480948}, "5": {"loss": 4.9109627406885785, "neff": 1.4495044875341425}, "6": {"loss": 4.9045790591914376, "neff": 1.449503491585823}}