{"1": {"n": 1.451199202758338, "loss": 0.0001558107324611784, "neff": 1.4520994844770316}, "2": {"n": 1.451199202758338, "loss": 0.00015273690651510243, "neff": 1.4520978421163881}, "3": {"n": 1.451199202758338, "loss": 2.7187711855491306, "neff": 1.4508197879944797}, "4": {"n": 1.451199202758338, "loss": 2.7087755687784445, "neff": 1.4508195676232891}, "5": {"n": 1.451199202758338, "loss": 2.116451942507359, "neff": 1.4508157617432922}, "6": {"n": 1.451199202758338, "loss": 2.1291337914189103, "neff": 1.4508146447214518}, "wavelength": 940, "bend_radius": 0.045}