{"1": {"wavelength": 1010, "bend_radius": 0.1, "n": 1.4502917785835465, "loss": -1.376644536063958e-07, "neff": 1.4510894194176225}, "2": {"wavelength": 1010, "bend_radius": 0.1, "n": 1.4502917785835465, "loss": 1.3779152753007226e-07, "neff": 1.4510878702278909}, "3": {"wavelength": 1010, "bend_radius": 0.1, "n": 1.4502917785835465, "loss": 5.722434652222556, "neff": 1.4497367235673493}, "4": {"wavelength": 1010, "bend_radius": 0.1, "n": 1.4502917785835465, "loss": 5.490697340872159, "neff": 1.4497365307436616}, "5": {"wavelength": 1010, "bend_radius": 0.1, "n": 1.4502917785835465, "loss": 5.732516504558846, "neff": 1.4497354500305415}, "6": {"wavelength": 1010, "bend_radius": 0.1, "n": 1.4502917785835465, "loss": 5.974326162976064, "neff": 1.4497350642766333}}