{"wavelength": 840, "bend_radius": 0.01, "1": {"n": 1.4526553936728075, "loss": 0.1386751378044359, "neff": 1.453789454774105}, "2": {"n": 1.4526553936728075, "loss": 0.14046534972578942, "neff": 1.4537878766902446}, "3": {"n": 1.4526553936728075, "loss": 9.398049665585377, "neff": 1.4527320644190531}, "4": {"n": 1.4526553936728075, "loss": 9.44966438815126, "neff": 1.4527320614958532}, "5": {"n": 1.4526553936728075, "loss": 2.7517990978914186, "neff": 1.4526470337179835}, "6": {"n": 1.4526553936728075, "loss": 2.7775497333357695, "neff": 1.4526455894590737}}