{"1": {"n": 1.4506723353352597, "loss": 26.910688032990766, "neff": 1.4519577006829594}, "2": {"n": 1.4506723353352597, "loss": 27.07336496065704, "neff": 1.4519571785832421}, "3": {"n": 1.4506723353352597, "loss": 245.50188139135503, "neff": 1.450962763986632}, "4": {"n": 1.4506723353352597, "loss": 246.2277585159129, "neff": 1.4509624187885453}, "5": {"n": 1.4506723353352597, "loss": 115.89867795018847, "neff": 1.4507830355862208}, "6": {"n": 1.4506723353352597, "loss": 115.74896407773387, "neff": 1.4507829577261009}, "wavelength": 980, "bend_radius": 0.005}