{"1": {"loss": 0.009525609940867635, "neff": 1.451033235367023}, "2": {"loss": 0.009635382488795698, "neff": 1.4510315071416127}, "3": {"loss": 2.2637547683408066, "neff": 1.4498618706600197}, "4": {"loss": 2.2632818759631697, "neff": 1.449861137050538}, "5": {"loss": 0.8842654209630056, "neff": 1.4498404910837857}, "6": {"loss": 0.8889346288761768, "neff": 1.4498386968675632}}