{"1": {"loss": 0.044277208540509844, "neff": 1.4507942466305366}, "2": {"loss": 0.043784911588493035, "neff": 1.450792695600461}, "3": {"loss": 11.441962576577335, "neff": 1.4494499306692208}, "4": {"loss": 11.492247769269996, "neff": 1.4494493968052118}, "5": {"loss": 7.907837821812984, "neff": 1.4494389139219503}, "6": {"loss": 7.896118514853991, "neff": 1.449438064131981}}