{"1": {"n": 1.4499213245971632, "loss": 0.2949915269357803, "neff": 1.4507019050438756}, "2": {"n": 1.4499213245971632, "loss": 0.3024221553156247, "neff": 1.4507004523309794}, "3": {"n": 1.4499213245971632, "loss": 24.24951457537099, "neff": 1.4493538893071953}, "4": {"n": 1.4499213245971632, "loss": 24.166360719456, "neff": 1.449353863024148}, "5": {"n": 1.4499213245971632, "loss": 13.391777591021691, "neff": 1.4493304127412645}, "6": {"n": 1.4499213245971632, "loss": 13.440620638974199, "neff": 1.4493299014934755}, "wavelength": 1040, "bend_radius": 0.02}