{"1": {"loss": 0.04412179899641525, "neff": 1.4508546374735258}, "2": {"loss": 0.044509293495558704, "neff": 1.4508530429903967}, "3": {"loss": 8.80879020427487, "neff": 1.4495553041198106}, "4": {"loss": 8.794834411002814, "neff": 1.4495547231827821}, "5": {"loss": 5.026526311503507, "neff": 1.4495393653160176}, "6": {"loss": 5.028650887082892, "neff": 1.4495383239623318}}