{"wavelength": 810, "bend_radius": 0.02, "1": {"n": 1.453146366149297, "loss": 0.002748437993694982, "neff": 1.4542532806783182}, "2": {"n": 1.453146366149297, "loss": 0.002799167999300147, "neff": 1.4542515084006549}, "3": {"n": 1.453146366149297, "loss": 0.9303216756070076, "neff": 1.4531311839726766}, "4": {"n": 1.453146366149297, "loss": 0.9380025240481439, "neff": 1.4531306672708901}, "5": {"n": 1.453146366149297, "loss": 0.3259304742989743, "neff": 1.4531142678282198}, "6": {"n": 1.453146366149297, "loss": 0.33017278188670574, "neff": 1.4531121240203486}}