{"1": {"n": 1.4516122686289965, "loss": 3.646662769058343e-12, "neff": 1.4525507654859882}, "2": {"n": 1.4516122686289965, "loss": 1.9987208668737626e-12, "neff": 1.4525490713166296}, "3": {"n": 1.4516122686289965, "loss": 1.051069899245543, "neff": 1.4512953688393728}, "4": {"n": 1.4516122686289965, "loss": 1.0723516479693902, "neff": 1.4512944184904908}, "5": {"n": 1.4516122686289965, "loss": 1.0670917106937836, "neff": 1.4512935044819097}, "6": {"n": 1.4516122686289965, "loss": 1.0900557617545423, "neff": 1.4512934184847028}, "wavelength": 910, "bend_radius": 0}