{"1": {"wavelength": 980, "bend_radius": 0.04, "n": 1.4506723353352597, "loss": 0.0023116391868384, "neff": 1.4515172822953475}, "2": {"wavelength": 980, "bend_radius": 0.04, "n": 1.4506723353352597, "loss": 0.0023635322016709918, "neff": 1.4515157002274721}, "3": {"wavelength": 980, "bend_radius": 0.04, "n": 1.4506723353352597, "loss": 5.3906871964928005, "neff": 1.4502005945050096}, "4": {"wavelength": 980, "bend_radius": 0.04, "n": 1.4506723353352597, "loss": 5.383281973232302, "neff": 1.4502004510822728}, "5": {"wavelength": 980, "bend_radius": 0.04, "n": 1.4506723353352597, "loss": 4.211223117547056, "neff": 1.4501950329396447}, "6": {"wavelength": 980, "bend_radius": 0.04, "n": 1.4506723353352597, "loss": 4.2386807932867425, "neff": 1.4501941710663953}}