{"1": {"loss": 20.768028329229875, "neff": 1.4513250716500339}, "2": {"loss": 20.806162199795274, "neff": 1.4513240233285964}, "3": {"loss": 191.48719772192467, "neff": 1.4503855093595608}, "4": {"loss": 191.50181899568716, "neff": 1.4503838047855384}, "5": {"loss": 90.80029087149256, "neff": 1.4501916316555732}, "6": {"loss": 90.91267660003922, "neff": 1.45019136142053}}