{"1": {"loss": 1.1203350057565628e-05, "neff": 1.4509274665751875}, "2": {"loss": 1.65562385033361e-05, "neff": 1.4509257752983789}, "3": {"loss": 1.7471612704798496, "neff": 1.449668093448363}, "4": {"loss": 1.7332851440475305, "neff": 1.44966754712945}, "5": {"loss": 1.3935676005748967, "neff": 1.4496648519985758}, "6": {"loss": 1.3828753186889784, "neff": 1.4496634772100412}}