{"1": {"n": 1.4506723353352597, "loss": 5.733119973198327e-08, "neff": 1.4515128587713213}, "2": {"n": 1.4506723353352597, "loss": 6.000540402618893e-07, "neff": 1.451511267228611}, "3": {"n": 1.4506723353352597, "loss": 4.056540724916777, "neff": 1.4501897821538923}, "4": {"n": 1.4506723353352597, "loss": 4.030181806852233, "neff": 1.4501897757491726}, "5": {"n": 1.4506723353352597, "loss": 3.997745118416896, "neff": 1.4501883545756502}, "6": {"n": 1.4506723353352597, "loss": 3.992320636998011, "neff": 1.450187651517866}, "wavelength": 980, "bend_radius": 0.075}