{"1": {"wavelength": 870, "bend_radius": 0.005, "n": 1.4521927938551105, "loss": 9.528755699956847, "neff": 1.4536142839400843}, "2": {"wavelength": 870, "bend_radius": 0.005, "n": 1.4521927938551105, "loss": 9.60845515240851, "neff": 1.4536136399673374}, "3": {"wavelength": 870, "bend_radius": 0.005, "n": 1.4521927938551105, "loss": 98.50025697072886, "neff": 1.4527844344932948}, "4": {"wavelength": 870, "bend_radius": 0.005, "n": 1.4521927938551105, "loss": 98.69700614406902, "neff": 1.452784092605218}, "5": {"wavelength": 870, "bend_radius": 0.005, "n": 1.4521927938551105, "loss": 46.003147423249, "neff": 1.452567535061836}, "6": {"wavelength": 870, "bend_radius": 0.005, "n": 1.4521927938551105, "loss": 46.14110273643586, "neff": 1.4525675238946993}}