{"1": {"wavelength": 890, "bend_radius": 0.075, "n": 1.4518978468770973, "loss": -2.7522476631762637e-09, "neff": 1.452866864696289}, "2": {"wavelength": 890, "bend_radius": 0.075, "n": 1.4518978468770973, "loss": 2.7316992630735827e-09, "neff": 1.4528651472744147}, "3": {"wavelength": 890, "bend_radius": 0.075, "n": 1.4518978468770973, "loss": 0.756906062008818, "neff": 1.4516331711236232}, "4": {"wavelength": 890, "bend_radius": 0.075, "n": 1.4518978468770973, "loss": 0.7842257819968231, "neff": 1.4516331427822193}, "5": {"wavelength": 890, "bend_radius": 0.075, "n": 1.4518978468770973, "loss": 0.7555330051999911, "neff": 1.4516320705828816}, "6": {"wavelength": 890, "bend_radius": 0.075, "n": 1.4518978468770973, "loss": 0.735077828624579, "neff": 1.4516309462733044}}