{"1": {"wavelength": 850, "bend_radius": 0.04, "n": 1.4524982860552091, "loss": 1.295108471865941e-05, "neff": 1.4535295469368603}, "2": {"wavelength": 850, "bend_radius": 0.04, "n": 1.4524982860552091, "loss": 1.1724940346853412e-05, "neff": 1.4535277870729086}, "3": {"wavelength": 850, "bend_radius": 0.04, "n": 1.4524982860552091, "loss": 0.6458415280590494, "neff": 1.4523434395277128}, "4": {"wavelength": 850, "bend_radius": 0.04, "n": 1.4524982860552091, "loss": 0.6444183105360091, "neff": 1.4523429885329293}, "5": {"wavelength": 850, "bend_radius": 0.04, "n": 1.4524982860552091, "loss": 0.3685886249291085, "neff": 1.452339515707801}, "6": {"wavelength": 850, "bend_radius": 0.04, "n": 1.4524982860552091, "loss": 0.3687964909210419, "neff": 1.452337679159335}}