{"wavelength": 840, "bend_radius": 0.03, "1": {"n": 1.4526553936728075, "loss": 0.0002802818164167867, "neff": 1.4537057196252319}, "2": {"n": 1.4526553936728075, "loss": 0.000276926248966849, "neff": 1.4537039568462622}, "3": {"n": 1.4526553936728075, "loss": 0.7875340759679862, "neff": 1.4525360341817923}, "4": {"n": 1.4526553936728075, "loss": 0.792364169626286, "neff": 1.4525355485997349}, "5": {"n": 1.4526553936728075, "loss": 0.37059919205268277, "neff": 1.4525284312277016}, "6": {"n": 1.4526553936728075, "loss": 0.3741616081884797, "neff": 1.4525264990512368}}