{"1": {"loss": 7.929370203796737e-06, "neff": 1.450985684650789}, "2": {"loss": 9.889808108130683e-06, "neff": 1.4509839459771976}, "3": {"loss": 0.9733463669420384, "neff": 1.449767645005356}, "4": {"loss": 0.9580794975270838, "neff": 1.4497670291673845}, "5": {"loss": 0.6491330063944384, "neff": 1.449764021366258}, "6": {"loss": 0.6436231149680617, "neff": 1.449762346790102}}