{"1": {"wavelength": 880, "bend_radius": 0.035, "n": 1.452044078932333, "loss": 0.000228055650244056, "neff": 1.4530335430443388}, "2": {"wavelength": 880, "bend_radius": 0.035, "n": 1.452044078932333, "loss": 0.0002554495254582763, "neff": 1.4530318252288252}, "3": {"wavelength": 880, "bend_radius": 0.035, "n": 1.452044078932333, "loss": 1.3285585621727365, "neff": 1.451818409684392}, "4": {"wavelength": 880, "bend_radius": 0.035, "n": 1.452044078932333, "loss": 1.3406244565433385, "neff": 1.4518180359200874}, "5": {"wavelength": 880, "bend_radius": 0.035, "n": 1.452044078932333, "loss": 0.7621774606176228, "neff": 1.4518122029638185}, "6": {"wavelength": 880, "bend_radius": 0.035, "n": 1.452044078932333, "loss": 0.7680589596758557, "neff": 1.4518106148886052}}