{"1": {"loss": -6.395836577670944e-12, "neff": 1.4509237508899044}, "2": {"loss": -2.7397847148861804e-12, "neff": 1.450922052946574}, "3": {"loss": 1.25230958996987, "neff": 1.4496597700465104}, "4": {"loss": 1.2735291878803543, "neff": 1.4496589968078006}, "5": {"loss": 1.3413715315842258, "neff": 1.449657922682195}, "6": {"loss": 1.31975766102382, "neff": 1.4496578441326573}}