{"1": {"loss": 6.66557611337566e-05, "neff": 1.4510320562298313}, "2": {"loss": 7.337587041008202e-05, "neff": 1.4510302879709425}, "3": {"loss": 0.7497323794231909, "neff": 1.4498491816574817}, "4": {"loss": 0.7500276584184988, "neff": 1.449848476804097}, "5": {"loss": 0.39305943758955914, "neff": 1.4498433413516711}, "6": {"loss": 0.39306433717684464, "neff": 1.4498414070487342}}