{"1": {"wavelength": 990, "bend_radius": 0.035, "n": 1.4505442353610596, "loss": 0.008483709120712665, "neff": 1.451377040733564}, "2": {"wavelength": 990, "bend_radius": 0.035, "n": 1.4505442353610596, "loss": 0.009070760372063199, "neff": 1.4513754773533332}, "3": {"wavelength": 990, "bend_radius": 0.035, "n": 1.4505442353610596, "loss": 6.9587622364467405, "neff": 1.4500534985793423}, "4": {"wavelength": 990, "bend_radius": 0.035, "n": 1.4505442353610596, "loss": 6.997133901262524, "neff": 1.450053376571897}, "5": {"wavelength": 990, "bend_radius": 0.035, "n": 1.4505442353610596, "loss": 5.088995057271834, "neff": 1.4500460036494853}, "6": {"wavelength": 990, "bend_radius": 0.035, "n": 1.4505442353610596, "loss": 5.116427140765283, "neff": 1.4500452000808697}}