{"1": {"loss": 0.0004102530326121503, "neff": 1.4509153997136113}, "2": {"loss": 0.0003799378889369317, "neff": 1.4509137248358173}, "3": {"loss": 2.541862793364858, "neff": 1.449649494879404}, "4": {"loss": 2.5250222213037854, "neff": 1.4496489148536484}, "5": {"loss": 1.7784116169462036, "neff": 1.4496439466397593}, "6": {"loss": 1.7781023152850974, "neff": 1.4496426053912097}}