{"1": {"wavelength": 1000, "bend_radius": 0.035, "n": 1.450417409406875, "loss": 0.01114532679755995, "neff": 1.451236217835703}, "2": {"wavelength": 1000, "bend_radius": 0.035, "n": 1.450417409406875, "loss": 0.011816812544248028, "neff": 1.4512346691563265}, "3": {"wavelength": 1000, "bend_radius": 0.035, "n": 1.450417409406875, "loss": 7.911125726026944, "neff": 1.4499030851666173}, "4": {"wavelength": 1000, "bend_radius": 0.035, "n": 1.450417409406875, "loss": 7.9500614127625715, "neff": 1.4499029821606597}, "5": {"wavelength": 1000, "bend_radius": 0.035, "n": 1.450417409406875, "loss": 5.888342086256003, "neff": 1.4498955641922244}, "6": {"wavelength": 1000, "bend_radius": 0.035, "n": 1.450417409406875, "loss": 5.918474102757804, "neff": 1.4498948194244168}}