{"1": {"wavelength": 970, "bend_radius": 0.005, "n": 1.4508017923282956, "loss": 24.728255289303597, "neff": 1.4520994967396796}, "2": {"wavelength": 970, "bend_radius": 0.005, "n": 1.4508017923282956, "loss": 24.88200165454992, "neff": 1.4520989649824585}, "3": {"wavelength": 970, "bend_radius": 0.005, "n": 1.4508017923282956, "loss": 227.9376701098926, "neff": 1.4511197711697439}, "4": {"wavelength": 970, "bend_radius": 0.005, "n": 1.4508017923282956, "loss": 228.59194650872456, "neff": 1.4511194283170195}, "5": {"wavelength": 970, "bend_radius": 0.005, "n": 1.4508017923282956, "loss": 107.45500815651195, "neff": 1.4509365861039558}, "6": {"wavelength": 970, "bend_radius": 0.005, "n": 1.4508017923282956, "loss": 107.30270676089158, "neff": 1.450936516708689}}