{"1": {"wavelength": 1020, "bend_radius": 0.05, "n": 1.450167267865247, "loss": 0.0010578233021223953, "neff": 1.4509539848811006}, "2": {"wavelength": 1020, "bend_radius": 0.05, "n": 1.450167267865247, "loss": 0.0011831124937823003, "neff": 1.450952456867459}, "3": {"wavelength": 1020, "bend_radius": 0.05, "n": 1.450167267865247, "loss": 7.867663711561341, "neff": 1.4495957580607648}, "4": {"wavelength": 1020, "bend_radius": 0.05, "n": 1.450167267865247, "loss": 7.912199258698315, "neff": 1.4495956971437283}, "5": {"wavelength": 1020, "bend_radius": 0.05, "n": 1.450167267865247, "loss": 7.343321385060566, "neff": 1.449592272050994}, "6": {"wavelength": 1020, "bend_radius": 0.05, "n": 1.450167267865247, "loss": 7.378452340252955, "neff": 1.4495916582314112}}