{"1": {"loss": -5.442356349989128e-12, "neff": 1.4508527748353037}, "2": {"loss": -6.830246782412655e-13, "neff": 1.4508511404205164}, "3": {"loss": 3.008877640039327, "neff": 1.4495400153098061}, "4": {"loss": 3.2446709989701157, "neff": 1.4495393844443072}, "5": {"loss": 3.2439949853242847, "neff": 1.4495382512283512}, "6": {"loss": 2.9723757222265763, "neff": 1.44953821441777}}