{"1": {"n": 1.450167267865247, "loss": -9.080825493295658e-10, "neff": 1.4509500536196205}, "2": {"n": 1.450167267865247, "loss": 8.964908844715366e-10, "neff": 1.450948517327259}, "3": {"n": 1.450167267865247, "loss": 6.807808102699698, "neff": 1.44958710351682}, "4": {"n": 1.450167267865247, "loss": 6.816541335955717, "neff": 1.449586652382418}, "5": {"n": 1.450167267865247, "loss": 6.7932979872520525, "neff": 1.4495855797960733}, "6": {"n": 1.450167267865247, "loss": 6.864583651835287, "neff": 1.4495854852572878}, "wavelength": 1020, "bend_radius": 0.3}