{"1": {"wavelength": 950, "bend_radius": 0.02, "n": 1.4510651315237548, "loss": 0.0650162779275703, "neff": 1.451970822917367}, "2": {"wavelength": 950, "bend_radius": 0.02, "n": 1.4510651315237548, "loss": 0.06655515646668111, "neff": 1.4519692374199884}, "3": {"wavelength": 950, "bend_radius": 0.02, "n": 1.4510651315237548, "loss": 8.593310206959083, "neff": 1.4507097305913121}, "4": {"wavelength": 950, "bend_radius": 0.02, "n": 1.4510651315237548, "loss": 8.650854754380799, "neff": 1.4507095958509924}, "5": {"wavelength": 950, "bend_radius": 0.02, "n": 1.4510651315237548, "loss": 4.072560654503843, "neff": 1.4506860893926798}, "6": {"wavelength": 950, "bend_radius": 0.02, "n": 1.4510651315237548, "loss": 4.098960915208764, "neff": 1.4506850722223934}}