{"1": {"loss": 0.0629723021583525, "neff": 1.450905478730765}, "2": {"loss": 0.06405428895633189, "neff": 1.4509038612597094}, "3": {"loss": 8.41541414071264, "neff": 1.4496477151679779}, "4": {"loss": 8.42495735661683, "neff": 1.4496470830206734}, "5": {"loss": 3.9549935079341503, "neff": 1.4496230305901125}, "6": {"loss": 3.9609519445200103, "neff": 1.4496218445279994}}