{"1": {"n": 1.4524982860552091, "loss": -1.9812988531274075e-10, "neff": 1.4535254315631685}, "2": {"n": 1.4524982860552091, "loss": 1.7489921032933295e-10, "neff": 1.4535236630888306}, "3": {"n": 1.4524982860552091, "loss": 0.29718117461311006, "neff": 1.452334236910808}, "4": {"n": 1.4524982860552091, "loss": 0.34851280655608147, "neff": 1.4523340668668392}, "5": {"n": 1.4524982860552091, "loss": 0.32601540114578664, "neff": 1.452333099446853}, "6": {"n": 1.4524982860552091, "loss": 0.28083888525075984, "neff": 1.4523318859062573}, "wavelength": 850, "bend_radius": 0.075}