{"1": {"n": 1.4517539550240655, "loss": -1.6296207777190007e-14, "neff": 1.452707094810329}, "2": {"n": 1.4517539550240655, "loss": -1.0879967488446308e-12, "neff": 1.4527053876414942}, "3": {"n": 1.4517539550240655, "loss": 0.9310502176573018, "neff": 1.451462068795263}, "4": {"n": 1.4517539550240655, "loss": 0.7200096727396936, "neff": 1.4514612051737514}, "5": {"n": 1.4517539550240655, "loss": 0.9305406321495834, "neff": 1.4514603450596721}, "6": {"n": 1.4517539550240655, "loss": 0.8055790400124889, "neff": 1.4514601136204681}, "wavelength": 900, "bend_radius": 0.2}