{"1": {"n": 1.4518978468770973, "loss": 0.005768656280938834, "neff": 1.4528802646467656}, "2": {"n": 1.4518978468770973, "loss": 0.005872974769085165, "neff": 1.452878576013351}, "3": {"n": 1.4518978468770973, "loss": 2.5330002092843973, "neff": 1.4516653472005545}, "4": {"n": 1.4518978468770973, "loss": 2.5465361943847538, "neff": 1.451665029248019}, "5": {"n": 1.4518978468770973, "loss": 1.2125517688510203, "neff": 1.4516517126576718}, "6": {"n": 1.4518978468770973, "loss": 1.2237693400235803, "neff": 1.4516502278377448}, "wavelength": 890, "bend_radius": 0.025}