{"1": {"n": 1.450167267865247, "loss": 0.0034796280821367963, "neff": 1.450954934755692}, "2": {"n": 1.450167267865247, "loss": 0.002872737085494638, "neff": 1.450953408754364}, "3": {"n": 1.450167267865247, "loss": 8.353655381454807, "neff": 1.4495980490322304}, "4": {"n": 1.450167267865247, "loss": 8.340937861766605, "neff": 1.4495979813263382}, "5": {"n": 1.450167267865247, "loss": 7.423557365068231, "neff": 1.4495936649744106}, "6": {"n": 1.450167267865247, "loss": 7.465295090766204, "neff": 1.4495930412867497}, "wavelength": 1020, "bend_radius": 0.045}