{"1": {"n": 1.4518978468770973, "loss": 11.734383749356422, "neff": 1.453294498976924}, "2": {"n": 1.4518978468770973, "loss": 11.827201466070557, "neff": 1.4532938801067226}, "3": {"n": 1.4518978468770973, "loss": 118.24734583251126, "neff": 1.452435073443734}, "4": {"n": 1.4518978468770973, "loss": 118.50925364970485, "neff": 1.4524347353023372}, "5": {"n": 1.4518978468770973, "loss": 55.41922751049631, "neff": 1.4522247274681204}, "6": {"n": 1.4518978468770973, "loss": 55.27360837844495, "neff": 1.4522247233938348}, "wavelength": 890, "bend_radius": 0.005}