{"1": {"n": 1.4506723353352597, "loss": 0.04558287212444431, "neff": 1.4515269672784243}, "2": {"n": 1.4506723353352597, "loss": 0.04623496742011391, "neff": 1.4515254060374558}, "3": {"n": 1.4506723353352597, "loss": 9.025838596507485, "neff": 1.4502242675559414}, "4": {"n": 1.4506723353352597, "loss": 9.05632859808757, "neff": 1.4502241528431137}, "5": {"n": 1.4506723353352597, "loss": 5.193722647807157, "neff": 1.4502090795484432}, "6": {"n": 1.4506723353352597, "loss": 5.225467726077567, "neff": 1.4502082270005419}, "wavelength": 980, "bend_radius": 0.025}