{"1": {"n": 1.4505442353610596, "loss": 0.0031457738844277872, "neff": 1.4513751336554708}, "2": {"n": 1.4505442353610596, "loss": 0.00327793046232567, "neff": 1.4513735662149418}, "3": {"n": 1.4505442353610596, "loss": 6.168306961428975, "neff": 1.4500488313398223}, "4": {"n": 1.4505442353610596, "loss": 6.157685029598468, "neff": 1.4500487071976513}, "5": {"n": 1.4505442353610596, "loss": 4.904477966952349, "neff": 1.4500432303989539}, "6": {"n": 1.4505442353610596, "loss": 4.935182939359966, "neff": 1.4500424293795293}, "wavelength": 990, "bend_radius": 0.04}