{"1": {"wavelength": 990, "bend_radius": 0.075, "n": 1.4505442353610596, "loss": 4.919420014120827e-07, "neff": 1.4513706844802703}, "2": {"wavelength": 990, "bend_radius": 0.075, "n": 1.4505442353610596, "loss": 1.0346988448774563e-06, "neff": 1.4513691075343507}, "3": {"wavelength": 990, "bend_radius": 0.075, "n": 1.4505442353610596, "loss": 4.866460265431418, "neff": 1.4500379990929393}, "4": {"wavelength": 990, "bend_radius": 0.075, "n": 1.4505442353610596, "loss": 4.85735204821248, "neff": 1.450037985422616}, "5": {"wavelength": 990, "bend_radius": 0.075, "n": 1.4505442353610596, "loss": 4.700135013937637, "neff": 1.4500365286740664}, "6": {"wavelength": 990, "bend_radius": 0.075, "n": 1.4505442353610596, "loss": 4.664521916103556, "neff": 1.450035875051841}}