{"1": {"wavelength": 1010, "bend_radius": 0.04, "n": 1.4502917785835465, "loss": 0.005659312092234033, "neff": 1.4510947014772917}, "2": {"wavelength": 1010, "bend_radius": 0.04, "n": 1.4502917785835465, "loss": 0.006111921403565807, "neff": 1.4510931634952693}, "3": {"wavelength": 1010, "bend_radius": 0.04, "n": 1.4502917785835465, "loss": 8.004386038072752, "neff": 1.4497492449858056}, "4": {"wavelength": 1010, "bend_radius": 0.04, "n": 1.4502917785835465, "loss": 7.984879246040513, "neff": 1.4497491578558714}, "5": {"wavelength": 1010, "bend_radius": 0.04, "n": 1.4502917785835465, "loss": 6.572979730357542, "neff": 1.449743595342776}, "6": {"wavelength": 1010, "bend_radius": 0.04, "n": 1.4502917785835465, "loss": 6.610706885097138, "neff": 1.449742910164348}}