{"1": {"loss": 0.12815678636254862, "neff": 1.4508498010078095}, "2": {"loss": 0.13060003032069775, "neff": 1.4508482345269416}, "3": {"loss": 13.689755926075089, "neff": 1.4495541237840512}, "4": {"loss": 13.699356360256171, "neff": 1.4495535234131285}, "5": {"loss": 6.918095091204982, "neff": 1.4495291551784573}, "6": {"loss": 6.919717013699412, "neff": 1.4495281819886439}}