{"1": {"loss": -3.852398596117737e-10, "neff": 1.4510116622068245}, "2": {"loss": 3.3655680332385307e-10, "neff": 1.451009894673155}, "3": {"loss": 0.42017939522198317, "neff": 1.4498103172353816}, "4": {"loss": 0.36861052385823934, "neff": 1.4498102695031145}, "5": {"loss": 0.3931312537496219, "neff": 1.4498091468740344}, "6": {"loss": 0.34831975159857015, "neff": 1.4498078961476446}}