{"1": {"wavelength": 1030, "bend_radius": 0.075, "n": 1.4500438058602083, "loss": 2.292105777288241e-05, "neff": 1.4508143624836112}, "2": {"wavelength": 1030, "bend_radius": 0.075, "n": 1.4500438058602083, "loss": 8.42439727573982e-06, "neff": 1.4508128445675235}, "3": {"wavelength": 1030, "bend_radius": 0.075, "n": 1.4500438058602083, "loss": 10.008005959714998, "neff": 1.4494435291199856}, "4": {"wavelength": 1030, "bend_radius": 0.075, "n": 1.4500438058602083, "loss": 10.329048624278727, "neff": 1.4494434765993638}, "5": {"wavelength": 1030, "bend_radius": 0.075, "n": 1.4500438058602083, "loss": 8.541009586410953, "neff": 1.4494419191778924}, "6": {"wavelength": 1030, "bend_radius": 0.075, "n": 1.4500438058602083, "loss": 8.359169447198514, "neff": 1.4494414590711904}}