{"1": {"loss": -1.3440633277985432e-07, "neff": 1.4507978355477722}, "2": {"loss": 1.3398294557791957e-07, "neff": 1.450796254762541}, "3": {"loss": 5.245841871537603, "neff": 1.4494479385583385}, "4": {"loss": 5.530084261551038, "neff": 1.4494479003393048}, "5": {"loss": 5.494669042060991, "neff": 1.4494466299318314}, "6": {"loss": 5.743470620231438, "neff": 1.4494461949413724}}