{"1": {"n": 1.4513350097137934, "loss": 9.858092246713e-05, "neff": 1.4522495518529175}, "2": {"n": 1.4513350097137934, "loss": 0.00010061337101990587, "neff": 1.4522478954219633}, "3": {"n": 1.4513350097137934, "loss": 2.3266543748355897, "neff": 1.450979715238399}, "4": {"n": 1.4513350097137934, "loss": 2.316990079810285, "neff": 1.4509794734211834}, "5": {"n": 1.4513350097137934, "loss": 1.7715647471739064, "neff": 1.4509757748942578}, "6": {"n": 1.4513350097137934, "loss": 1.7814911445327042, "neff": 1.4509745873695952}, "wavelength": 930, "bend_radius": 0.045}