{"wavelength": 810, "bend_radius": 0.04, "1": {"n": 1.453146366149297, "loss": 1.4847156781676256e-06, "neff": 1.4542362461757334}, "2": {"n": 1.453146366149297, "loss": 1.4461105379481206e-06, "neff": 1.4542344392122841}, "3": {"n": 1.453146366149297, "loss": 0.2774935579760885, "neff": 1.453094204834287}, "4": {"n": 1.453146366149297, "loss": 0.27369769351232837, "neff": 1.4530936445509912}, "5": {"n": 1.453146366149297, "loss": 0.14125056554432144, "neff": 1.4530912247155534}, "6": {"n": 1.453146366149297, "loss": 0.13785423410254116, "neff": 1.4530890373724938}}