{"1": {"loss": 0.00047207030513468184, "neff": 1.4509599970609959}, "2": {"loss": 0.0005259738268835332, "neff": 1.4509582881200676}, "3": {"loss": 1.8246744487287798, "neff": 1.4497262603165926}, "4": {"loss": 1.8279942075560096, "neff": 1.4497256299842312}, "5": {"loss": 1.092914192052377, "neff": 1.4497192679427953}, "6": {"loss": 1.0936674335679477, "neff": 1.44971771788821}}