{"1": {"n": 1.452044078932333, "loss": 0.004421583580693721, "neff": 1.4530408996034867}, "2": {"n": 1.452044078932333, "loss": 0.004504396429243582, "neff": 1.4530391975834942}, "3": {"n": 1.452044078932333, "loss": 2.1529516256547496, "neff": 1.4518359980789262}, "4": {"n": 1.452044078932333, "loss": 2.1653647198509187, "neff": 1.451835653051188}, "5": {"n": 1.452044078932333, "loss": 1.0074333012504002, "neff": 1.4518226955988072}, "6": {"n": 1.452044078932333, "loss": 1.017159863090945, "neff": 1.4518211294628658}, "wavelength": 880, "bend_radius": 0.025}