{"1": {"loss": 2.0869472400967546e-05, "neff": 1.4510157953532086}, "2": {"loss": 1.860356714150293e-05, "neff": 1.451014035362969}, "3": {"loss": 0.7671892268622688, "neff": 1.4498200752635182}, "4": {"loss": 0.7600525497883456, "neff": 1.4498194068995807}, "5": {"loss": 0.4474191014443886, "neff": 1.449815648960554}, "6": {"loss": 0.4455204398961205, "neff": 1.4498138040365}}