{"wavelength": 810, "bend_radius": 0.2, "1": {"n": 1.453146366149297, "loss": -3.3556527099435516e-12, "neff": 1.4542308258727994}, "2": {"n": 1.453146366149297, "loss": -4.5040296067743916e-13, "neff": 1.4542290080302513}, "3": {"n": 1.453146366149297, "loss": 0.06104981744618166, "neff": 1.4530842286874097}, "4": {"n": 1.453146366149297, "loss": 0.07112971261713583, "neff": 1.4530828828573166}, "5": {"n": 1.453146366149297, "loss": 0.06728740323465919, "neff": 1.4530819577004535}, "6": {"n": 1.453146366149297, "loss": 0.06394091101966584, "neff": 1.4530816755018026}}