{"1": {"loss": 5.3083310945822496e-05, "neff": 1.4509869115305287}, "2": {"loss": 4.700090396735984e-05, "neff": 1.4509851750900458}, "3": {"loss": 1.1090129008909533, "neff": 1.4497706243011468}, "4": {"loss": 1.1003619946403072, "neff": 1.4497699843917016}, "5": {"loss": 0.6842143717714477, "neff": 1.4497658072111312}, "6": {"loss": 0.6829707289805887, "neff": 1.449764116144845}}