{"1": {"n": 1.4508017923282956, "loss": -1.848573240493992e-10, "neff": 1.4516549311412998}, "2": {"n": 1.4508017923282956, "loss": 1.6200280434439143e-10, "neff": 1.4516533218803966}, "3": {"n": 1.4508017923282956, "loss": 3.1877888746891436, "neff": 1.4503401091137325}, "4": {"n": 1.4508017923282956, "loss": 3.2930580848803825, "neff": 1.4503395393882055}, "5": {"n": 1.4508017923282956, "loss": 3.511455436893873, "neff": 1.450338606400275}, "6": {"n": 1.4508017923282956, "loss": 3.3942704689577576, "neff": 1.4503384232517156}, "wavelength": 970, "bend_radius": 0.2}