{"1": {"wavelength": 970, "bend_radius": 0.01, "n": 1.4508017923282956, "loss": 1.0466102845263996, "neff": 1.451755835329828}, "2": {"wavelength": 970, "bend_radius": 0.01, "n": 1.4508017923282956, "loss": 1.057279604907198, "neff": 1.4517544513128846}, "3": {"wavelength": 970, "bend_radius": 0.01, "n": 1.4508017923282956, "loss": 42.275872575163085, "neff": 1.4505721916175984}, "4": {"wavelength": 970, "bend_radius": 0.01, "n": 1.4508017923282956, "loss": 42.14584184652306, "neff": 1.4505720153697566}, "5": {"wavelength": 970, "bend_radius": 0.01, "n": 1.4508017923282956, "loss": 15.729406492545063, "neff": 1.4504847686682625}, "6": {"wavelength": 970, "bend_radius": 0.01, "n": 1.4508017923282956, "loss": 15.796574963336596, "neff": 1.4504840861846802}}