{"1": {"n": 1.450167267865247, "loss": 0.5355710631832158, "neff": 1.4509954064117156}, "2": {"n": 1.450167267865247, "loss": 0.5433232235278779, "neff": 1.4509939672080263}, "3": {"n": 1.450167267865247, "loss": 30.98291369978897, "neff": 1.449692811115979}, "4": {"n": 1.450167267865247, "loss": 30.880309746099968, "neff": 1.449692745298148}, "5": {"n": 1.450167267865247, "loss": 14.157564067062538, "neff": 1.4496515697401553}, "6": {"n": 1.450167267865247, "loss": 14.210499422872724, "neff": 1.449650995769331}, "wavelength": 1020, "bend_radius": 0.015}