{"1": {"wavelength": 960, "bend_radius": 0, "n": 1.4509326937135074, "loss": -6.446109205936113e-13, "neff": 1.4517997532077564}, "2": {"wavelength": 960, "bend_radius": 0, "n": 1.4509326937135074, "loss": 3.641906933332778e-12, "neff": 1.451798129027632}, "3": {"wavelength": 960, "bend_radius": 0, "n": 1.4509326937135074, "loss": 2.637834862971611, "neff": 1.450494523718665}, "4": {"wavelength": 960, "bend_radius": 0, "n": 1.4509326937135074, "loss": 2.888541152931127, "neff": 1.4504938094503543}, "5": {"wavelength": 960, "bend_radius": 0, "n": 1.4509326937135074, "loss": 2.6193900753422024, "neff": 1.4504928304044125}, "6": {"wavelength": 960, "bend_radius": 0, "n": 1.4509326937135074, "loss": 2.904002575345609, "neff": 1.4504927478923486}}