{"1": {"wavelength": 970, "bend_radius": 0.02, "n": 1.4508017923282956, "loss": 0.09360140690276755, "neff": 1.4516793961558907}, "2": {"wavelength": 970, "bend_radius": 0.02, "n": 1.4508017923282956, "loss": 0.09589180730175002, "neff": 1.4516778397701426}, "3": {"wavelength": 970, "bend_radius": 0.02, "n": 1.4508017923282956, "loss": 11.03938535202475, "neff": 1.4503990294426865}, "4": {"wavelength": 970, "bend_radius": 0.02, "n": 1.4508017923282956, "loss": 11.107927539441242, "neff": 1.4503989343809698}, "5": {"wavelength": 970, "bend_radius": 0.02, "n": 1.4508017923282956, "loss": 5.4285231188090215, "neff": 1.4503751865637855}, "6": {"wavelength": 970, "bend_radius": 0.02, "n": 1.4508017923282956, "loss": 5.459866097878916, "neff": 1.450374295502705}}