{"1": {"loss": 0.02878872600370142, "neff": 1.4508219196671237}, "2": {"loss": 0.028373375044565174, "neff": 1.4508203427839372}, "3": {"loss": 9.00778362410707, "neff": 1.4494964537108412}, "4": {"loss": 9.045849701619229, "neff": 1.4494959058007082}, "5": {"loss": 6.013554114305848, "neff": 1.449485437809104}, "6": {"loss": 6.007196488124595, "neff": 1.4494844926316206}}