{"1": {"loss": -2.191314230348574e-12, "neff": 1.4509523846527823}, "2": {"loss": -4.67255154450534e-12, "neff": 1.45095066194542}, "3": {"loss": 0.8793506229797289, "neff": 1.4497084961425692}, "4": {"loss": 0.8941789411538489, "neff": 1.4497076283162609}, "5": {"loss": 0.7772678759833348, "neff": 1.4497065734863572}, "6": {"loss": 0.8370787348524924, "neff": 1.4497064751485986}}