{"1": {"wavelength": 1030, "bend_radius": 0.2, "n": 1.4500438058602083, "loss": -6.3116543581705885e-09, "neff": 1.4508128102939115}, "2": {"wavelength": 1030, "bend_radius": 0.2, "n": 1.4500438058602083, "loss": 6.169549566065084e-09, "neff": 1.450811289124558}, "3": {"wavelength": 1030, "bend_radius": 0.2, "n": 1.4500438058602083, "loss": 7.864152421656449, "neff": 1.449440444100769}, "4": {"wavelength": 1030, "bend_radius": 0.2, "n": 1.4500438058602083, "loss": 7.691696642976476, "neff": 1.449440060264506}, "5": {"wavelength": 1030, "bend_radius": 0.2, "n": 1.4500438058602083, "loss": 7.8551489580329354, "neff": 1.4494389916836645}, "6": {"wavelength": 1030, "bend_radius": 0.2, "n": 1.4500438058602083, "loss": 7.748553144823169, "neff": 1.4494388720206326}}