{"wavelength": 810, "bend_radius": 0, "1": {"n": 1.453146366149297, "loss": 7.303820676307871e-13, "neff": 1.454230600339533}, "2": {"n": 1.453146366149297, "loss": -1.1218759035312418e-12, "neff": 1.4542287820459072}, "3": {"n": 1.453146366149297, "loss": 0.09686732358939146, "neff": 1.4530839205316328}, "4": {"n": 1.453146366149297, "loss": 0.05378877723732178, "neff": 1.4530824323411862}, "5": {"n": 1.453146366149297, "loss": 0.10269162534821268, "neff": 1.4530814938804568}, "6": {"n": 1.453146366149297, "loss": 0.06017088859949477, "neff": 1.453081354848577}}