{"1": {"loss": -6.220452520680946e-10, "neff": 1.4508249668711324}, "2": {"loss": 5.966532323923581e-10, "neff": 1.4508233588062662}, "3": {"loss": 4.204957919153951, "neff": 1.4494933174178415}, "4": {"loss": 4.188769833474532, "neff": 1.4494929015106104}, "5": {"loss": 4.5059265635845, "neff": 1.4494917299884984}, "6": {"loss": 4.317736917684653, "neff": 1.4494916495392387}}