{"1": {"n": 1.4510651315237548, "loss": -9.178412093737813e-12, "neff": 1.451946505438098}, "2": {"n": 1.4510651315237548, "loss": 7.772348971311606e-12, "neff": 1.4519448672085151}, "3": {"n": 1.4510651315237548, "loss": 2.206242996438547, "neff": 1.4506511499035761}, "4": {"n": 1.4510651315237548, "loss": 2.282524109931076, "neff": 1.4506504404158838}, "5": {"n": 1.4510651315237548, "loss": 2.4324102346946894, "neff": 1.4506495084907698}, "6": {"n": 1.4510651315237548, "loss": 2.3464568710114766, "neff": 1.450649376917979}, "wavelength": 950, "bend_radius": 0.3}