{"1": {"loss": -3.3164488761118517e-12, "neff": 1.450952515652888}, "2": {"loss": -4.357602643283073e-12, "neff": 1.4509507931826913}, "3": {"loss": 0.899200776766763, "neff": 1.4497086999408766}, "4": {"loss": 0.6860579424161453, "neff": 1.4497079262558057}, "5": {"loss": 0.8998760731027461, "neff": 1.4497068806575544}, "6": {"loss": 0.7840777572024494, "neff": 1.4497066895042183}}