{"1": {"n": 1.4510651315237548, "loss": -4.981485510059164e-09, "neff": 1.45194736771137}, "2": {"n": 1.4510651315237548, "loss": 4.712172169998039e-09, "neff": 1.451945731331516}, "3": {"n": 1.4510651315237548, "loss": 2.4767199729340192, "neff": 1.4506526323469573}, "4": {"n": 1.4510651315237548, "loss": 2.6177648097668373, "neff": 1.4506523757986802}, "5": {"n": 1.4510651315237548, "loss": 2.5301452137699996, "neff": 1.4506514305952176}, "6": {"n": 1.4510651315237548, "loss": 2.4141545676919165, "neff": 1.4506508459538903}, "wavelength": 950, "bend_radius": 0.1}