{"wavelength": 830, "bend_radius": 0.035, "1": {"n": 1.452815646249081, "loss": 2.833688571239394e-05, "neff": 1.45387789504309}, "2": {"n": 1.452815646249081, "loss": 3.10596399933062e-05, "neff": 1.453876114625061}, "3": {"n": 1.452815646249081, "loss": 0.5132760427934769, "neff": 1.4527156188520585}, "4": {"n": 1.452815646249081, "loss": 0.517054804728401, "neff": 1.4527150985688428}, "5": {"n": 1.452815646249081, "loss": 0.2558432481661589, "neff": 1.452710688491165}, "6": {"n": 1.452815646249081, "loss": 0.2568754512478744, "neff": 1.4527086626859003}}