{"1": {"loss": 22.678597671423617, "neff": 1.451312923908003}, "2": {"loss": 22.719984324978224, "neff": 1.451311884185883}, "3": {"loss": 206.95442893052694, "neff": 1.45035827730215}, "4": {"loss": 206.96071336807768, "neff": 1.4503565965709417}, "5": {"loss": 98.22420593205936, "neff": 1.4501678689795943}, "6": {"loss": 98.33343786240357, "neff": 1.4501676042282976}}