{"1": {"loss": -2.3225777763302765e-11, "neff": 1.4509964565716464}, "2": {"loss": 2.561556289807472e-11, "neff": 1.45099469936659}, "3": {"loss": 0.43620684943080845, "neff": 1.4497840212176785}, "4": {"loss": 0.4371976266497329, "neff": 1.4497836303756018}, "5": {"loss": 0.43038873985758525, "neff": 1.4497825837384097}, "6": {"loss": 0.44029972489239677, "neff": 1.4497818307024646}}