{"wavelength": 840, "bend_radius": 0.05, "1": {"n": 1.4526553936728075, "loss": 1.568750064626569e-07, "neff": 1.4536991958886252}, "2": {"n": 1.4526553936728075, "loss": 1.533439897470903e-07, "neff": 1.453697419530759}, "3": {"n": 1.4526553936728075, "loss": 0.40501639749940677, "neff": 1.4525212876402602}, "4": {"n": 1.4526553936728075, "loss": 0.3909150698519781, "neff": 1.4525208865250938}, "5": {"n": 1.4526553936728075, "loss": 0.26716204233386, "neff": 1.4525192728989365}, "6": {"n": 1.4526553936728075, "loss": 0.2537730806489551, "neff": 1.4525174275618913}}