{"1": {"loss": -6.298732647289541e-12, "neff": 1.450938179382346}, "2": {"loss": -1.0173059671375319e-12, "neff": 1.4509364692284985}, "3": {"loss": 1.1259803246749112, "neff": 1.4496842671291905}, "4": {"loss": 0.9285051587103512, "neff": 1.4496835452494192}, "5": {"loss": 0.9897151158331637, "neff": 1.449682488062297}, "6": {"loss": 0.973925782138539, "neff": 1.4496823084735926}}