{"1": {"n": 1.4521927938551105, "loss": 4.666164606548139e-12, "neff": 1.4531893831504865}, "2": {"n": 1.4521927938551105, "loss": 6.785851311881999e-12, "neff": 1.453187636717851}, "3": {"n": 1.4521927938551105, "loss": 0.45588600746990066, "neff": 1.4519757902798884}, "4": {"n": 1.4521927938551105, "loss": 0.4728827167720558, "neff": 1.4519747783256614}, "5": {"n": 1.4521927938551105, "loss": 0.47396841852911614, "neff": 1.451973920558498}, "6": {"n": 1.4521927938551105, "loss": 0.48222064790961217, "neff": 1.4519736670666956}, "wavelength": 870, "bend_radius": 0.2}