{"1": {"n": 1.4510651315237548, "loss": 0.00024259074213303067, "neff": 1.4519511935621567}, "2": {"n": 1.4510651315237548, "loss": 0.0002289880505502217, "neff": 1.4519495654069456}, "3": {"n": 1.4510651315237548, "loss": 3.164402027628231, "neff": 1.4506617001444755}, "4": {"n": 1.4510651315237548, "loss": 3.1540744753337777, "neff": 1.4506615006730696}, "5": {"n": 1.4510651315237548, "loss": 2.5156457525388465, "neff": 1.4506575980267093}, "6": {"n": 1.4510651315237548, "loss": 2.5312974317912316, "neff": 1.4506565495321437}, "wavelength": 950, "bend_radius": 0.045}