{"1": {"loss": 14.327403897277721, "neff": 1.4513737251632979}, "2": {"loss": 14.354375203468843, "neff": 1.4513726406186693}, "3": {"loss": 137.8782357597253, "neff": 1.4504940922440137}, "4": {"loss": 137.90808713192578, "neff": 1.450492291370211}, "5": {"loss": 65.24663586414447, "neff": 1.450286491230288}, "6": {"loss": 65.36363819275333, "neff": 1.4502861989184983}}