{"1": {"wavelength": 970, "bend_radius": 0.015, "n": 1.4508017923282956, "loss": 0.2561683857019844, "neff": 1.4516988745600705}, "2": {"wavelength": 970, "bend_radius": 0.015, "n": 1.4508017923282956, "loss": 0.259894811476249, "neff": 1.4516973610749986}, "3": {"wavelength": 970, "bend_radius": 0.015, "n": 1.4508017923282956, "loss": 18.130845455640028, "neff": 1.4504452053819832}, "4": {"wavelength": 970, "bend_radius": 0.015, "n": 1.4508017923282956, "loss": 18.206948211399354, "neff": 1.45044519186544}, "5": {"wavelength": 970, "bend_radius": 0.015, "n": 1.4508017923282956, "loss": 7.662287940471234, "neff": 1.4504032943579868}, "6": {"wavelength": 970, "bend_radius": 0.015, "n": 1.4508017923282956, "loss": 7.701566509548112, "neff": 1.450402456937186}}