{"1": {"loss": 3.358159922514552e-05, "neff": 1.4510013341165795}, "2": {"loss": 2.9773759795652465e-05, "neff": 1.450999585808738}, "3": {"loss": 0.9250884210862989, "neff": 1.4497952692283687}, "4": {"loss": 0.9172857215785531, "neff": 1.449794615398201}, "5": {"loss": 0.5551136500519521, "neff": 1.4497906405798666}, "6": {"loss": 0.5535491289280634, "neff": 1.449788873482398}}