{"1": {"loss": 10.606379393077368, "neff": 1.4514103062558146}, "2": {"loss": 10.62600194317297, "neff": 1.4514091923446226}, "3": {"loss": 105.6844144254914, "neff": 1.450575101490815}, "4": {"loss": 105.72001851041932, "neff": 1.450573227384573}, "5": {"loss": 49.997600593629954, "neff": 1.4503574392768164}, "6": {"loss": 50.1109103927307, "neff": 1.4503571304754534}}