{"wavelength": 830, "bend_radius": 0.005, "1": {"n": 1.452815646249081, "loss": 6.0861140509242775, "neff": 1.4542870062619293}, "2": {"n": 1.452815646249081, "loss": 6.143237628292271, "neff": 1.4542863069106815}, "3": {"n": 1.452815646249081, "loss": 66.6291889676667, "neff": 1.453515501453033}, "4": {"n": 1.452815646249081, "loss": 66.73549253440108, "neff": 1.453515144363929}, "5": {"n": 1.452815646249081, "loss": 31.083422004545177, "neff": 1.4532859353231264}, "6": {"n": 1.452815646249081, "loss": 31.201650504025352, "neff": 1.4532858956366972}}