{"1": {"wavelength": 880, "bend_radius": 0.01, "n": 1.452044078932333, "loss": 0.27662377543063615, "neff": 1.4531219394281725}, "2": {"wavelength": 880, "bend_radius": 0.01, "n": 1.452044078932333, "loss": 0.2800180712119319, "neff": 1.4531204202730648}, "3": {"wavelength": 880, "bend_radius": 0.01, "n": 1.452044078932333, "loss": 15.813744567711414, "neff": 1.45202739188311}, "4": {"wavelength": 880, "bend_radius": 0.01, "n": 1.452044078932333, "loss": 15.741199683814045, "neff": 1.4520273308587575}, "5": {"wavelength": 880, "bend_radius": 0.01, "n": 1.452044078932333, "loss": 5.026273584659038, "neff": 1.4519393425309777}, "6": {"wavelength": 880, "bend_radius": 0.01, "n": 1.452044078932333, "loss": 5.063408622941356, "neff": 1.4519381671722662}}