{"1": {"n": 1.4523441428045392, "loss": 3.650810858726447e-12, "neff": 1.4533550595409876}, "2": {"n": 1.4523441428045392, "loss": 1.3224543982799133e-12, "neff": 1.453353300007982}, "3": {"n": 1.4523441428045392, "loss": 0.40654507026453257, "neff": 1.4521521084922104}, "4": {"n": 1.4523441428045392, "loss": 0.33059703733514056, "neff": 1.452150889346398}, "5": {"n": 1.4523441428045392, "loss": 0.4131846654545658, "neff": 1.4521499985605968}, "6": {"n": 1.4523441428045392, "loss": 0.3373257648227162, "neff": 1.4521498927813932}, "wavelength": 860, "bend_radius": 0}