{"1": {"wavelength": 1020, "bend_radius": 0.04, "n": 1.450167267865247, "loss": 0.007488737624631275, "neff": 1.450956263592629}, "2": {"wavelength": 1020, "bend_radius": 0.04, "n": 1.450167267865247, "loss": 0.008220581700394967, "neff": 1.4509547404196774}, "3": {"wavelength": 1020, "bend_radius": 0.04, "n": 1.450167267865247, "loss": 9.080655819681805, "neff": 1.4496012570911394}, "4": {"wavelength": 1020, "bend_radius": 0.04, "n": 1.450167267865247, "loss": 9.05529796702209, "neff": 1.4496011877424924}, "5": {"wavelength": 1020, "bend_radius": 0.04, "n": 1.450167267865247, "loss": 7.56615645082101, "neff": 1.4495955969511316}, "6": {"wavelength": 1020, "bend_radius": 0.04, "n": 1.450167267865247, "loss": 7.6077072757630875, "neff": 1.4495949668417234}}