{"1": {"loss": 0.018855351111421968, "neff": 1.4509107017263694}, "2": {"loss": 0.019034158519609334, "neff": 1.4509090561731917}, "3": {"loss": 5.216188236410375, "neff": 1.4496493728627937}, "4": {"loss": 5.205117297998822, "neff": 1.4496487572801515}, "5": {"loss": 2.7546781656240746, "neff": 1.4496338567147296}, "6": {"loss": 2.75903577335825, "neff": 1.4496325873545266}}