{"1": {"n": 1.4502917785835465, "loss": 1.7458195567835424, "neff": 1.4511918527839385}, "2": {"n": 1.4502917785835465, "loss": 1.7619296801141813, "neff": 1.4511905286246756}, "3": {"n": 1.4502917785835465, "loss": 61.54572544189033, "neff": 1.449966320096328}, "4": {"n": 1.4502917785835465, "loss": 61.40248828868541, "neff": 1.449966099723122}, "5": {"n": 1.4502917785835465, "loss": 24.245977215981835, "neff": 1.449881555261748}, "6": {"n": 1.4502917785835465, "loss": 24.32542322304233, "neff": 1.449881049576248}, "wavelength": 1010, "bend_radius": 0.01}