{"1": {"n": 1.4513350097137934, "loss": 1.869792375381496e-05, "neff": 1.4522486500108276}, "2": {"n": 1.4513350097137934, "loss": 2.8026914638192447e-05, "neff": 1.4522469916373075}, "3": {"n": 1.4513350097137934, "loss": 2.1136898355006357, "neff": 1.4509775024466294}, "4": {"n": 1.4513350097137934, "loss": 2.112452002630109, "neff": 1.4509772750585825}, "5": {"n": 1.4513350097137934, "loss": 1.7334270137740295, "neff": 1.4509744422387036}, "6": {"n": 1.4513350097137934, "loss": 1.7374082012691043, "neff": 1.4509732708466565}, "wavelength": 930, "bend_radius": 0.05}