{"1": {"n": 1.4518978468770973, "loss": 1.3698067276466587e-05, "neff": 1.4528698331818322}, "2": {"n": 1.4518978468770973, "loss": 1.649490081142919e-05, "neff": 1.4528681221023343}, "3": {"n": 1.4518978468770973, "loss": 1.193222792192644, "neff": 1.45164022873625}, "4": {"n": 1.4518978468770973, "loss": 1.1846191213147845, "neff": 1.45163989596826}, "5": {"n": 1.4518978468770973, "loss": 0.8229730889525193, "neff": 1.4516367368269452}, "6": {"n": 1.4518978468770973, "loss": 0.8242233616629474, "neff": 1.4516352484129076}, "wavelength": 890, "bend_radius": 0.045}