{"wavelength": 820, "bend_radius": 0.04, "1": {"n": 1.4529792357022007, "loss": 2.6263485909136453e-06, "neff": 1.4540544102602526}, "2": {"n": 1.4529792357022007, "loss": 2.4993223527065577e-06, "neff": 1.454052614607228}, "3": {"n": 1.4529792357022007, "loss": 0.34657685225614826, "neff": 1.4529010985729534}, "4": {"n": 1.4529792357022007, "loss": 0.3434667004508193, "neff": 1.4529005646808022}, "5": {"n": 1.4529792357022007, "loss": 0.18120393950694946, "neff": 1.4528978665967056}, "6": {"n": 1.4529792357022007, "loss": 0.17867013990842034, "neff": 1.4528957667766011}}