{"1": {"n": 1.450417409406875, "loss": 0.00046126661125353184, "neff": 1.4512320469047184}, "2": {"n": 1.450417409406875, "loss": 0.0005724515104857009, "neff": 1.4512304893514585}, "3": {"n": 1.450417409406875, "loss": 5.984428113605654, "neff": 1.4498929160674427}, "4": {"n": 1.450417409406875, "loss": 6.013867082895118, "neff": 1.449892821064246}, "5": {"n": 1.450417409406875, "loss": 5.498290875839206, "neff": 1.4498894786948777}, "6": {"n": 1.450417409406875, "loss": 5.525207317712454, "neff": 1.4498887538840723}, "wavelength": 1000, "bend_radius": 0.05}