{"1": {"loss": -8.836756596882624e-09, "neff": 1.4508678437550115}, "2": {"loss": 8.393494631609346e-09, "neff": 1.450866198143668}, "3": {"loss": 2.8912275215621666, "neff": 1.4495653695623976}, "4": {"loss": 3.229497340807243, "neff": 1.4495653309796934}, "5": {"loss": 3.0309404553253008, "neff": 1.4495641386542655}, "6": {"loss": 2.7359536284384474, "neff": 1.4495635460563625}}