{"1": {"loss": 7.60798816746448e-05, "neff": 1.4508707811272699}, "2": {"loss": 0.00010992455183862772, "neff": 1.4508691406147036}, "3": {"loss": 3.265730655333121, "neff": 1.4495726437089007}, "4": {"loss": 3.2560502636582593, "neff": 1.4495721301178852}, "5": {"loss": 2.823148165680537, "neff": 1.4495690902173692}, "6": {"loss": 2.8123229202734588, "neff": 1.4495679601090106}}