{"1": {"loss": 0.7783220782362674, "neff": 1.4507880051434494}, "2": {"loss": 0.7846343292045865, "neff": 1.4507865464384002}, "3": {"loss": 40.39051379553836, "neff": 1.4494612570894674}, "4": {"loss": 40.391604793686184, "neff": 1.449460639860935}, "5": {"loss": 19.237671584339264, "neff": 1.449419343141502}, "6": {"loss": 19.227312556398065, "neff": 1.4494186535438018}}