{"1": {"n": 1.4509326937135074, "loss": 0.0012093800763703193, "neff": 1.451805860628226}, "2": {"n": 1.4509326937135074, "loss": 0.0011899714515213133, "neff": 1.4518042495703085}, "3": {"n": 1.4509326937135074, "loss": 4.076883760580363, "neff": 1.4505085054630569}, "4": {"n": 1.4509326937135074, "loss": 4.07392849191952, "neff": 1.4505083218012753}, "5": {"n": 1.4509326937135074, "loss": 3.065418189442179, "neff": 1.450503055471085}, "6": {"n": 1.4509326937135074, "loss": 3.0868485491277897, "neff": 1.450502065846768}, "wavelength": 960, "bend_radius": 0.04}