{"1": {"n": 1.451199202758338, "loss": 0.05381639830754764, "neff": 1.4521190002949693}, "2": {"n": 1.451199202758338, "loss": 0.05506564587375406, "neff": 1.4521174003821646}, "3": {"n": 1.451199202758338, "loss": 7.543163158913123, "neff": 1.4508675556002062}, "4": {"n": 1.451199202758338, "loss": 7.595031395604515, "neff": 1.4508673999914572}, "5": {"n": 1.451199202758338, "loss": 3.5077131796950787, "neff": 1.4508440770592763}, "6": {"n": 1.451199202758338, "loss": 3.5317552273897648, "neff": 1.4508429936777656}, "wavelength": 940, "bend_radius": 0.02}