{"1": {"n": 1.4500438058602083, "loss": 2.219553382983329, "neff": 1.4509171158094705}, "2": {"n": 1.4500438058602083, "loss": 2.239502703052257, "neff": 1.4509158213050528}, "3": {"n": 1.4500438058602083, "loss": 73.38719494911592, "neff": 1.4496701665805534}, "4": {"n": 1.4500438058602083, "loss": 73.23811558321769, "neff": 1.4496699252723313}, "5": {"n": 1.4500438058602083, "loss": 29.687077885866742, "neff": 1.4495871185224583}, "6": {"n": 1.4500438058602083, "loss": 29.771342268673845, "neff": 1.4495866929324563}, "wavelength": 1030, "bend_radius": 0.01}