{"1": {"loss": 3.696579296620334e-05, "neff": 1.4509426337295213}, "2": {"loss": 4.096786988665031e-05, "neff": 1.4509409315957202}, "3": {"loss": 1.6389464522271453, "neff": 1.4496944597273624}, "4": {"loss": 1.6192966663310941, "neff": 1.4496938775896777}, "5": {"loss": 1.1822194378946769, "neff": 1.4496904292296624}, "6": {"loss": 1.1774889354998812, "neff": 1.4496889670260258}}