{"1": {"loss": 0.24832400835475563, "neff": 1.4508970978845326}, "2": {"loss": 0.2504487509206501, "neff": 1.4508955388783167}, "3": {"loss": 17.78085856931883, "neff": 1.449647977855946}, "4": {"loss": 17.772022689768626, "neff": 1.4496473066956195}, "5": {"loss": 7.460109840458062, "neff": 1.449604371557429}, "6": {"loss": 7.469372766469748, "neff": 1.4496033424062233}}