{"1": {"loss": -4.2259296662333545e-11, "neff": 1.4508812414440269}, "2": {"loss": 4.3205687417170916e-11, "neff": 1.450879581726812}, "3": {"loss": 2.0784049313321216, "neff": 1.4495878960823914}, "4": {"loss": 2.1923753962853185, "neff": 1.4495873424230221}, "5": {"loss": 2.269385597086928, "neff": 1.4495862444471614}, "6": {"loss": 2.325118774312917, "neff": 1.4495861086050814}}