{"1": {"wavelength": 890, "bend_radius": 0.04, "n": 1.4518978468770973, "loss": 8.399079328837188e-05, "neff": 1.4528710667600588}, "2": {"wavelength": 890, "bend_radius": 0.04, "n": 1.4518978468770973, "loss": 7.512942619366362e-05, "neff": 1.4528693583222432}, "3": {"wavelength": 890, "bend_radius": 0.04, "n": 1.4518978468770973, "loss": 1.3538317272926077, "neff": 1.4516431913266499}, "4": {"wavelength": 890, "bend_radius": 0.04, "n": 1.4518978468770973, "loss": 1.354049530873474, "neff": 1.4516428467492182}, "5": {"wavelength": 890, "bend_radius": 0.04, "n": 1.4518978468770973, "loss": 0.86447723969623, "neff": 1.4516385237095675}, "6": {"wavelength": 890, "bend_radius": 0.04, "n": 1.4518978468770973, "loss": 0.8699732865591296, "neff": 1.451637021958514}}