{"1": {"n": 1.4513350097137934, "loss": 0.005198544600102173, "neff": 1.452255497510803}, "2": {"n": 1.4513350097137934, "loss": 0.0051153450459680005, "neff": 1.4522538539390357}, "3": {"n": 1.4513350097137934, "loss": 3.608110574444141, "neff": 1.4509943175679045}, "4": {"n": 1.4513350097137934, "loss": 3.637616213560502, "neff": 1.450994077394746}, "5": {"n": 1.4513350097137934, "loss": 2.115421793373604, "neff": 1.4509844215629177}, "6": {"n": 1.4513350097137934, "loss": 2.1310589953245302, "neff": 1.450983226210787}, "wavelength": 930, "bend_radius": 0.03}