{"1": {"n": 1.4516122686289965, "loss": 0.4446781756285324, "neff": 1.4526484656971328}, "2": {"n": 1.4516122686289965, "loss": 0.44991995632576576, "neff": 1.4526469914005955}, "3": {"n": 1.4516122686289965, "loss": 22.488507300961302, "neff": 1.4515250565639024}, "4": {"n": 1.4516122686289965, "loss": 22.3962501656337, "neff": 1.4515249538246944}, "5": {"n": 1.4516122686289965, "loss": 7.572718047333848, "neff": 1.4514362134431154}, "6": {"n": 1.4516122686289965, "loss": 7.619434085343396, "neff": 1.451435218555415}, "wavelength": 910, "bend_radius": 0.01}