{"1": {"loss": 11.752131614157257, "neff": 1.4513981018140392}, "2": {"loss": 11.774133252884301, "neff": 1.4513969979238546}, "3": {"loss": 115.70162209412894, "neff": 1.4505481442380495}, "4": {"loss": 115.73546891470794, "neff": 1.450546294650015}, "5": {"loss": 54.73857362193847, "neff": 1.4503338082533948}, "6": {"loss": 54.85373717123927, "neff": 1.45033350492608}}