{"1": {"loss": -3.417871150604262e-11, "neff": 1.4508107520020133}, "2": {"loss": 2.6461066112571113e-11, "neff": 1.4508091565288557}, "3": {"loss": 4.837858087796899, "neff": 1.4494694880785666}, "4": {"loss": 4.961417086977183, "neff": 1.4494689649685242}, "5": {"loss": 4.969703718908784, "neff": 1.4494678008013187}, "6": {"loss": 4.788505528803802, "neff": 1.4494677408055616}}