{"1": {"loss": -9.347939290903415e-07, "neff": 1.4507425728544892}, "2": {"loss": 1.0181481894624493e-06, "neff": 1.4507410440917272}, "3": {"loss": 11.262184408392494, "neff": 1.4493553127265177}, "4": {"loss": 9.679579135836514, "neff": 1.4493552457566314}, "5": {"loss": 9.686117101084438, "neff": 1.4493539119720393}, "6": {"loss": 10.542981355852083, "neff": 1.4493535818810865}}