{"1": {"wavelength": 1040, "bend_radius": 0.075, "n": 1.4499213245971632, "loss": 4.3882964048691216e-05, "neff": 1.4506780081514548}, "2": {"wavelength": 1040, "bend_radius": 0.075, "n": 1.4499213245971632, "loss": 1.3971652145574304e-05, "neff": 1.4506765050995059}, "3": {"wavelength": 1040, "bend_radius": 0.075, "n": 1.4499213245971632, "loss": 10.93851221240275, "neff": 1.4492976759234741}, "4": {"wavelength": 1040, "bend_radius": 0.075, "n": 1.4499213245971632, "loss": 11.235670145138267, "neff": 1.4492976086089795}, "5": {"wavelength": 1040, "bend_radius": 0.075, "n": 1.4499213245971632, "loss": 9.575831936553493, "neff": 1.4492960448021535}, "6": {"wavelength": 1040, "bend_radius": 0.075, "n": 1.4499213245971632, "loss": 9.495258464125998, "neff": 1.4492956313248437}}