{"1": {"wavelength": 890, "bend_radius": 0.2, "n": 1.4518978468770973, "loss": -4.01677229648914e-12, "neff": 1.45286543161737}, "2": {"wavelength": 890, "bend_radius": 0.2, "n": 1.4518978468770973, "loss": -1.2592720056093984e-12, "neff": 1.4528637111407487}, "3": {"wavelength": 890, "bend_radius": 0.2, "n": 1.4518978468770973, "loss": 0.7556970821641739, "neff": 1.4516307575707583}, "4": {"wavelength": 890, "bend_radius": 0.2, "n": 1.4518978468770973, "loss": 0.8217745813896276, "neff": 1.451629843248948}, "5": {"wavelength": 890, "bend_radius": 0.2, "n": 1.4518978468770973, "loss": 0.9156966350371881, "neff": 1.4516289887563485}, "6": {"wavelength": 890, "bend_radius": 0.2, "n": 1.4518978468770973, "loss": 0.7392840174221665, "neff": 1.451628748826581}}