{"1": {"loss": 0.002244365275399218, "neff": 1.4507594094953324}, "2": {"loss": 0.0022511599794134926, "neff": 1.4507578726237393}, "3": {"loss": 9.904002551677737, "neff": 1.44938581966244}, "4": {"loss": 9.929178775376606, "neff": 1.4493853589919856}, "5": {"loss": 9.279091964062353, "neff": 1.449381990028572}, "6": {"loss": 9.259628784165786, "neff": 1.4493812619498494}}