{"wavelength": 810, "bend_radius": 0.025, "1": {"n": 1.453146366149297, "loss": 0.0005316942850946856, "neff": 1.4542450855517952}, "2": {"n": 1.453146366149297, "loss": 0.0005445489128302338, "neff": 1.4542432964911944}, "3": {"n": 1.453146366149297, "loss": 0.5903669029851997, "neff": 1.4531131922309242}, "4": {"n": 1.453146366149297, "loss": 0.5954703859736328, "neff": 1.4531126249280422}, "5": {"n": 1.453146366149297, "loss": 0.23197925170184797, "neff": 1.4531031723294898}, "6": {"n": 1.453146366149297, "loss": 0.2347828185000623, "neff": 1.453100978468308}}