{"1": {"loss": 2.432951672154238, "neff": 1.4508610072973245}, "2": {"loss": 2.4430933049103345, "neff": 1.4508596254931154}, "3": {"loss": 78.1848159840925, "neff": 1.4496106806100757}, "4": {"loss": 78.1616138139993, "neff": 1.4496099056227654}, "5": {"loss": 32.00088984273454, "neff": 1.4495257857220443}, "6": {"loss": 32.00978428424143, "neff": 1.449525134883792}}