{"wavelength": 820, "bend_radius": 0.01, "1": {"n": 1.4529792357022007, "loss": 0.09554308192891585, "neff": 1.4541416850181212}, "2": {"n": 1.4529792357022007, "loss": 0.09682002659004331, "neff": 1.4541400780382354}, "3": {"n": 1.4529792357022007, "loss": 7.1040585055117615, "neff": 1.4531023588743481}, "4": {"n": 1.4529792357022007, "loss": 7.147070831328832, "neff": 1.4531023190097043}, "5": {"n": 1.4529792357022007, "loss": 1.9806290408495728, "neff": 1.4530197691179838}, "6": {"n": 1.4529792357022007, "loss": 2.001437563274911, "neff": 1.4530181775505975}}