{"1": {"loss": 0.028747414686808276, "neff": 1.4510658194862838}, "2": {"loss": 0.02888787523546601, "neff": 1.451064112598037}, "3": {"loss": 3.6172476509262554, "neff": 1.4499298287977282}, "4": {"loss": 3.6160530630913037, "neff": 1.4499290465895842}, "5": {"loss": 1.196494109465501, "neff": 1.4498912960970427}, "6": {"loss": 1.2037075323305295, "neff": 1.44988951915802}}