{"1": {"wavelength": 940, "bend_radius": 0.04, "n": 1.451199202758338, "loss": 0.0006041387267668879, "neff": 1.4521007533959989}, "2": {"wavelength": 940, "bend_radius": 0.04, "n": 1.451199202758338, "loss": 0.0005731991600264086, "neff": 1.4520991137738934}, "3": {"wavelength": 940, "bend_radius": 0.04, "n": 1.451199202758338, "loss": 3.039201408401666, "neff": 1.4508229117709204}, "4": {"wavelength": 940, "bend_radius": 0.04, "n": 1.451199202758338, "loss": 3.038641267570399, "neff": 1.4508226854607091}, "5": {"wavelength": 940, "bend_radius": 0.04, "n": 1.451199202758338, "loss": 2.1910647747778835, "neff": 1.4508176204792287}, "6": {"wavelength": 940, "bend_radius": 0.04, "n": 1.451199202758338, "loss": 2.207085417197502, "neff": 1.4508164948729616}}