{"1": {"loss": 0.03526775559269364, "neff": 1.4510515200531846}, "2": {"loss": 0.03544034047833964, "neff": 1.4510498249960428}, "3": {"loss": 4.221357931623058, "neff": 1.4499061147349472}, "4": {"loss": 4.22040554836189, "neff": 1.4499053446022265}, "5": {"loss": 1.4281868039538024, "neff": 1.4498667034050703}, "6": {"loss": 1.4360738972405185, "neff": 1.4498650012179035}}