{"1": {"loss": 0.00012604501732320112, "neff": 1.450958185022667}, "2": {"loss": 0.00011257760425190074, "neff": 1.4509564728077997}, "3": {"loss": 1.5681220337074693, "neff": 1.4497217801822415}, "4": {"loss": 1.5571077348882592, "neff": 1.4497211661576028}, "5": {"loss": 1.020118464311764, "neff": 1.4497166285431973}, "6": {"loss": 1.0194377801251577, "neff": 1.4497150836648944}}