{"1": {"loss": 0.0056099941414635085, "neff": 1.4509817297063532}, "2": {"loss": 0.00567381502785801, "neff": 1.450980021973936}, "3": {"loss": 2.4829516150669186, "neff": 1.4497687428152592}, "4": {"loss": 2.4784814904860863, "neff": 1.4497680704212943}, "5": {"loss": 1.1786441864774353, "neff": 1.4497544502854576}, "6": {"loss": 1.1826906181514945, "neff": 1.4497528456022422}}