{"1": {"loss": -5.516851894716797e-10, "neff": 1.4507415408018598}, "2": {"loss": 5.558573240286766e-10, "neff": 1.4507400104242147}, "3": {"loss": 9.802292951797618, "neff": 1.4493534181830146}, "4": {"loss": 9.467829544475197, "neff": 1.4493530431202124}, "5": {"loss": 9.513674306566658, "neff": 1.4493518165447072}, "6": {"loss": 9.773667150860714, "neff": 1.4493517157309894}}