{"1": {"wavelength": 900, "bend_radius": 0.3, "n": 1.4517539550240655, "loss": -2.6270617243619514e-12, "neff": 1.4527069638768337}, "2": {"wavelength": 900, "bend_radius": 0.3, "n": 1.4517539550240655, "loss": 5.382136280948817e-13, "neff": 1.4527052564282772}, "3": {"wavelength": 900, "bend_radius": 0.3, "n": 1.4517539550240655, "loss": 0.9036229155440405, "neff": 1.4514618653907252}, "4": {"wavelength": 900, "bend_radius": 0.3, "n": 1.4517539550240655, "loss": 0.914732514090887, "neff": 1.4514609228126036}, "5": {"wavelength": 900, "bend_radius": 0.3, "n": 1.4517539550240655, "loss": 0.8129101175464736, "neff": 1.451460045019164}, "6": {"wavelength": 900, "bend_radius": 0.3, "n": 1.4517539550240655, "loss": 0.8810528104249687, "neff": 1.4514598918369344}}