{"1": {"wavelength": 990, "bend_radius": 0.05, "n": 1.4505442353610596, "loss": 0.00029994436262164876, "neff": 1.4513728937553536}, "2": {"wavelength": 990, "bend_radius": 0.05, "n": 1.4505442353610596, "loss": 0.0003903086434217438, "neff": 1.4513713215189608}, "3": {"wavelength": 990, "bend_radius": 0.05, "n": 1.4505442353610596, "loss": 5.203042196440836, "neff": 1.4500433476544925}, "4": {"wavelength": 990, "bend_radius": 0.05, "n": 1.4505442353610596, "loss": 5.225921655580816, "neff": 1.4500432349866876}, "5": {"wavelength": 990, "bend_radius": 0.05, "n": 1.4505442353610596, "loss": 4.727629201820818, "neff": 1.4500399432519053}, "6": {"wavelength": 990, "bend_radius": 0.05, "n": 1.4505442353610596, "loss": 4.750821037911767, "neff": 1.4500391602135168}}