{"1": {"n": 1.4505442353610596, "loss": 0.023697105072857695, "neff": 1.4513799832524905}, "2": {"n": 1.4505442353610596, "loss": 0.02346934307510215, "neff": 1.4513784262147362}, "3": {"n": 1.4505442353610596, "loss": 8.169839280418142, "neff": 1.4500606821339093}, "4": {"n": 1.4505442353610596, "loss": 8.243758190430066, "neff": 1.4500605678926046}, "5": {"n": 1.4505442353610596, "loss": 5.400471425161272, "neff": 1.4500502677411586}, "6": {"n": 1.4505442353610596, "loss": 5.430053021373374, "neff": 1.4500494663692551}, "wavelength": 990, "bend_radius": 0.03}