{"1": {"loss": 0.43400339552508493, "neff": 1.4510358164320547}, "2": {"loss": 0.4361886984224843, "neff": 1.451034278430681}, "3": {"loss": 22.04588028520348, "neff": 1.4499181141405117}, "4": {"loss": 22.037227699537457, "neff": 1.449917238477517}, "5": {"loss": 7.437718474557203, "neff": 1.4498262549599419}, "6": {"loss": 7.46371328694994, "neff": 1.4498250904243288}}