{"1": {"n": 1.450417409406875, "loss": 0.029705428463252536, "neff": 1.451239177308937}, "2": {"n": 1.450417409406875, "loss": 0.029462615654347005, "neff": 1.4512376349983858}, "3": {"n": 1.450417409406875, "loss": 9.252111362638141, "neff": 1.449910280230309}, "4": {"n": 1.450417409406875, "loss": 9.336072992911326, "neff": 1.4499101848399312}, "5": {"n": 1.450417409406875, "loss": 6.227658082084922, "neff": 1.4498998453986918}, "6": {"n": 1.450417409406875, "loss": 6.259934400082594, "neff": 1.4498991024592214}, "wavelength": 1000, "bend_radius": 0.03}