{"1": {"loss": 0.5956658463931535, "neff": 1.450815038118752}, "2": {"loss": 0.6009478262271243, "neff": 1.4508135545299496}, "3": {"loss": 33.368232718205896, "neff": 1.4495079435312066}, "4": {"loss": 33.35837510746095, "neff": 1.4495073134027354}, "5": {"loss": 15.422496952261675, "neff": 1.4494653397180854}, "6": {"loss": 15.419334955112777, "neff": 1.4494645752827637}}