{"1": {"loss": 0.0021094602762743234, "neff": 1.4509627929552966}, "2": {"loss": 0.002058001402487266, "neff": 1.4509610890631097}, "3": {"loss": 2.2234924827192786, "neff": 1.4497331767098458}, "4": {"loss": 2.2255198926341366, "neff": 1.4497325321168584}, "5": {"loss": 1.208605503167734, "neff": 1.4497233273480092}, "6": {"loss": 1.2108752963484795, "neff": 1.4497217805074711}}