{"1": {"n": 1.4523441428045392, "loss": 2.7088211078514615e-06, "neff": 1.4533596228591383}, "2": {"n": 1.4523441428045392, "loss": 3.596240046577191e-06, "neff": 1.4533578729251377}, "3": {"n": 1.4523441428045392, "loss": 0.6844338287812002, "neff": 1.4521612783633027}, "4": {"n": 1.4523441428045392, "loss": 0.6759483032453432, "neff": 1.452160873735522}, "5": {"n": 1.4523441428045392, "loss": 0.4345218333823482, "neff": 1.4521582338991883}, "6": {"n": 1.4523441428045392, "loss": 0.4314287328375443, "neff": 1.4521565032362327}, "wavelength": 860, "bend_radius": 0.045}