{"1": {"wavelength": 880, "bend_radius": 0.04, "n": 1.452044078932333, "loss": 5.403106893441264e-05, "neff": 1.4530317518881164}, "2": {"wavelength": 880, "bend_radius": 0.04, "n": 1.452044078932333, "loss": 4.8194338531117e-05, "neff": 1.453030030245514}, "3": {"wavelength": 880, "bend_radius": 0.04, "n": 1.452044078932333, "loss": 1.1348704323175618, "neff": 1.4518141401900768}, "4": {"wavelength": 880, "bend_radius": 0.04, "n": 1.452044078932333, "loss": 1.1347715930457314, "neff": 1.45181376990015}, "5": {"wavelength": 880, "bend_radius": 0.04, "n": 1.452044078932333, "loss": 0.7053957468406925, "neff": 1.4518096381352672}, "6": {"wavelength": 880, "bend_radius": 0.04, "n": 1.452044078932333, "loss": 0.7093288994090174, "neff": 1.4518080552063761}}