{"1": {"loss": 0.0005910397725148794, "neff": 1.4509012206164813}, "2": {"loss": 0.0005564697263325056, "neff": 1.4508995583928992}, "3": {"loss": 2.9598322114378632, "neff": 1.4496256279788784}, "4": {"loss": 2.9402336866286416, "neff": 1.4496250580883512}, "5": {"loss": 2.117819348888376, "neff": 1.4496199748012084}, "6": {"loss": 2.1174075638200036, "neff": 1.4496186971558456}}