{"1": {"loss": 0.00022351181799599174, "neff": 1.4509887026861494}, "2": {"loss": 0.00024876144899782716, "neff": 1.4509869695046569}, "3": {"loss": 1.2996380239631258, "neff": 1.4497749812051188}, "4": {"loss": 1.3016501123869642, "neff": 1.4497743236068625}, "5": {"loss": 0.73977880017899, "neff": 1.449768394551769}, "6": {"loss": 0.7403960659389042, "neff": 1.449766697142564}}