{"wavelength": 820, "bend_radius": 0.2, "1": {"n": 1.4529792357022007, "loss": -1.8618686347835937e-13, "neff": 1.4540489672101862}, "2": {"n": 1.4529792357022007, "loss": -7.74550237467684e-14, "neff": 1.4540471604972454}, "3": {"n": 1.4529792357022007, "loss": 0.09068631674190107, "neff": 1.4528907524831058}, "4": {"n": 1.4529792357022007, "loss": 0.09983465205143001, "neff": 1.4528894639422074}, "5": {"n": 1.4529792357022007, "loss": 0.09014857786543308, "neff": 1.452888556403388}, "6": {"n": 1.4529792357022007, "loss": 0.0958770098489806, "neff": 1.4528882789630604}}