{"1": {"n": 1.4506723353352597, "loss": 0.29884073750568324, "neff": 1.4515555480964382}, "2": {"n": 1.4506723353352597, "loss": 0.3032362538517988, "neff": 1.451554049411065}, "3": {"n": 1.4506723353352597, "loss": 20.353548575723757, "neff": 1.450292156926081}, "4": {"n": 1.4506723353352597, "loss": 20.273506532729474, "neff": 1.4502921536033095}, "5": {"n": 1.4506723353352597, "loss": 8.71413108808023, "neff": 1.4502502870156726}, "6": {"n": 1.4506723353352597, "loss": 8.756068033022608, "neff": 1.4502495059249028}, "wavelength": 980, "bend_radius": 0.015}