{"1": {"loss": 0.0003626812183512349, "neff": 1.4508717009264103}, "2": {"loss": 0.00032973356173678916, "neff": 1.4508700620081703}, "3": {"loss": 3.564696271410157, "neff": 1.4495749554374713}, "4": {"loss": 3.5345786051045662, "neff": 1.4495744206813597}, "5": {"loss": 2.871665043778483, "neff": 1.4495704633539728}, "6": {"loss": 2.8672092279877046, "neff": 1.4495693167068482}}