{"1": {"wavelength": 950, "bend_radius": 0.075, "n": 1.4510651315237548, "loss": -6.422574151157914e-08, "neff": 1.4519481225734419}, "2": {"wavelength": 950, "bend_radius": 0.075, "n": 1.4510651315237548, "loss": 1.104608631520282e-07, "neff": 1.45194648781414}, "3": {"wavelength": 950, "bend_radius": 0.075, "n": 1.4510651315237548, "loss": 2.3599387366503506, "neff": 1.4506541738354866}, "4": {"wavelength": 950, "bend_radius": 0.075, "n": 1.4510651315237548, "loss": 2.3860750258373686, "neff": 1.4506541645906526}, "5": {"wavelength": 950, "bend_radius": 0.075, "n": 1.4510651315237548, "loss": 2.395987341201721, "neff": 1.4506528665777674}, "6": {"wavelength": 950, "bend_radius": 0.075, "n": 1.4510651315237548, "loss": 2.4210939122548063, "neff": 1.4506520130839358}}