{"1": {"wavelength": 1020, "bend_radius": 0.035, "n": 1.450167267865247, "loss": 0.01877105774930268, "neff": 1.4509582037027942}, "2": {"wavelength": 1020, "bend_radius": 0.035, "n": 1.450167267865247, "loss": 0.019556013860422994, "neff": 1.450956684583394}, "3": {"wavelength": 1020, "bend_radius": 0.035, "n": 1.450167267865247, "loss": 10.135827874774327, "neff": 1.4496059376331911}, "4": {"wavelength": 1020, "bend_radius": 0.035, "n": 1.450167267865247, "loss": 10.172898495974183, "neff": 1.449605871163034}, "5": {"wavelength": 1020, "bend_radius": 0.035, "n": 1.450167267865247, "loss": 7.797723223950915, "neff": 1.449598401203766}, "6": {"wavelength": 1020, "bend_radius": 0.035, "n": 1.450167267865247, "loss": 7.833616153467118, "neff": 1.4495977682357468}}