{"1": {"loss": 2.7608353226470544e-07, "neff": 1.451028224863925}, "2": {"loss": 2.886171765288048e-07, "neff": 1.4510264496303749}, "3": {"loss": 0.48715301226338975, "neff": 1.4498402206823129}, "4": {"loss": 0.471427481283585, "neff": 1.4498396187126292}, "5": {"loss": 0.32611296699424563, "neff": 1.4498378465788806}, "6": {"loss": 0.31254571817013405, "neff": 1.4498359904658193}}