{"1": {"n": 1.452044078932333, "loss": 8.084753734683174e-06, "neff": 1.4530305249752613}, "2": {"n": 1.452044078932333, "loss": 1.0100451380857413e-05, "neff": 1.4530288007154821}, "3": {"n": 1.452044078932333, "loss": 0.9971369808873561, "neff": 1.451811221075075}, "4": {"n": 1.452044078932333, "loss": 0.9886616578284428, "neff": 1.4518108645088792}, "5": {"n": 1.452044078932333, "loss": 0.669393713495591, "neff": 1.4518078679209734}, "6": {"n": 1.452044078932333, "loss": 0.6690337217096903, "neff": 1.4518063000286998}, "wavelength": 880, "bend_radius": 0.045}