{"1": {"n": 1.4510651315237548, "loss": 0.024279358288642278, "neff": 1.451961987747227}, "2": {"n": 1.4510651315237548, "loss": 0.02464655085521953, "neff": 1.4519603829480683}, "3": {"n": 1.4510651315237548, "loss": 6.117041722630709, "neff": 1.4506882298207633}, "4": {"n": 1.4510651315237548, "loss": 6.138860020325605, "neff": 1.4506880544590484}, "5": {"n": 1.4510651315237548, "loss": 3.3232707034004267, "neff": 1.4506732920837018}, "6": {"n": 1.4510651315237548, "loss": 3.3466767700206392, "neff": 1.4506722483386167}, "wavelength": 950, "bend_radius": 0.025}