{"1": {"loss": 0.0011808991642959488, "neff": 1.450872987724675}, "2": {"loss": 0.0011534885638175563, "neff": 1.4508713510412805}, "3": {"loss": 3.9661081879641737, "neff": 1.44957819049695}, "4": {"loss": 3.9393842600438047, "neff": 1.4495776392735542}, "5": {"loss": 2.9597946714180665, "neff": 1.4495723662919013}, "6": {"loss": 2.9586678344171817, "neff": 1.4495712094774784}}