{"1": {"n": 1.4508017923282956, "loss": -6.306553632866158e-12, "neff": 1.4516546858664137}, "2": {"n": 1.4508017923282956, "loss": 9.255024575591163e-12, "neff": 1.4516530760811355}, "3": {"n": 1.4508017923282956, "loss": 3.131388302532434, "neff": 1.4503397079594111}, "4": {"n": 1.4508017923282956, "loss": 3.364427792602985, "neff": 1.4503390360043387}, "5": {"n": 1.4508017923282956, "loss": 3.1083136980805404, "neff": 1.4503380400760597}, "6": {"n": 1.4508017923282956, "loss": 3.3824880985962937, "neff": 1.450337957685461}, "wavelength": 970, "bend_radius": 0}