{"1": {"wavelength": 860, "bend_radius": 0.3, "n": 1.4523441428045392, "loss": -1.6196657574183044e-12, "neff": 1.4533551620856078}, "2": {"wavelength": 860, "bend_radius": 0.3, "n": 1.4523441428045392, "loss": -2.9788340129661014e-12, "neff": 1.4533534027677653}, "3": {"wavelength": 860, "bend_radius": 0.3, "n": 1.4523441428045392, "loss": 0.3428878485644673, "neff": 1.452152258314463}, "4": {"wavelength": 860, "bend_radius": 0.3, "n": 1.4523441428045392, "loss": 0.37566823213320444, "neff": 1.4521511044534186}, "5": {"wavelength": 860, "bend_radius": 0.3, "n": 1.4523441428045392, "loss": 0.4618761477130145, "neff": 1.4521502291640658}, "6": {"wavelength": 860, "bend_radius": 0.3, "n": 1.4523441428045392, "loss": 0.3823453839545553, "neff": 1.4521500570713692}}