{"1": {"n": 1.4514726603407175, "loss": 0.0002866379757710248, "neff": 1.4524027578978003}, "2": {"n": 1.4514726603407175, "loss": 0.00026368695534001354, "neff": 1.4524010902499598}, "3": {"n": 1.4514726603407175, "loss": 2.229543562009224, "neff": 1.4511446677981499}, "4": {"n": 1.4514726603407175, "loss": 2.229945656946607, "neff": 1.4511443962401176}, "5": {"n": 1.4514726603407175, "loss": 1.5353923859635727, "neff": 1.4511395858233793}, "6": {"n": 1.4514726603407175, "loss": 1.5466648265473661, "neff": 1.4511383159062234}, "wavelength": 920, "bend_radius": 0.04}