{"1": {"loss": 5.505506475041242e-12, "neff": 1.4510247810453851}, "2": {"loss": 2.072238094325437e-13, "neff": 1.4510229995170503}, "3": {"loss": 0.2649697648746939, "neff": 1.4498333438451907}, "4": {"loss": 0.22836512045540613, "neff": 1.449832308977757}, "5": {"loss": 0.21771917115149983, "neff": 1.4498312789998655}, "6": {"loss": 0.27102481007277834, "neff": 1.4498310374981838}}