{"wavelength": 810, "bend_radius": 0.03, "1": {"n": 1.453146366149297, "loss": 8.555213502862487e-05, "neff": 1.4542406483379922}, "2": {"n": 1.453146366149297, "loss": 8.507054579836851e-05, "neff": 1.4542388502651227}, "3": {"n": 1.453146366149297, "loss": 0.4267311460169064, "neff": 1.453103601644038}, "4": {"n": 1.453146366149297, "loss": 0.42890707028296776, "neff": 1.4531030156820546}, "5": {"n": 1.453146366149297, "loss": 0.18448351392560144, "neff": 1.4530971877302525}, "6": {"n": 1.453146366149297, "loss": 0.18603262521617192, "neff": 1.4530949751709514}}