{"wavelength": 810, "bend_radius": 0.05, "1": {"n": 1.453146366149297, "loss": 2.6009104139995374e-08, "neff": 1.4542342118602272}, "2": {"n": 1.453146366149297, "loss": 1.932272418108295e-08, "neff": 1.454232400805051}, "3": {"n": 1.453146366149297, "loss": 0.20760636101480517, "neff": 1.4530899085759001}, "4": {"n": 1.453146366149297, "loss": 0.18637839383179236, "neff": 1.4530895021874433}, "5": {"n": 1.453146366149297, "loss": 0.1359874763174591, "neff": 1.4530883288150556}, "6": {"n": 1.453146366149297, "loss": 0.11460203264462654, "neff": 1.4530862950818824}}