{"1": {"wavelength": 910, "bend_radius": 0.075, "n": 1.4516122686289965, "loss": -9.201469729583552e-09, "neff": 1.4525524514549553}, "2": {"wavelength": 910, "bend_radius": 0.075, "n": 1.4516122686289965, "loss": 9.892525790800321e-09, "neff": 1.4525507608979287}, "3": {"wavelength": 910, "bend_radius": 0.075, "n": 1.4516122686289965, "loss": 1.1453416370794416, "neff": 1.4512982875173182}, "4": {"wavelength": 910, "bend_radius": 0.075, "n": 1.4516122686289965, "loss": 1.137799396073519, "neff": 1.4512982870548428}, "5": {"wavelength": 910, "bend_radius": 0.075, "n": 1.4516122686289965, "loss": 1.1293566070934276, "neff": 1.4512971405248447}, "6": {"wavelength": 910, "bend_radius": 0.075, "n": 1.4516122686289965, "loss": 1.1285852337715534, "neff": 1.4512960957811987}}