{"1": {"loss": 34.273367399964386, "neff": 1.4512522440411626}, "2": {"loss": 34.335080716396156, "neff": 1.4512512449946249}, "3": {"loss": 298.01899752196533, "neff": 1.450221699171423}, "4": {"loss": 297.92938635905676, "neff": 1.4502201357605298}, "5": {"loss": 142.33372627610493, "neff": 1.45004876532385}, "6": {"loss": 142.41096899097136, "neff": 1.4500485274020312}}