{"1": {"loss": -1.0132402376533452e-10, "neff": 1.4509675952523187}, "2": {"loss": 9.859119967293909e-11, "neff": 1.45096586189099}, "3": {"loss": 0.6952248951508255, "neff": 1.449734398699755}, "4": {"loss": 0.6693421535164806, "neff": 1.4497341128246752}, "5": {"loss": 0.6651896088778101, "neff": 1.4497330486660893}, "6": {"loss": 0.7053998388125505, "neff": 1.4497323139754874}}