{"1": {"n": 1.4510651315237548, "loss": 0.18624353867343738, "neff": 1.4519900768995788}, "2": {"n": 1.4510651315237548, "loss": 0.1888630581206886, "neff": 1.451988533997534}, "3": {"n": 1.4510651315237548, "loss": 14.377909331739044, "neff": 1.4507557625306717}, "4": {"n": 1.4510651315237548, "loss": 14.446449811701372, "neff": 1.4507557136361071}, "5": {"n": 1.4510651315237548, "loss": 5.867313289376027, "neff": 1.4507139389648542}, "6": {"n": 1.4510651315237548, "loss": 5.9013614205163005, "neff": 1.450712983081555}, "wavelength": 950, "bend_radius": 0.015}