{"wavelength": 840, "bend_radius": 0.04, "1": {"n": 1.4526553936728075, "loss": 7.755270219135202e-06, "neff": 1.4537012575203456}, "2": {"n": 1.4526553936728075, "loss": 7.1125010240143026e-06, "neff": 1.4536994854342058}, "3": {"n": 1.4526553936728075, "loss": 0.5285189340388553, "neff": 1.452525924002776}, "4": {"n": 1.4526553936728075, "loss": 0.526574605555877, "neff": 1.4525254452871916}, "5": {"n": 1.4526553936728075, "loss": 0.2928736885399893, "neff": 1.4525222190442106}, "6": {"n": 1.4526553936728075, "loss": 0.2920975581950664, "neff": 1.4525202953064529}}