{"1": {"n": 1.4502917785835465, "loss": 0.0007022403165106705, "neff": 1.451092435695968}, "2": {"n": 1.4502917785835465, "loss": 0.0008282258907898735, "neff": 1.4510908928873176}, "3": {"n": 1.4502917785835465, "loss": 6.868194374750652, "neff": 1.4497437463566307}, "4": {"n": 1.4502917785835465, "loss": 6.904887290368536, "neff": 1.4497436686008887}, "5": {"n": 1.4502917785835465, "loss": 6.367378088905714, "neff": 1.4497402819328813}, "6": {"n": 1.4502917785835465, "loss": 6.398236259597237, "neff": 1.4497396135212026}, "wavelength": 1010, "bend_radius": 0.05}