{"1": {"loss": 0.31750539579993053, "neff": 1.4510633437342915}, "2": {"loss": 0.31909291339952606, "neff": 1.451061781199518}, "3": {"loss": 17.498052642965952, "neff": 1.449964681587318}, "4": {"loss": 17.488121510563637, "neff": 1.4499637921423947}, "5": {"loss": 5.685539397839657, "neff": 1.4498732061827477}, "6": {"loss": 5.709535102112277, "neff": 1.4498719376377678}}