{"1": {"n": 1.4508017923282956, "loss": -6.74881712732355e-08, "neff": 1.4516564308395565}, "2": {"n": 1.4508017923282956, "loss": 3.4477682834043665e-07, "neff": 1.4516548247874248}, "3": {"n": 1.4508017923282956, "loss": 3.363593990734139, "neff": 1.4503430070016308}, "4": {"n": 1.4508017923282956, "loss": 3.3955660904459153, "neff": 1.4503430069793275}, "5": {"n": 1.4508017923282956, "loss": 3.386418804726954, "neff": 1.4503416227229182}, "6": {"n": 1.4508017923282956, "loss": 3.399491237751447, "neff": 1.4503408697266904}, "wavelength": 970, "bend_radius": 0.075}