{"1": {"wavelength": 1020, "bend_radius": 0.025, "n": 1.450167267865247, "loss": 0.09777479160021633, "neff": 1.4509661727556618}, "2": {"wavelength": 1020, "bend_radius": 0.025, "n": 1.450167267865247, "loss": 0.09914103486397062, "neff": 1.4509646705389183}, "3": {"wavelength": 1020, "bend_radius": 0.025, "n": 1.450167267865247, "loss": 14.504876096419714, "neff": 1.4496250324410516}, "4": {"wavelength": 1020, "bend_radius": 0.025, "n": 1.450167267865247, "loss": 14.561360681657813, "neff": 1.4496249900811369}, "5": {"wavelength": 1020, "bend_radius": 0.025, "n": 1.450167267865247, "loss": 8.963040645770501, "neff": 1.449609855921499}, "6": {"wavelength": 1020, "bend_radius": 0.025, "n": 1.450167267865247, "loss": 9.00817587352031, "neff": 1.4496092300896752}}