{"1": {"n": 1.4500438058602083, "loss": 0.0015757044827499817, "neff": 1.4508166228005295}, "2": {"n": 1.4500438058602083, "loss": 0.0016700902326771219, "neff": 1.4508151096216446}, "3": {"n": 1.4500438058602083, "loss": 8.998510843007317, "neff": 1.4494488746586642}, "4": {"n": 1.4500438058602083, "loss": 9.051328824964681, "neff": 1.4494488301824369}, "5": {"n": 1.4500438058602083, "loss": 8.434758016026377, "neff": 1.449445372051989}, "6": {"n": 1.4500438058602083, "loss": 8.47465112660541, "neff": 1.4494448110555733}, "wavelength": 1030, "bend_radius": 0.05}