{"1": {"loss": 3.4608925545717305e-13, "neff": 1.4508668658405177}, "2": {"loss": 3.850365523608786e-12, "neff": 1.4508652185301938}, "3": {"loss": 2.5352436765622635, "neff": 1.4495637095015592}, "4": {"loss": 2.783150008876856, "neff": 1.44956303956594}, "5": {"loss": 2.7831577270792107, "neff": 1.4495619151037027}, "6": {"loss": 2.505722349301094, "neff": 1.4495618858767843}}