{"1": {"n": 1.4502917785835465, "loss": 4.580319483896677e-06, "neff": 1.4510902008853883}, "2": {"n": 1.4502917785835465, "loss": 2.9986989510317374e-06, "neff": 1.4510886533481024}, "3": {"n": 1.4502917785835465, "loss": 7.134868274936406, "neff": 1.4497384010043133}, "4": {"n": 1.4502917785835465, "loss": 7.230211617956197, "neff": 1.4497383707027751}, "5": {"n": 1.4502917785835465, "loss": 6.430273876336365, "neff": 1.4497368499723549}, "6": {"n": 1.4502917785835465, "loss": 6.294289580399914, "neff": 1.449736293617154}, "wavelength": 1010, "bend_radius": 0.075}