{"1": {"wavelength": 920, "bend_radius": 0.3, "n": 1.4514726603407175, "loss": -5.965216916817103e-12, "neff": 1.452396895328824}, "2": {"wavelength": 920, "bend_radius": 0.3, "n": 1.4514726603407175, "loss": -8.387973476106647e-12, "neff": 1.452395215073756}, "3": {"wavelength": 920, "bend_radius": 0.3, "n": 1.4514726603407175, "loss": 1.299372442343592, "neff": 1.4511314187000357}, "4": {"wavelength": 920, "bend_radius": 0.3, "n": 1.4514726603407175, "loss": 1.3299203928691843, "neff": 1.4511305736272297}, "5": {"wavelength": 920, "bend_radius": 0.3, "n": 1.4514726603407175, "loss": 1.4028888632931198, "neff": 1.451129681271275}, "6": {"wavelength": 920, "bend_radius": 0.3, "n": 1.4514726603407175, "loss": 1.3713539285752219, "neff": 1.451129535842803}}