{"1": {"n": 1.4517539550240655, "loss": 0.0021617694541813336, "neff": 1.452717365920951}, "2": {"n": 1.4517539550240655, "loss": 0.0021251678214877314, "neff": 1.452715680815309}, "3": {"n": 1.4517539550240655, "loss": 2.2731158847506863, "neff": 1.4514858875523695}, "4": {"n": 1.4517539550240655, "loss": 2.290189415259483, "neff": 1.4514855742373638}, "5": {"n": 1.4517539550240655, "loss": 1.2455667874053307, "neff": 1.4514765407325187}, "6": {"n": 1.4517539550240655, "loss": 1.2560066425495806, "neff": 1.4514751191392736}, "wavelength": 900, "bend_radius": 0.03}