{"wavelength": 820, "bend_radius": 0.05, "1": {"n": 1.4529792357022007, "loss": 4.8100388529005234e-08, "neff": 1.4540523673343966}, "2": {"n": 1.4529792357022007, "loss": 3.91271455328677e-08, "neff": 1.4540505675216313}, "3": {"n": 1.4529792357022007, "loss": 0.261529532765584, "neff": 1.4528966830366463}, "4": {"n": 1.4529792357022007, "loss": 0.24314051759501068, "neff": 1.4528962689259668}, "5": {"n": 1.4529792357022007, "loss": 0.16927133595220178, "neff": 1.4528949611265762}, "6": {"n": 1.4529792357022007, "loss": 0.15096817077479405, "neff": 1.4528929811615283}}