{"1": {"wavelength": 960, "bend_radius": 0.3, "n": 1.4509326937135074, "loss": -2.1860802022143958e-11, "neff": 1.4517998615848529}, "2": {"wavelength": 960, "bend_radius": 0.3, "n": 1.4509326937135074, "loss": 9.467300321410728e-12, "neff": 1.451798237636827}, "3": {"wavelength": 960, "bend_radius": 0.3, "n": 1.4509326937135074, "loss": 2.610289488632266, "neff": 1.450494697349085}, "4": {"wavelength": 960, "bend_radius": 0.3, "n": 1.4509326937135074, "loss": 2.672566751190553, "neff": 1.4504940296409576}, "5": {"wavelength": 960, "bend_radius": 0.3, "n": 1.4509326937135074, "loss": 2.8244817178188466, "neff": 1.4504930812598422}, "6": {"wavelength": 960, "bend_radius": 0.3, "n": 1.4509326937135074, "loss": 2.73254915844584, "neff": 1.450492954534747}}