{"1": {"n": 1.4505442353610596, "loss": 0.05559492526271336, "neff": 1.4513848747043807}, "2": {"n": 1.4505442353610596, "loss": 0.05638102261876878, "neff": 1.4513833281410458}, "3": {"n": 1.4505442353610596, "loss": 10.207900277594181, "neff": 1.4500725583368286}, "4": {"n": 1.4505442353610596, "loss": 10.242909645540315, "neff": 1.4500724625487498}, "5": {"n": 1.4505442353610596, "loss": 5.982871348160473, "neff": 1.4500573387421216}, "6": {"n": 1.4505442353610596, "loss": 6.017732073449408, "neff": 1.450056545804983}, "wavelength": 990, "bend_radius": 0.025}