{"1": {"loss": 0.0018426665695261998, "neff": 1.451039291477066}, "2": {"loss": 0.0018676596912504165, "neff": 1.451037536400787}, "3": {"loss": 1.2590350291682875, "neff": 1.4498662561618503}, "4": {"loss": 1.2575728661310155, "neff": 1.4498655230628703}, "5": {"loss": 0.5438652491353025, "neff": 1.4498535609737289}, "6": {"loss": 0.546660244622573, "neff": 1.4498516463238902}}