{"1": {"n": 1.4506723353352597, "loss": -7.238191022629571e-11, "neff": 1.45151121330376}, "2": {"n": 1.4506723353352597, "loss": 6.873127894280264e-11, "neff": 1.451509618248743}, "3": {"n": 1.4506723353352597, "loss": 3.6554889712747993, "neff": 1.45018661131724}, "4": {"n": 1.4506723353352597, "loss": 3.675672847762807, "neff": 1.4501860228901309}, "5": {"n": 1.4506723353352597, "loss": 3.800919374762899, "neff": 1.4501850370921492}, "6": {"n": 1.4506723353352597, "loss": 3.7278379374736113, "neff": 1.4501849207985065}, "wavelength": 980, "bend_radius": 0.3}