{"1": {"loss": 8.57354614974602, "neff": 1.4514347535742071}, "2": {"loss": 8.588753860479493, "neff": 1.4514336188553107}, "3": {"loss": 87.64946762011724, "neff": 1.4506288647398995}, "4": {"loss": 87.68690689611954, "neff": 1.4506269412457087}, "5": {"loss": 41.46595271538149, "neff": 1.45040464781117}, "6": {"loss": 41.57390769709251, "neff": 1.450404328169239}}