{"1": {"loss": 0.2093069779757151, "neff": 1.450808481470003}, "2": {"loss": 0.21343939224646685, "neff": 1.450806953321293}, "3": {"loss": 19.119580457749823, "neff": 1.4494842858231247}, "4": {"loss": 19.119148363002434, "neff": 1.4494837062896275}, "5": {"loss": 10.169104359387456, "neff": 1.4494594808061814}, "6": {"loss": 10.163246733854944, "neff": 1.449458646640569}}