{"1": {"loss": -1.595169077546787e-08, "neff": 1.4509253422678081}, "2": {"loss": 1.814903474232566e-08, "neff": 1.4509236471750417}, "3": {"loss": 1.3357598247832416, "neff": 1.4496628173403536}, "4": {"loss": 1.3288461858185654, "neff": 1.4496625728502226}, "5": {"loss": 1.32511231920435, "neff": 1.449661420314122}, "6": {"loss": 1.3228394335110356, "neff": 1.4496603341715608}}