{"1": {"loss": 0.015007903760162637, "neff": 1.4509248233879277}, "2": {"loss": 0.015154625950173606, "neff": 1.4509231652085288}, "3": {"loss": 4.534222490659539, "neff": 1.449673065814574}, "4": {"loss": 4.524539925936785, "neff": 1.4496724402407688}, "5": {"loss": 2.346161012790043, "neff": 1.4496577291331745}, "6": {"loss": 2.3506583650295756, "neff": 1.4496563972957204}}