{"1": {"loss": 0.33672014184892785, "neff": 1.450869580317615}, "2": {"loss": 0.3397687552914399, "neff": 1.4508680465190285}, "3": {"loss": 22.15476176728, "neff": 1.4496012908640576}, "4": {"loss": 22.14235313227857, "neff": 1.4496006339132836}, "5": {"loss": 9.612063317387886, "neff": 1.4495578165582477}, "6": {"loss": 9.618632943763192, "neff": 1.449556882780127}}