{"1": {"loss": 0.006651210840366512, "neff": 1.4509059405760494}, "2": {"loss": 0.006502727343939389, "neff": 1.4509042866708732}, "3": {"loss": 4.073735317690939, "neff": 1.449637470950192}, "4": {"loss": 4.084300811842787, "neff": 1.4496368718257064}, "5": {"loss": 2.4202907616729434, "neff": 1.4496268958258858}, "6": {"loss": 2.4216476256533066, "neff": 1.4496256159878045}}