{"1": {"n": 1.451199202758338, "loss": 6.9190689442324906e-12, "neff": 1.4520947161987465}, "2": {"n": 1.451199202758338, "loss": 4.493173883344873e-12, "neff": 1.4520930635851548}, "3": {"n": 1.451199202758338, "loss": 1.8336844702363415, "neff": 1.4508091777359247}, "4": {"n": 1.451199202758338, "loss": 2.05469342153565, "neff": 1.4508083741888074}, "5": {"n": 1.451199202758338, "loss": 1.828655691539757, "neff": 1.4508074248470768}, "6": {"n": 1.451199202758338, "loss": 2.069672193913269, "neff": 1.4508073422923518}, "wavelength": 940, "bend_radius": 0}