{"1": {"n": 1.4500438058602083, "loss": 0.11688201620229999, "neff": 1.4508288793312216}, "2": {"n": 1.4500438058602083, "loss": 0.11852189319896583, "neff": 1.4508273919654233}, "3": {"n": 1.4500438058602083, "loss": 16.21671889332858, "neff": 1.4494781263949248}, "4": {"n": 1.4500438058602083, "loss": 16.283805904752064, "neff": 1.4494781008467559}, "5": {"n": 1.4500438058602083, "loss": 10.191568748004528, "neff": 1.4494630059398728}, "6": {"n": 1.4500438058602083, "loss": 10.240398264134187, "neff": 1.449462432064788}, "wavelength": 1030, "bend_radius": 0.025}