{"1": {"n": 1.4499213245971632, "loss": -6.057948616312204e-07, "neff": 1.4506772133276697}, "2": {"n": 1.4499213245971632, "loss": 6.428522326913538e-07, "neff": 1.450675708617419}, "3": {"n": 1.4499213245971632, "loss": 8.778467959790445, "neff": 1.4492960184855266}, "4": {"n": 1.4499213245971632, "loss": 9.88862528355202, "neff": 1.4492958457061609}, "5": {"n": 1.4499213245971632, "loss": 8.76044882236094, "neff": 1.4492946787322978}, "6": {"n": 1.4499213245971632, "loss": 9.655415778827207, "neff": 1.4492943824880677}, "wavelength": 1040, "bend_radius": 0.1}