{"1": {"wavelength": 1040, "bend_radius": 0.01, "n": 1.4499213245971632, "loss": 2.493338357387683, "neff": 1.4507813044901627}, "2": {"wavelength": 1040, "bend_radius": 0.01, "n": 1.4499213245971632, "loss": 2.5156123612965695, "neff": 1.45078002472432}, "3": {"wavelength": 1040, "bend_radius": 0.01, "n": 1.4499213245971632, "loss": 79.91486647208266, "neff": 1.4495235367108903}, "4": {"wavelength": 1040, "bend_radius": 0.01, "n": 1.4499213245971632, "loss": 79.76183473629041, "neff": 1.4495232851816364}, "5": {"wavelength": 1040, "bend_radius": 0.01, "n": 1.4499213245971632, "loss": 32.74542666349801, "neff": 1.4494414279181351}, "6": {"wavelength": 1040, "bend_radius": 0.01, "n": 1.4499213245971632, "loss": 32.83169608769035, "neff": 1.4494410404481837}}