{"1": {"n": 1.4506723353352597, "loss": 0.0008341732803011205, "neff": 1.4515159836178668}, "2": {"n": 1.4506723353352597, "loss": 0.000720112072339896, "neff": 1.4515143987580872}, "3": {"n": 1.4506723353352597, "loss": 4.883613210991387, "neff": 1.4501974044556505}, "4": {"n": 1.4506723353352597, "loss": 4.8723442187904515, "neff": 1.450197264461554}, "5": {"n": 1.4506723353352597, "loss": 4.105276925174039, "neff": 1.4501931315444179}, "6": {"n": 1.4506723353352597, "loss": 4.130950658043431, "neff": 1.4501922767311652}, "wavelength": 980, "bend_radius": 0.045}