{"1": {"loss": -3.716067646719048e-13, "neff": 1.4509957609371984}, "2": {"loss": -7.681511460677722e-12, "neff": 1.45099400246252}, "3": {"loss": 0.4411422049870576, "neff": 1.449782953356676}, "4": {"loss": 0.45688005421986255, "neff": 1.4497820295914847}, "5": {"loss": 0.45555840424324506, "neff": 1.4497810000131455}, "6": {"loss": 0.46393551585947984, "neff": 1.4497807747014495}}