{"1": {"n": 1.452044078932333, "loss": 1.4499227570949087e-06, "neff": 1.4530296479048426}, "2": {"n": 1.452044078932333, "loss": 1.878043596270735e-06, "neff": 1.4530279217888675}, "3": {"n": 1.452044078932333, "loss": 0.8927757722905185, "neff": 1.4518091384302616}, "4": {"n": 1.452044078932333, "loss": 0.8840271441873009, "neff": 1.4518088078350773}, "5": {"n": 1.452044078932333, "loss": 0.6487874015549016, "neff": 1.4518065841027}, "6": {"n": 1.452044078932333, "loss": 0.6424452376443642, "neff": 1.4518050431170209}, "wavelength": 880, "bend_radius": 0.05}