{"1": {"loss": -8.671614562658942e-12, "neff": 1.4510254692662845}, "2": {"loss": -1.5133932721328362e-12, "neff": 1.4510236889937391}, "3": {"loss": 0.257564169242995, "neff": 1.449834367759676}, "4": {"loss": 0.27889447115844646, "neff": 1.4498338555864616}, "5": {"loss": 0.2747422235767091, "neff": 1.4498328160428924}, "6": {"loss": 0.2592890029217045, "neff": 1.4498320565648417}}