{"1": {"wavelength": 890, "bend_radius": 0, "n": 1.4518978468770973, "loss": -1.5297442607548134e-12, "neff": 1.4528651972294522}, "2": {"wavelength": 890, "bend_radius": 0, "n": 1.4518978468770973, "loss": -5.469573692990452e-12, "neff": 1.4528634762536512}, "3": {"wavelength": 890, "bend_radius": 0, "n": 1.4518978468770973, "loss": 0.7335423833848149, "neff": 1.4516304002451694}, "4": {"wavelength": 890, "bend_radius": 0, "n": 1.4518978468770973, "loss": 0.6708487220280195, "neff": 1.4516293445124122}, "5": {"wavelength": 890, "bend_radius": 0, "n": 1.4518978468770973, "loss": 0.7530737056937935, "neff": 1.4516284466329756}, "6": {"wavelength": 890, "bend_radius": 0, "n": 1.4518978468770973, "loss": 0.6842932998227748, "neff": 1.4516283545399502}}