{"wavelength": 830, "bend_radius": 0.015, "1": {"n": 1.452815646249081, "loss": 0.01935881267954889, "neff": 1.4539113401267667}, "2": {"n": 1.452815646249081, "loss": 0.019631096728068193, "neff": 1.4539096302467103}, "3": {"n": 1.452815646249081, "loss": 2.6475282415800483, "neff": 1.4527921145238063}, "4": {"n": 1.452815646249081, "loss": 2.6680721889772094, "neff": 1.4527917841203974}, "5": {"n": 1.452815646249081, "loss": 0.8429703465017682, "neff": 1.4527570581829599}, "6": {"n": 1.452815646249081, "loss": 0.8525043181366363, "neff": 1.4527552134414978}}