{"1": {"n": 1.4514726603407175, "loss": 6.146505167891607e-05, "neff": 1.4524015034518085}, "2": {"n": 1.4514726603407175, "loss": 6.541313186412608e-05, "neff": 1.4523998330994476}, "3": {"n": 1.4514726603407175, "loss": 1.9827197204670344, "neff": 1.4511415975030604}, "4": {"n": 1.4514726603407175, "loss": 1.973374229336099, "neff": 1.45114133369851}, "5": {"n": 1.4514726603407175, "loss": 1.4750424416723014, "neff": 1.451137753375393}, "6": {"n": 1.4514726603407175, "loss": 1.482443521707242, "neff": 1.4511364933993949}, "wavelength": 920, "bend_radius": 0.045}