{"1": {"wavelength": 900, "bend_radius": 0.05, "n": 1.4517539550240655, "loss": 4.144714253597674e-06, "neff": 1.452710633907568}, "2": {"wavelength": 900, "bend_radius": 0.05, "n": 1.4517539550240655, "loss": 5.8678960261926525e-06, "neff": 1.4527089343268473}, "3": {"wavelength": 900, "bend_radius": 0.05, "n": 1.4517539550240655, "loss": 1.2790214793937174, "neff": 1.4514695790382683}, "4": {"wavelength": 900, "bend_radius": 0.05, "n": 1.4517539550240655, "loss": 1.272696491861779, "neff": 1.4514692897699046}, "5": {"wavelength": 900, "bend_radius": 0.05, "n": 1.4517539550240655, "loss": 0.9783032275817714, "neff": 1.4514667976492668}, "6": {"wavelength": 900, "bend_radius": 0.05, "n": 1.4517539550240655, "loss": 0.9755086052148607, "neff": 1.45146540843806}}