{"1": {"loss": 0.09060833889065512, "neff": 1.4508775553909374}, "2": {"loss": 0.09226077148152834, "neff": 1.4508759633652437}, "3": {"loss": 10.801176618886098, "neff": 1.449600838157575}, "4": {"loss": 10.812087959215368, "neff": 1.4496002225713127}, "5": {"loss": 5.267298139161074, "neff": 1.4495759333370009}, "6": {"loss": 5.271740794393224, "neff": 1.449574857818605}}