{"1": {"wavelength": 1040, "bend_radius": 0, "n": 1.4499213245971632, "loss": -3.2559150905516237e-10, "neff": 1.4506761919562006}, "2": {"wavelength": 1040, "bend_radius": 0, "n": 1.4499213245971632, "loss": 3.4038867433513315e-10, "neff": 1.4506746851161916}, "3": {"wavelength": 1040, "bend_radius": 0, "n": 1.4499213245971632, "loss": 8.944269913394956, "neff": 1.4492941582438352}, "4": {"wavelength": 1040, "bend_radius": 0, "n": 1.4499213245971632, "loss": 8.698805940429356, "neff": 1.449293735906487}, "5": {"wavelength": 1040, "bend_radius": 0, "n": 1.4499213245971632, "loss": 8.94080643879442, "neff": 1.4492925920220379}, "6": {"wavelength": 1040, "bend_radius": 0, "n": 1.4499213245971632, "loss": 8.749762657102915, "neff": 1.449292518270376}}