{"1": {"loss": 1.326405705152583, "neff": 1.4509274493099253}, "2": {"loss": 1.3319746204450629, "neff": 1.450926008506478}, "3": {"loss": 50.136748199935866, "neff": 1.4497298325016232}, "4": {"loss": 50.12304551793537, "neff": 1.4497290164896124}, "5": {"loss": 19.21163096831666, "neff": 1.4496406996016615}, "6": {"loss": 19.23640839381888, "neff": 1.449639880897459}}