{"1": {"wavelength": 1010, "bend_radius": 0.02, "n": 1.4502917785835465, "loss": 0.1844820009806438, "neff": 1.451113700066827}, "2": {"wavelength": 1010, "bend_radius": 0.02, "n": 1.4502917785835465, "loss": 0.1891623022360787, "neff": 1.4511122027070495}, "3": {"wavelength": 1010, "bend_radius": 0.02, "n": 1.4502917785835465, "loss": 17.557786747808365, "neff": 1.4497947446147983}, "4": {"wavelength": 1010, "bend_radius": 0.02, "n": 1.4502917785835465, "loss": 17.641417915530777, "neff": 1.4497947218423153}, "5": {"wavelength": 1010, "bend_radius": 0.02, "n": 1.4502917785835465, "loss": 9.26003851073573, "neff": 1.449770939727449}, "6": {"wavelength": 1010, "bend_radius": 0.02, "n": 1.4502917785835465, "loss": 9.30160022450027, "neff": 1.4497702768549907}}