{"1": {"n": 1.452044078932333, "loss": 10.587506806836782, "neff": 1.4534531432048219}, "2": {"n": 1.452044078932333, "loss": 10.673651950694323, "neff": 1.453452511977918}, "3": {"n": 1.452044078932333, "loss": 108.0298146739728, "neff": 1.4526085359622047}, "4": {"n": 1.452044078932333, "loss": 108.25764158387969, "neff": 1.4526081962357642}, "5": {"n": 1.452044078932333, "loss": 50.47510739571913, "neff": 1.4523948958551716}, "6": {"n": 1.452044078932333, "loss": 50.61714315581668, "neff": 1.452394892236336}, "wavelength": 880, "bend_radius": 0.005}