{"1": {"n": 1.4517539550240655, "loss": -2.0778454040722646e-10, "neff": 1.4527078020286652}, "2": {"n": 1.4517539550240655, "loss": 1.8830936817415488e-10, "neff": 1.452706096371363}, "3": {"n": 1.4517539550240655, "loss": 0.8912942714806927, "neff": 1.4514632074266294}, "4": {"n": 1.4517539550240655, "loss": 0.8546986144383957, "neff": 1.451462811391311}, "5": {"n": 1.4517539550240655, "loss": 0.8577686050625357, "neff": 1.451461941425084}, "6": {"n": 1.4517539550240655, "loss": 0.9136305863633792, "neff": 1.45146124097298}, "wavelength": 900, "bend_radius": 0.1}