{"1": {"loss": 0.023311544675687124, "neff": 1.4509760322771426}, "2": {"loss": 0.023638214157045687, "neff": 1.45097435221982}, "3": {"loss": 4.2339836544578455, "neff": 1.449765889624329}, "4": {"loss": 4.236710281918531, "neff": 1.449765207900164}, "5": {"loss": 1.8028301086503473, "neff": 1.4497425377163518}, "6": {"loss": 1.809004490779079, "neff": 1.4497410368894479}}