{"1": {"loss": -1.4308944678625815e-12, "neff": 1.4509813070729098}, "2": {"loss": 9.590667616680987e-13, "neff": 1.450979560426398}, "3": {"loss": 0.5692594995994195, "neff": 1.449758034046415}, "4": {"loss": 0.6883790122089929, "neff": 1.449757162382475}, "5": {"loss": 0.6969138902640866, "neff": 1.4497561300460176}, "6": {"loss": 0.5918456322588388, "neff": 1.449755914283577}}