{"1": {"loss": -6.357375205324628e-08, "neff": 1.4508827268946278}, "2": {"loss": 1.0817271247563274e-07, "neff": 1.4508810697804024}, "3": {"loss": 2.279893032178229, "neff": 1.4495909377981282}, "4": {"loss": 2.294992453468556, "neff": 1.449590658296699}, "5": {"loss": 2.3054452468831483, "neff": 1.44958941161733}, "6": {"loss": 2.3164662636533704, "neff": 1.4495884518003102}}