{"1": {"loss": -2.757551874299271e-09, "neff": 1.4509683251313126}, "2": {"loss": 2.707363989370071e-09, "neff": 1.4509665930959779}, "3": {"loss": 0.7631574398739708, "neff": 1.4497358653019277}, "4": {"loss": 0.7289947466828601, "neff": 1.4497356911321873}, "5": {"loss": 0.7325049520578506, "neff": 1.4497345937309323}, "6": {"loss": 0.7047880500709632, "neff": 1.449733403116701}}