{"1": {"loss": 0.007256087770001968, "neff": 1.4509674406405784}, "2": {"loss": 0.007335294027147062, "neff": 1.450965745130042}, "3": {"loss": 2.905640458569486, "neff": 1.4497446726751182}, "4": {"loss": 2.900029244047973, "neff": 1.4497440131292822}, "5": {"loss": 1.4103546901697566, "neff": 1.4497300684888792}, "6": {"loss": 1.414627411918689, "neff": 1.4497285355003455}}