{"1": {"loss": -4.704695628411922e-08, "neff": 1.4508257138561498}, "2": {"loss": 4.5820017114426883e-08, "neff": 1.4508241070503496}, "3": {"loss": 4.647178598542817, "neff": 1.4494946320777706}, "4": {"loss": 4.437042873185752, "neff": 1.4494946293128526}, "5": {"loss": 4.483711354725089, "neff": 1.4494933797818097}, "6": {"loss": 4.314238314960128, "neff": 1.4494928851858035}}