{"1": {"loss": 0.1805859873852173, "neff": 1.4509247844875655}, "2": {"loss": 0.1819938405956023, "neff": 1.4509232002948622}, "3": {"loss": 14.11213925167642, "neff": 1.449694697299527}, "4": {"loss": 14.10718169180845, "neff": 1.4496940111783734}, "5": {"loss": 5.717141881724896, "neff": 1.4496511954382356}, "6": {"loss": 5.727832959997199, "neff": 1.4496500631966034}}