{"1": {"n": 1.4499213245971632, "loss": -1.0782795133760545e-08, "neff": 1.4506764472420177}, "2": {"n": 1.4499213245971632, "loss": 1.0545955866230217e-08, "neff": 1.4506749409341526}, "3": {"n": 1.4499213245971632, "loss": 9.00646160725911, "neff": 1.4492945885645976}, "4": {"n": 1.4499213245971632, "loss": 8.85160948862112, "neff": 1.449294230473793}, "5": {"n": 1.4499213245971632, "loss": 8.949325503410574, "neff": 1.4492931360654049}, "6": {"n": 1.4499213245971632, "loss": 8.907472304540807, "neff": 1.4492930273352942}, "wavelength": 1040, "bend_radius": 0.2}