{"1": {"loss": -1.4601278160770043e-09, "neff": 1.4509103485461003}, "2": {"loss": 1.354188560856389e-09, "neff": 1.4509086646871423}, "3": {"loss": 1.5900851149634097, "neff": 1.4496370303675423}, "4": {"loss": 1.5764152064375483, "neff": 1.4496369072990907}, "5": {"loss": 1.5706892738246792, "neff": 1.4496357803739093}, "6": {"loss": 1.5996076721510726, "neff": 1.449635113615494}}