{"1": {"n": 1.4517539550240655, "loss": 2.29036122444748e-05, "neff": 1.4527115206012784}, "2": {"n": 1.4517539550240655, "loss": 2.650588772763581e-05, "neff": 1.452709822909905}, "3": {"n": 1.4517539550240655, "loss": 1.42028779126743, "neff": 1.451471721867177}, "4": {"n": 1.4517539550240655, "loss": 1.411486887529848, "neff": 1.4514714125442092}, "5": {"n": 1.4517539550240655, "loss": 1.0055756903155688, "neff": 1.4514681018607185}, "6": {"n": 1.4517539550240655, "loss": 1.0086439103819869, "neff": 1.4514666913508365}, "wavelength": 900, "bend_radius": 0.045}