{"1": {"n": 1.4517539550240655, "loss": 12.974389987512813, "neff": 1.4531382072559296}, "2": {"n": 1.4517539550240655, "loss": 13.074069038285778, "neff": 1.453137600374764}, "3": {"n": 1.4517539550240655, "loss": 129.1829359520012, "neff": 1.4522639067701395}, "4": {"n": 1.4517539550240655, "loss": 129.48170025217655, "neff": 1.452263569668937}, "5": {"n": 1.4517539550240655, "loss": 60.56278314417129, "neff": 1.4520568864226406}, "6": {"n": 1.4517539550240655, "loss": 60.41412401685237, "neff": 1.4520568745225622}, "wavelength": 900, "bend_radius": 0.005}