{"1": {"wavelength": 950, "bend_radius": 0.2, "n": 1.4510651315237548, "loss": -4.3808922251953075e-11, "neff": 1.451946640138369}, "2": {"wavelength": 950, "bend_radius": 0.2, "n": 1.4510651315237548, "loss": 4.4269186701443144e-11, "neff": 1.4519450021976426}, "3": {"wavelength": 950, "bend_radius": 0.2, "n": 1.4510651315237548, "loss": 2.1716409175861666, "neff": 1.4506513689451423}, "4": {"wavelength": 950, "bend_radius": 0.2, "n": 1.4510651315237548, "loss": 2.310618441011538, "neff": 1.4506507260682582}, "5": {"wavelength": 950, "bend_radius": 0.2, "n": 1.4510651315237548, "loss": 2.3736430008476703, "neff": 1.4506498256285247}, "6": {"wavelength": 950, "bend_radius": 0.2, "n": 1.4510651315237548, "loss": 2.411543727133697, "neff": 1.4506496258225468}}