{"1": {"loss": -2.6395812148812903e-10, "neff": 1.4508108632980217}, "2": {"loss": 2.6266001262058634e-10, "neff": 1.4508092680104137}, "3": {"loss": 4.821516655776043, "neff": 1.4494696699173013}, "4": {"loss": 4.811011918475906, "neff": 1.4494692101892084}, "5": {"loss": 4.891420522974933, "neff": 1.4494680095880772}, "6": {"loss": 4.892430717759121, "neff": 1.449467998802439}}