{"1": {"loss": 0.244690321836348, "neff": 1.4507947900692681}, "2": {"loss": 0.24953367262244938, "neff": 1.4507932746666825}, "3": {"loss": 21.259472162920773, "neff": 1.449461054903819}, "4": {"loss": 21.253021442573353, "neff": 1.4494604818775987}, "5": {"loss": 11.495071861204487, "neff": 1.4494363658352905}, "6": {"loss": 11.485676943342007, "neff": 1.4494355743723355}}