{"1": {"loss": -1.8295920124874094e-12, "neff": 1.4510245516984537}, "2": {"loss": -3.646120070487888e-12, "neff": 1.4510227697516085}, "3": {"loss": 0.2694390982718889, "neff": 1.4498330103336443}, "4": {"loss": 0.2646240449795203, "neff": 1.4498318053743946}, "5": {"loss": 0.2696597684509839, "neff": 1.4498307602833451}, "6": {"loss": 0.2622124855807451, "neff": 1.4498306850576612}}