{"1": {"wavelength": 860, "bend_radius": 0.02, "n": 1.4523441428045392, "loss": 0.009805055588347652, "neff": 1.453378285832371}, "2": {"wavelength": 860, "bend_radius": 0.02, "n": 1.4523441428045392, "loss": 0.009996399733546765, "neff": 1.453376575680867}, "3": {"wavelength": 860, "bend_radius": 0.02, "n": 1.4523441428045392, "loss": 2.300253408030742, "neff": 1.4522050799170494}, "4": {"wavelength": 860, "bend_radius": 0.02, "n": 1.4523441428045392, "loss": 2.31739212530187, "neff": 1.4522047255627386}, "5": {"wavelength": 860, "bend_radius": 0.02, "n": 1.4523441428045392, "loss": 0.9065690775079133, "neff": 1.4521846039597763}, "6": {"wavelength": 860, "bend_radius": 0.02, "n": 1.4523441428045392, "loss": 0.9159460824596559, "neff": 1.4521829114688747}}