{"1": {"loss": 26.894319685909977, "neff": 1.451288642032843}, "2": {"loss": 26.94300749553688, "neff": 1.4512876190224304}, "3": {"loss": 240.54760837375457, "neff": 1.4503037239785932}, "4": {"loss": 240.52755768305235, "neff": 1.4503020905992268}, "5": {"loss": 114.42279048358326, "neff": 1.4501202857016624}, "6": {"loss": 114.52276784094224, "neff": 1.4501200318225664}}