{"1": {"loss": 0.5046566416258718, "neff": 1.4510221206827494}, "2": {"loss": 0.5071815903348458, "neff": 1.4510205949365957}, "3": {"loss": 24.640734494056527, "neff": 1.4498947531148818}, "4": {"loss": 24.632823742132466, "neff": 1.4498938844785463}, "5": {"loss": 8.462845323069537, "neff": 1.4498028838174137}, "6": {"loss": 8.489615753152135, "neff": 1.4498017684514606}}