{"1": {"n": 1.4524982860552091, "loss": 1.3367884280503635e-12, "neff": 1.4535239002948277}, "2": {"n": 1.4524982860552091, "loss": 2.0213227082146503e-12, "neff": 1.4535221286270974}, "3": {"n": 1.4524982860552091, "loss": 0.26396219558342277, "neff": 1.4523319011461877}, "4": {"n": 1.4524982860552091, "loss": 0.32413913457700994, "neff": 1.4523306958996363}, "5": {"n": 1.4524982860552091, "loss": 0.2853469630197016, "neff": 1.4523298135907734}, "6": {"n": 1.4524982860552091, "loss": 0.31045796110666374, "neff": 1.4523296360082305}, "wavelength": 850, "bend_radius": 0.3}