{"wavelength": 840, "bend_radius": 0.02, "1": {"n": 1.4526553936728075, "loss": 0.006025685491678891, "neff": 1.4537185300798607}, "2": {"n": 1.4526553936728075, "loss": 0.0061396060530266, "neff": 1.4537167943006712}, "3": {"n": 1.4526553936728075, "loss": 1.6297247002247355, "neff": 1.4525654652827504}, "4": {"n": 1.4526553936728075, "loss": 1.6422094422124118, "neff": 1.4525650501539853}, "5": {"n": 1.4526553936728075, "loss": 0.6136516795766024, "neff": 1.452546255043662}, "6": {"n": 1.4526553936728075, "loss": 0.6206350306374057, "neff": 1.4525443881312634}}