{"1": {"loss": 0.09447975704131503, "neff": 1.4507992437489883}, "2": {"loss": 0.09531935321800446, "neff": 1.450797700690679}, "3": {"loss": 14.133090193121499, "neff": 1.4494620959440054}, "4": {"loss": 14.128867804414199, "neff": 1.449461543161438}, "5": {"loss": 8.659949771147586, "neff": 1.4494461478725802}, "6": {"loss": 8.655815979807247, "neff": 1.4494453017967324}}