{"1": {"loss": 0.003259540784299289, "neff": 1.4507456729088208}, "2": {"loss": 0.003107087382836862, "neff": 1.4507441489746307}, "3": {"loss": 11.29064085329912, "neff": 1.4493627347537357}, "4": {"loss": 11.321388330161493, "neff": 1.4493622797662413}, "5": {"loss": 10.573631928414772, "neff": 1.4493588952768595}, "6": {"loss": 10.552552897355188, "neff": 1.4493582097638409}}