{"wavelength": 820, "bend_radius": 0.3, "1": {"n": 1.4529792357022007, "loss": 1.8389847432561154e-12, "neff": 1.4540488413924266}, "2": {"n": 1.4529792357022007, "loss": 4.824759912888313e-12, "neff": 1.4540470344247012}, "3": {"n": 1.4529792357022007, "loss": 0.1020137604351622, "neff": 1.4528905776195928}, "4": {"n": 1.4529792357022007, "loss": 0.07777630478293265, "neff": 1.4528892070998403}, "5": {"n": 1.4529792357022007, "loss": 0.08605361025541544, "neff": 1.4528882918278392}, "6": {"n": 1.4529792357022007, "loss": 0.09907816497165557, "neff": 1.4528880965306872}}