{"1": {"wavelength": 990, "bend_radius": 0.045, "n": 1.4505442353610596, "loss": 0.0012200210015495573, "neff": 1.4513738274473753}, "2": {"wavelength": 990, "bend_radius": 0.045, "n": 1.4505442353610596, "loss": 0.0010327082842067356, "neff": 1.4513722572065328}, "3": {"wavelength": 990, "bend_radius": 0.045, "n": 1.4505442353610596, "loss": 5.607649380623949, "neff": 1.4500456325560291}, "4": {"wavelength": 990, "bend_radius": 0.045, "n": 1.4505442353610596, "loss": 5.596073281513849, "neff": 1.4500455113533068}, "5": {"wavelength": 990, "bend_radius": 0.045, "n": 1.4505442353610596, "loss": 4.790135851865561, "neff": 1.4500413203008868}, "6": {"wavelength": 990, "bend_radius": 0.045, "n": 1.4505442353610596, "loss": 4.819493051979688, "neff": 1.4500405261206664}}