{"1": {"n": 1.4497997593262841, "loss": 2.794163877940002, "neff": 1.450646442750352}, "2": {"n": 1.4497997593262841, "loss": 2.8190724559974716, "neff": 1.4506451776575564}, "3": {"n": 1.4497997593262841, "loss": 86.86753800261074, "neff": 1.4493777859005712}, "4": {"n": 1.4497997593262841, "loss": 86.70943442838514, "neff": 1.4493775242981795}, "5": {"n": 1.4497997593262841, "loss": 36.045964087185446, "neff": 1.4492966647012098}, "6": {"n": 1.4497997593262841, "loss": 36.1339786368209, "neff": 1.449296314118695}, "wavelength": 1050, "bend_radius": 0.01}