{"1": {"loss": 0.00023670712111692233, "neff": 1.4508858042631978}, "2": {"loss": 0.00022278913069918784, "neff": 1.4508841525355867}, "3": {"loss": 3.075969969548657, "neff": 1.4495986465210464}, "4": {"loss": 3.048205011904381, "neff": 1.4495981031810623}, "5": {"loss": 2.429179211767486, "neff": 1.4495942259985473}, "6": {"loss": 2.424888769901956, "neff": 1.449593020254321}}