{"1": {"wavelength": 870, "bend_radius": 0, "n": 1.4521927938551105, "loss": -5.868945419756118e-12, "neff": 1.4531891512356485}, "2": {"wavelength": 870, "bend_radius": 0, "n": 1.4521927938551105, "loss": -4.015108015265128e-12, "neff": 1.453187404313464}, "3": {"wavelength": 870, "bend_radius": 0, "n": 1.4521927938551105, "loss": 0.5153327148480775, "neff": 1.4519754454220486}, "4": {"wavelength": 870, "bend_radius": 0, "n": 1.4521927938551105, "loss": 0.422673738773962, "neff": 1.4519742814040169}, "5": {"wavelength": 870, "bend_radius": 0, "n": 1.4521927938551105, "loss": 0.5272555062527837, "neff": 1.4519733905603769}, "6": {"wavelength": 870, "bend_radius": 0, "n": 1.4521927938551105, "loss": 0.4334826052272468, "neff": 1.4519732901971198}}