{"1": {"loss": 0.043051626842144315, "neff": 1.4510372638348032}, "2": {"loss": 0.043266011931746035, "neff": 1.4510355807405448}, "3": {"loss": 4.903676034139216, "neff": 1.4498824627530211}, "4": {"loss": 4.9029900811845275, "neff": 1.4498817039712648}, "5": {"loss": 1.695993174730078, "neff": 1.44984226421856}, "6": {"loss": 1.7045412667013495, "neff": 1.4498406344452033}}