{"1": {"loss": 0.10798199741123582, "neff": 1.450863657192657}, "2": {"loss": 0.10999946784325099, "neff": 1.4508620779320938}, "3": {"loss": 12.178349574839588, "neff": 1.4495774628409859}, "4": {"loss": 12.18903198121977, "neff": 1.4495768550131727}, "5": {"loss": 6.046605118465576, "neff": 1.449552507543126}, "6": {"loss": 6.049823222658384, "neff": 1.449551484189794}}