{"wavelength": 830, "bend_radius": 0.045, "1": {"n": 1.452815646249081, "loss": 4.771080139422021e-07, "neff": 1.4538749517630352}, "2": {"n": 1.452815646249081, "loss": 6.633219640930628e-07, "neff": 1.453873165277377}, "3": {"n": 1.452815646249081, "loss": 0.3708154836687985, "neff": 1.4527090984225366}, "4": {"n": 1.452815646249081, "loss": 0.3613140710909096, "neff": 1.4527086253977715}, "5": {"n": 1.452815646249081, "loss": 0.21711166728739983, "neff": 1.452706587133625}, "6": {"n": 1.452815646249081, "loss": 0.21038160848752888, "neff": 1.4527046091742124}}