{"1": {"loss": 2.0457287508690975e-12, "neff": 1.4509666573143454}, "2": {"loss": 2.1903421070574066e-12, "neff": 1.4509649222486647}, "3": {"loss": 0.7110615651443885, "neff": 1.4497329275338187}, "4": {"loss": 0.6448832129827609, "neff": 1.4497319357322014}, "5": {"loss": 0.726210445233574, "neff": 1.449730871380883}, "6": {"loss": 0.6579507162290744, "neff": 1.4497308393135033}}