{"1": {"wavelength": 950, "bend_radius": 0.05, "n": 1.4510651315237548, "loss": 4.885422239490155e-05, "neff": 1.4519502812618084}, "2": {"wavelength": 950, "bend_radius": 0.05, "n": 1.4510651315237548, "loss": 7.227850726607772e-05, "neff": 1.451948651143233}, "3": {"wavelength": 950, "bend_radius": 0.05, "n": 1.4510651315237548, "loss": 2.8927741328142167, "neff": 1.450659453712468}, "4": {"wavelength": 950, "bend_radius": 0.05, "n": 1.4510651315237548, "loss": 2.8969444587075754, "neff": 1.4506592661667357}, "5": {"wavelength": 950, "bend_radius": 0.05, "n": 1.4510651315237548, "loss": 2.4697575830549057, "neff": 1.4506562486119268}, "6": {"wavelength": 950, "bend_radius": 0.05, "n": 1.4510651315237548, "loss": 2.479445513975898, "neff": 1.450655214049484}}