{"1": {"wavelength": 1010, "bend_radius": 0.035, "n": 1.4502917785835465, "loss": 0.014522008536530165, "neff": 1.4510966305855277}, "2": {"wavelength": 1010, "bend_radius": 0.035, "n": 1.4502917785835465, "loss": 0.015263880621747055, "neff": 1.451095096663449}, "3": {"wavelength": 1010, "bend_radius": 0.035, "n": 1.4502917785835465, "loss": 8.967253027567676, "neff": 1.4497539248797315}, "4": {"wavelength": 1010, "bend_radius": 0.035, "n": 1.4502917785835465, "loss": 9.005822845031458, "neff": 1.4497538403759866}, "5": {"wavelength": 1010, "bend_radius": 0.035, "n": 1.4502917785835465, "loss": 6.788144954496773, "neff": 1.4497463903123802}, "6": {"wavelength": 1010, "bend_radius": 0.035, "n": 1.4502917785835465, "loss": 6.8210964329515695, "neff": 1.4497457023952112}}