{"1": {"wavelength": 930, "bend_radius": 0.015, "n": 1.4513350097137934, "loss": 0.1333955831255073, "neff": 1.4522879861993339}, "2": {"wavelength": 930, "bend_radius": 0.015, "n": 1.4513350097137934, "loss": 0.13519685721918456, "neff": 1.4522864141587832}, "3": {"wavelength": 930, "bend_radius": 0.015, "n": 1.4513350097137934, "loss": 11.26392387528033, "neff": 1.4510729171031798}, "4": {"wavelength": 930, "bend_radius": 0.015, "n": 1.4513350097137934, "loss": 11.324490001737056, "neff": 1.4510728302937834}, "5": {"wavelength": 930, "bend_radius": 0.015, "n": 1.4513350097137934, "loss": 4.431265683124575, "neff": 1.451031437856505}, "6": {"wavelength": 930, "bend_radius": 0.015, "n": 1.4513350097137934, "loss": 4.460252392052016, "neff": 1.451030355464858}}