{"1": {"loss": 0.1343007304522384, "neff": 1.4507717933331943}, "2": {"loss": 0.13554343424742382, "neff": 1.4507702759153658}, "3": {"loss": 17.60693039735861, "neff": 1.449415722749474}, "4": {"loss": 17.616607943999526, "neff": 1.4494151823327044}, "5": {"loss": 11.154877748724443, "neff": 1.449399899430707}, "6": {"loss": 11.145410217691733, "neff": 1.4493991397991992}}