{"wavelength": 830, "bend_radius": 0.3, "1": {"n": 1.452815646249081, "loss": 2.422558501189629e-12, "neff": 1.4538705548199051}, "2": {"n": 1.452815646249081, "loss": 3.391131857549092e-12, "neff": 1.4538687593099702}, "3": {"n": 1.452815646249081, "loss": 0.14081949461979756, "neff": 1.4527008652093418}, "4": {"n": 1.452815646249081, "loss": 0.12281070864289725, "neff": 1.45269955008276}, "5": {"n": 1.452815646249081, "loss": 0.11777688686036641, "neff": 1.4526986483030986}, "6": {"n": 1.452815646249081, "loss": 0.14304380216343537, "neff": 1.452698459533967}}