{"1": {"loss": -3.755986970392231e-12, "neff": 1.450981177565004}, "2": {"loss": -6.3123514231799376e-12, "neff": 1.4509794306824948}, "3": {"loss": 0.6281962893093349, "neff": 1.4497578384413907}, "4": {"loss": 0.5911001071273436, "neff": 1.4497568705380521}, "5": {"loss": 0.5027819302230206, "neff": 1.4497558241383632}, "6": {"loss": 0.5278909213256981, "neff": 1.4497557074646958}}