{"wavelength": 840, "bend_radius": 0.005, "1": {"n": 1.4526553936728075, "loss": 6.836346316390179, "neff": 1.4541142578999569}, "2": {"n": 1.4526553936728075, "loss": 6.8985678649182764, "neff": 1.4541135731085528}, "3": {"n": 1.4526553936728075, "loss": 73.72180006879617, "neff": 1.453328278443428}, "4": {"n": 1.4526553936728075, "loss": 73.8456582780053, "neff": 1.4533279262249297}, "5": {"n": 1.4526553936728075, "loss": 34.396968858890865, "neff": 1.4531018168066197}, "6": {"n": 1.4526553936728075, "loss": 34.52045675944716, "neff": 1.453101783978336}}