{"1": {"loss": 1.505276971339293, "neff": 1.450914086614676}, "2": {"loss": 1.511473564364823, "neff": 1.4509126577418066}, "3": {"loss": 55.00897672742155, "neff": 1.4497060852179742}, "4": {"loss": 54.99252342314702, "neff": 1.4497052772124606}, "5": {"loss": 21.371622054983536, "neff": 1.4496176750384362}, "6": {"loss": 21.394464087101795, "neff": 1.4496168925806934}}