{"1": {"wavelength": 920, "bend_radius": 0.035, "n": 1.4514726603407175, "loss": 0.0009775464737006483, "neff": 1.452404589343412}, "2": {"wavelength": 920, "bend_radius": 0.035, "n": 1.4514726603407175, "loss": 0.0010908050323596155, "neff": 1.4524029256482718}, "3": {"wavelength": 920, "bend_radius": 0.035, "n": 1.4514726603407175, "loss": 2.573941692793366, "neff": 1.4511491528351654}, "4": {"wavelength": 920, "bend_radius": 0.035, "n": 1.4514726603407175, "loss": 2.595953910033392, "neff": 1.4511488809825182}, "5": {"wavelength": 920, "bend_radius": 0.035, "n": 1.4514726603407175, "loss": 1.630052423995211, "neff": 1.4511422450850369}, "6": {"wavelength": 920, "bend_radius": 0.035, "n": 1.4514726603407175, "loss": 1.6419821990337062, "neff": 1.4511409721558302}}