{"1": {"loss": 0.3719065138462083, "neff": 1.4510495572239528}, "2": {"loss": 0.37377823943173655, "neff": 1.4510480069650935}, "3": {"loss": 19.669428025472225, "neff": 1.4499414236431127}, "4": {"loss": 19.660061028695566, "neff": 1.4499405410503308}, "5": {"loss": 6.514497545864361, "neff": 1.449849693545945}, "6": {"loss": 6.539559057425232, "neff": 1.4498484779703227}}