{"1": {"loss": 0.21214686950413422, "neff": 1.450910919866811}, "2": {"loss": 0.21388661871970305, "neff": 1.4509093482662678}, "3": {"loss": 15.863627432984256, "neff": 1.4496713321760735}, "4": {"loss": 15.856793736136991, "neff": 1.4496706536412987}, "5": {"loss": 6.541507369419906, "neff": 1.4496277468937793}, "6": {"loss": 6.5516300115834705, "neff": 1.4496266671890976}}