{"1": {"wavelength": 910, "bend_radius": 0.035, "n": 1.4516122686289965, "loss": 0.0006904972295284975, "neff": 1.4525585214468535}, "2": {"wavelength": 910, "bend_radius": 0.035, "n": 1.4516122686289965, "loss": 0.0007725437549471894, "neff": 1.452556843946929}, "3": {"wavelength": 910, "bend_radius": 0.035, "n": 1.4516122686289965, "loss": 2.1974857012855495, "neff": 1.4513130341888612}, "4": {"wavelength": 910, "bend_radius": 0.035, "n": 1.4516122686289965, "loss": 2.2167904105765976, "neff": 1.4513127380989623}, "5": {"wavelength": 910, "bend_radius": 0.035, "n": 1.4516122686289965, "loss": 1.359258084931154, "neff": 1.4513062751391332}, "6": {"wavelength": 910, "bend_radius": 0.035, "n": 1.4516122686289965, "loss": 1.3694805363518199, "neff": 1.4513049266163487}}