{"1": {"n": 1.450417409406875, "loss": 0.15662227514417845, "neff": 1.4512531906057133}, "2": {"n": 1.450417409406875, "loss": 0.1605775337513042, "neff": 1.4512516784160405}, "3": {"n": 1.450417409406875, "loss": 15.702068562155329, "neff": 1.4499438969099894}, "4": {"n": 1.450417409406875, "loss": 15.783296435459, "neff": 1.4499438568583436}, "5": {"n": 1.450417409406875, "loss": 8.141317075778502, "neff": 1.4499200321550183}, "6": {"n": 1.450417409406875, "loss": 8.180337833658232, "neff": 1.4499193151220584}, "wavelength": 1000, "bend_radius": 0.02}