{"wavelength": 820, "bend_radius": 0.015, "1": {"n": 1.4529792357022007, "loss": 0.015526569660095864, "neff": 1.4540894338512245}, "2": {"n": 1.4529792357022007, "loss": 0.015752450490589088, "neff": 1.4540877112280612}, "3": {"n": 1.4529792357022007, "loss": 2.232390474824448, "neff": 1.452979917610068}, "4": {"n": 1.4529792357022007, "loss": 2.2502465590231173, "neff": 1.452979556112944}, "5": {"n": 1.4529792357022007, "loss": 0.6939576103611207, "neff": 1.4529459906070517}, "6": {"n": 1.4529792357022007, "loss": 0.7022271163330445, "neff": 1.4529440575899246}}