{"1": {"n": 1.4502917785835465, "loss": 34.31866143055036, "neff": 1.4515401479640981}, "2": {"n": 1.4502917785835465, "loss": 34.510121162588234, "neff": 1.4515396535061351}, "3": {"n": 1.4502917785835465, "loss": 303.97407685594754, "neff": 1.4504994073674213}, "4": {"n": 1.4502917785835465, "loss": 304.9578193769025, "neff": 1.4504990535727982}, "5": {"n": 1.4502917785835465, "loss": 144.1966821996749, "neff": 1.4503300830304486}, "6": {"n": 1.4502917785835465, "loss": 144.06121764776051, "neff": 1.4503299796402846}, "wavelength": 1010, "bend_radius": 0.005}