{"1": {"wavelength": 860, "bend_radius": 0.05, "n": 1.4523441428045392, "loss": 4.874590196210523e-07, "neff": 1.4533587549077294}, "2": {"wavelength": 860, "bend_radius": 0.05, "n": 1.4523441428045392, "loss": 5.569500362267276e-07, "neff": 1.4533570031563148}, "3": {"wavelength": 860, "bend_radius": 0.05, "n": 1.4523441428045392, "loss": 0.6091312302080301, "neff": 1.452159266913033}, "4": {"wavelength": 860, "bend_radius": 0.05, "n": 1.4523441428045392, "loss": 0.5979965513798058, "neff": 1.4521588973896649}, "5": {"wavelength": 860, "bend_radius": 0.05, "n": 1.4523441428045392, "loss": 0.42028251963828406, "neff": 1.4521569701643318}, "6": {"wavelength": 860, "bend_radius": 0.05, "n": 1.4523441428045392, "loss": 0.4106285411495064, "neff": 1.4521552752396374}}