{"1": {"wavelength": 950, "bend_radius": 0.03, "n": 1.4510651315237548, "loss": 0.008907846513623984, "neff": 1.45195720831347}, "2": {"wavelength": 950, "bend_radius": 0.03, "n": 1.4510651315237548, "loss": 0.008779399112082299, "neff": 1.451955593159782}, "3": {"wavelength": 950, "bend_radius": 0.03, "n": 1.4510651315237548, "loss": 4.807559823418768, "neff": 1.4506765112627547}, "4": {"wavelength": 950, "bend_radius": 0.03, "n": 1.4510651315237548, "loss": 4.848758382005415, "neff": 1.4506763157901528}, "5": {"wavelength": 950, "bend_radius": 0.03, "n": 1.4510651315237548, "loss": 2.9401072159451087, "neff": 1.450666361405728}, "6": {"wavelength": 950, "bend_radius": 0.03, "n": 1.4510651315237548, "loss": 2.9598983502549845, "neff": 1.4506653058908339}}