{"1": {"loss": 0.01118656373769802, "neff": 1.450877765562608}, "2": {"loss": 0.010960889383820406, "neff": 1.4508761371575267}, "3": {"loss": 5.381364881953268, "neff": 1.4495901793415347}, "4": {"loss": 5.399088892066847, "neff": 1.4495895991531356}, "5": {"loss": 3.331082393398499, "neff": 1.4495793770954777}, "6": {"loss": 3.330964451506287, "neff": 1.449578217289897}}