{"1": {"loss": -1.1354420897523663e-09, "neff": 1.4508110024287697}, "2": {"loss": 1.090163806436193e-09, "neff": 1.4508094073731022}, "3": {"loss": 4.8918972954861655, "neff": 1.449469898109209}, "4": {"loss": 4.8136021148973835, "neff": 1.449469512869787}, "5": {"loss": 5.1267497292218325, "neff": 1.449468320051094}, "6": {"loss": 4.928033613490657, "neff": 1.4494682549318325}}