{"1": {"loss": 0.002466722051947053, "neff": 1.4510248413430782}, "2": {"loss": 0.002498714957973178, "neff": 1.4510230978427463}, "3": {"loss": 1.5040348149915315, "neff": 1.4498416744293594}, "4": {"loss": 1.5020475553911956, "neff": 1.4498409580373395}, "5": {"loss": 0.6657439490449006, "neff": 1.4498285269596307}, "6": {"loss": 0.6688786078962371, "neff": 1.449826693232543}}