{"1": {"wavelength": 940, "bend_radius": 0.005, "n": 1.451199202758338, "loss": 18.976479573556965, "neff": 1.452533955107843}, "2": {"wavelength": 940, "bend_radius": 0.005, "n": 1.451199202758338, "loss": 19.105471813245224, "neff": 1.452533392879304}, "3": {"wavelength": 940, "bend_radius": 0.005, "n": 1.451199202758338, "loss": 180.62512668387254, "neff": 1.4515996591183067}, "4": {"wavelength": 940, "bend_radius": 0.005, "n": 1.451199202758338, "loss": 181.1010676719244, "neff": 1.4515993212590534}, "5": {"wavelength": 940, "bend_radius": 0.005, "n": 1.451199202758338, "loss": 84.86718961631536, "neff": 1.4514061643722582}, "6": {"wavelength": 940, "bend_radius": 0.005, "n": 1.451199202758338, "loss": 84.71231233323525, "neff": 1.4514061200838357}}