{"1": {"loss": 0.270007711586923, "neff": 1.4510771765986732}, "2": {"loss": 0.27134259105947944, "neff": 1.4510756018007855}, "3": {"loss": 15.518979789517525, "neff": 1.4499878882286308}, "4": {"loss": 15.508713509770867, "neff": 1.4499869919854873}, "5": {"loss": 4.943559006440025, "neff": 1.4498967999269827}, "6": {"loss": 4.966379787966221, "neff": 1.4498954764247785}}