{"1": {"n": 1.4506723353352597, "loss": 0.006403291030826505, "neff": 1.451519178375498}, "2": {"n": 1.4506723353352597, "loss": 0.006901594429957744, "neff": 1.4515176003623107}, "3": {"n": 1.4506723353352597, "loss": 6.10202561266767, "neff": 1.45020524938006}, "4": {"n": 1.4506723353352597, "loss": 6.139091985850146, "neff": 1.450205107839567}, "5": {"n": 1.4506723353352597, "loss": 4.381297303758227, "neff": 1.4501977936531958}, "6": {"n": 1.4506723353352597, "loss": 4.40614815838558, "neff": 1.4501969292902814}, "wavelength": 980, "bend_radius": 0.035}