{"wavelength": 800, "bend_radius": 0.02, "1": {"n": 1.4533172548587419, "loss": 0.002082353122295993, "neff": 1.4544388354653808}, "2": {"n": 1.4533172548587419, "loss": 0.0021207720914783747, "neff": 1.454437051603561}, "3": {"n": 1.4533172548587419, "loss": 0.761906086180969, "neff": 1.453327310551386}, "4": {"n": 1.4533172548587419, "loss": 0.7684080639994336, "neff": 1.4533267569820794}, "5": {"n": 1.4533172548587419, "loss": 0.260321815769936, "neff": 1.4533112608056837}, "6": {"n": 1.4533172548587419, "loss": 0.2638512452351751, "neff": 1.4533090210457846}}