{"1": {"loss": 0.0664191169026531, "neff": 1.450766737445792}, "2": {"loss": 0.06590890483709796, "neff": 1.4507652122279457}, "3": {"loss": 14.377556238972396, "neff": 1.4494035833589498}, "4": {"loss": 14.439920965541724, "neff": 1.4494030625590715}, "5": {"loss": 10.265674207575106, "neff": 1.4493926264729917}, "6": {"loss": 10.246660186854822, "neff": 1.4493918646998742}}