{"1": {"loss": 0.015083986223024795, "neff": 1.4510045505570146}, "2": {"loss": 0.015275912761834192, "neff": 1.4510028461400781}, "3": {"loss": 3.125321813143244, "neff": 1.4498136845335903}, "4": {"loss": 3.1260440366760496, "neff": 1.4498129785402951}, "5": {"loss": 1.275706811761896, "neff": 1.4497912125326144}, "6": {"loss": 1.281209552159884, "neff": 1.4497895697025438}}