{"1": {"n": 1.4517539550240655, "loss": 0.0004825961779765029, "neff": 1.4527145719013304}, "2": {"n": 1.4517539550240655, "loss": 0.000540777137129562, "neff": 1.452712880769823}, "3": {"n": 1.4517539550240655, "loss": 1.8673948892433483, "neff": 1.4514791122682655}, "4": {"n": 1.4517539550240655, "loss": 1.8841183231587082, "neff": 1.451478791131426}, "5": {"n": 1.4517539550240655, "loss": 1.1273281807860351, "neff": 1.4514725194674931}, "6": {"n": 1.4517539550240655, "loss": 1.1359741537662418, "neff": 1.4514710932029178}, "wavelength": 900, "bend_radius": 0.035}