{"1": {"wavelength": 800, "bend_radius": 0.2, "n": 1.4533172548587419, "loss": 2.7341293243679676e-12, "neff": 1.4544164730368032}, "2": {"wavelength": 800, "bend_radius": 0.2, "n": 1.4533172548587419, "loss": 3.936514314439471e-12, "neff": 1.4544146444146568}, "3": {"wavelength": 800, "bend_radius": 0.2, "n": 1.4533172548587419, "loss": 0.04129953069711851, "neff": 1.453281698448149}, "4": {"wavelength": 800, "bend_radius": 0.2, "n": 1.4533172548587419, "loss": 0.049886074015446945, "neff": 1.4532802948563581}, "5": {"wavelength": 800, "bend_radius": 0.2, "n": 1.4533172548587419, "loss": 0.05057514359595704, "neff": 1.4532793495180274}, "6": {"wavelength": 800, "bend_radius": 0.2, "n": 1.4533172548587419, "loss": 0.04141623872268969, "neff": 1.4532790627269734}}