{"1": {"n": 1.4523441428045392, "loss": 2.1228580118802023e-05, "neff": 1.4533608369838467}, "2": {"n": 1.4523441428045392, "loss": 1.9047226499527717e-05, "neff": 1.4533590896121507}, "3": {"n": 1.4523441428045392, "loss": 0.7840861374684666, "neff": 1.4521640990173574}, "4": {"n": 1.4523441428045392, "loss": 0.7831495640052076, "neff": 1.4521636754345866}, "5": {"n": 1.4523441428045392, "loss": 0.4606984629996281, "neff": 1.452159969102536}, "6": {"n": 1.4523441428045392, "loss": 0.46200386472954336, "neff": 1.4521582185951862}, "wavelength": 860, "bend_radius": 0.04}