{"1": {"loss": 5.384664215840077e-12, "neff": 1.4509956321475206}, "2": {"loss": 2.1545101939671444e-12, "neff": 1.4509938734377656}, "3": {"loss": 0.4499329722139941, "neff": 1.4497827613999459}, "4": {"loss": 0.369570340362534, "neff": 1.4497817393696506}, "5": {"loss": 0.46533638262923294, "neff": 1.449780698047307}, "6": {"loss": 0.41840345140748425, "neff": 1.44978057116906}}