{"1": {"n": 1.4521927938551105, "loss": 0.23427761731410496, "neff": 1.453284633742162}, "2": {"n": 1.4521927938551105, "loss": 0.2371851595087821, "neff": 1.4532830997396133}, "3": {"n": 1.4521927938551105, "loss": 13.975091183811719, "neff": 1.4521995161325818}, "4": {"n": 1.4521927938551105, "loss": 13.908357128874181, "neff": 1.4521994700662226}, "5": {"n": 1.4521927938551105, "loss": 4.351150114205295, "neff": 1.4521119979237755}, "6": {"n": 1.4521927938551105, "loss": 4.385271929579317, "neff": 1.4521107584631134}, "wavelength": 870, "bend_radius": 0.01}