{"1": {"loss": 0.2896544111186462, "neff": 1.4508833181708352}, "2": {"loss": 0.2922166274351426, "neff": 1.4508817717702636}, "3": {"loss": 19.874325442933834, "neff": 1.4496246315734767}, "4": {"loss": 19.863550629851552, "neff": 1.4496239676004496}, "5": {"loss": 8.480856058207676, "neff": 1.4495810633539887}, "6": {"loss": 8.488941849337722, "neff": 1.4495800828327492}}