{"1": {"loss": 0.0006815727664745702, "neff": 1.4508008632738905}, "2": {"loss": 0.000802170819593163, "neff": 1.4507992874677238}, "3": {"loss": 6.637970015364169, "neff": 1.4494553805212202}, "4": {"loss": 6.646193908555668, "neff": 1.4494549017469007}, "5": {"loss": 6.128675987889578, "neff": 1.4494516087023646}, "6": {"loss": 6.11381419236838, "neff": 1.4494507430824224}}