{"1": {"loss": 0.035819337372999215, "neff": 1.450808062510326}, "2": {"loss": 0.03536099645878633, "neff": 1.4508064985543838}, "3": {"loss": 10.166556788911649, "neff": 1.4494731680324642}, "4": {"loss": 10.21065638322595, "neff": 1.4494726272862086}, "5": {"loss": 6.9075125276403, "neff": 1.4494621436497221}, "6": {"loss": 6.898694398450005, "neff": 1.4494612471152815}}