{"1": {"wavelength": 800, "bend_radius": 0.03, "n": 1.4533172548587419, "loss": 5.605723214869579e-05, "neff": 1.4544262564524353}, "2": {"wavelength": 800, "bend_radius": 0.03, "n": 1.4533172548587419, "loss": 5.5891525935977885e-05, "neff": 1.4544244472505619}, "3": {"wavelength": 800, "bend_radius": 0.03, "n": 1.4533172548587419, "loss": 0.34291169988786907, "neff": 1.4533004225490593}, "4": {"wavelength": 800, "bend_radius": 0.03, "n": 1.4533172548587419, "loss": 0.3444617861428488, "neff": 1.453299801181521}, "5": {"wavelength": 800, "bend_radius": 0.03, "n": 1.4533172548587419, "loss": 0.1439690830528851, "neff": 1.4532944471176268}, "6": {"wavelength": 800, "bend_radius": 0.03, "n": 1.4533172548587419, "loss": 0.14499917649194222, "neff": 1.453292138511337}}