{"1": {"wavelength": 910, "bend_radius": 0.045, "n": 1.4516122686289965, "loss": 3.778126970427581e-05, "neff": 1.4525554530001465}, "2": {"wavelength": 910, "bend_radius": 0.045, "n": 1.4516122686289965, "loss": 4.1943819028349544e-05, "neff": 1.4525537688894603}, "3": {"wavelength": 910, "bend_radius": 0.045, "n": 1.4516122686289965, "loss": 1.682087620556902, "neff": 1.4513055567868578}, "4": {"wavelength": 910, "bend_radius": 0.045, "n": 1.4516122686289965, "loss": 1.6730346984037618, "neff": 1.4513052704697647}, "5": {"wavelength": 910, "bend_radius": 0.045, "n": 1.4516122686289965, "loss": 1.2213947054962055, "neff": 1.4513018193929013}, "6": {"wavelength": 910, "bend_radius": 0.045, "n": 1.4516122686289965, "loss": 1.2265097225837018, "neff": 1.451300485064248}}