{"1": {"loss": 0.0015261860429370009, "neff": 1.4507731865360745}, "2": {"loss": 0.0016142150878701155, "neff": 1.450771636700693}, "3": {"loss": 8.679634673280178, "neff": 1.4494089525161926}, "4": {"loss": 8.698987250770205, "neff": 1.44940848600095}, "5": {"loss": 8.112552971430661, "neff": 1.4494051371211825}, "6": {"loss": 8.094691387544714, "neff": 1.4494043648665018}}