{"1": {"n": 1.451199202758338, "loss": 0.001900246396353295, "neff": 1.4521026060012685}, "2": {"n": 1.451199202758338, "loss": 0.0021028125146195825, "neff": 1.4521009703809935}, "3": {"n": 1.451199202758338, "loss": 3.4856447419583128, "neff": 1.4508274727683061}, "4": {"n": 1.451199202758338, "loss": 3.513242200660083, "neff": 1.4508272470898775}, "5": {"n": 1.451199202758338, "loss": 2.308610353415236, "neff": 1.450820318793938}, "6": {"n": 1.451199202758338, "loss": 2.3243447173588923, "neff": 1.4508191905752759}, "wavelength": 940, "bend_radius": 0.035}