{"1": {"loss": 0.2850692239667167, "neff": 1.4507811388547294}, "2": {"loss": 0.29069873131017365, "neff": 1.4507796361693959}, "3": {"loss": 23.5806933350858, "neff": 1.4494378431722672}, "4": {"loss": 23.566797741830555, "neff": 1.4494372764613748}, "5": {"loss": 12.958421440117677, "neff": 1.4494132976287524}, "6": {"loss": 12.944900927937109, "neff": 1.44941254714082}}