{"1": {"wavelength": 920, "bend_radius": 0, "n": 1.4514726603407175, "loss": -4.97748436970041e-12, "neff": 1.4523967894116996}, "2": {"wavelength": 920, "bend_radius": 0, "n": 1.4514726603407175, "loss": -4.399124177602974e-12, "neff": 1.4523951089295506}, "3": {"wavelength": 920, "bend_radius": 0, "n": 1.4514726603407175, "loss": 1.2615965057010499, "neff": 1.4511312534836698}, "4": {"wavelength": 920, "bend_radius": 0, "n": 1.4514726603407175, "loss": 1.3554794968164214, "neff": 1.451130353850238}, "5": {"wavelength": 920, "bend_radius": 0, "n": 1.4514726603407175, "loss": 1.2720272796537548, "neff": 1.451129429254792}, "6": {"wavelength": 920, "bend_radius": 0, "n": 1.4514726603407175, "loss": 1.3733129889253186, "neff": 1.4511293451976974}}