{"1": {"loss": 0.00029174975653511944, "neff": 1.4508287052939808}, "2": {"loss": 0.00037878562819338677, "neff": 1.450827103524556}, "3": {"loss": 5.037274925489397, "neff": 1.449502058578234}, "4": {"loss": 5.036358301170702, "neff": 1.449501566655942}, "5": {"loss": 4.554548602304066, "neff": 1.4494983536077282}, "6": {"loss": 4.54200387586556, "neff": 1.449497387653991}}