{"1": {"loss": -9.883814774629619e-12, "neff": 1.451010944421643}, "2": {"loss": 7.28044453583993e-12, "neff": 1.4510091755774146}, "3": {"loss": 0.337985389521413, "neff": 1.4498090992753025}, "4": {"loss": 0.3505403072069576, "neff": 1.4498086497928964}, "5": {"loss": 0.3445408626237933, "neff": 1.4498076080414501}, "6": {"loss": 0.34056178668639103, "neff": 1.4498068502643235}}