{"wavelength": 810, "bend_radius": 0.035, "1": {"n": 1.453146366149297, "loss": 1.119618100238102e-05, "neff": 1.4542379776474932}, "2": {"n": 1.453146366149297, "loss": 1.2077199057949848e-05, "neff": 1.4542361741749805}, "3": {"n": 1.453146366149297, "loss": 0.33486260243030275, "neff": 1.453097885759494}, "4": {"n": 1.453146366149297, "loss": 0.3364855778287213, "neff": 1.453097302052384}, "5": {"n": 1.453146366149297, "loss": 0.1572277639200981, "neff": 1.4530935817877448}, "6": {"n": 1.453146366149297, "loss": 0.156953696453662, "neff": 1.453091371257278}}