{"1": {"wavelength": 900, "bend_radius": 0.02, "n": 1.4517539550240655, "loss": 0.024030522724599906, "neff": 1.4527305943849218}, "2": {"wavelength": 900, "bend_radius": 0.02, "n": 1.4517539550240655, "loss": 0.024541112398947407, "neff": 1.4527289380406128}, "3": {"wavelength": 900, "bend_radius": 0.02, "n": 1.4517539550240655, "loss": 4.312521726638402, "neff": 1.451517940626315}, "4": {"wavelength": 900, "bend_radius": 0.02, "n": 1.4517539550240655, "loss": 4.343804250746728, "neff": 1.4515176934931926}, "5": {"wavelength": 900, "bend_radius": 0.02, "n": 1.4517539550240655, "loss": 1.8521272820318382, "neff": 1.4514955660363091}, "6": {"wavelength": 900, "bend_radius": 0.02, "n": 1.4517539550240655, "loss": 1.867818898543758, "neff": 1.4514941959711654}}