{"1": {"loss": 0.06323920000528042, "neff": 1.4510088819765217}, "2": {"loss": 0.06357988337425996, "neff": 1.4510072231495839}, "3": {"loss": 6.531856745942316, "neff": 1.449835315332916}, "4": {"loss": 6.531556586614022, "neff": 1.4498345773585524}, "5": {"loss": 2.357197567769265, "neff": 1.4497938082351391}, "6": {"loss": 2.3669591384173736, "neff": 1.44979231630514}}