{"1": {"n": 1.4497997593262841, "loss": 0.008728517262084517, "neff": 1.4505458608484652}, "2": {"n": 1.4497997593262841, "loss": 0.007365088832328908, "neff": 1.4505443794619362}, "3": {"n": 1.4497997593262841, "loss": 12.201073288009876, "neff": 1.4491604147862864}, "4": {"n": 1.4497997593262841, "loss": 12.18634892140745, "neff": 1.449160396640585}, "5": {"n": 1.4497997593262841, "loss": 11.115849759099179, "neff": 1.4491560172811422}, "6": {"n": 1.4497997593262841, "loss": 11.17353253991503, "neff": 1.4491555477717468}, "wavelength": 1050, "bend_radius": 0.045}