{"1": {"wavelength": 1010, "bend_radius": 0, "n": 1.4502917785835465, "loss": -5.6843807906304886e-11, "neff": 1.4510884152092642}, "2": {"wavelength": 1010, "bend_radius": 0, "n": 1.4502917785835465, "loss": 5.996463486030843e-11, "neff": 1.4510868638975856}, "3": {"wavelength": 1010, "bend_radius": 0, "n": 1.4502917785835465, "loss": 5.847151959347563, "neff": 1.4497349275795453}, "4": {"wavelength": 1010, "bend_radius": 0, "n": 1.4502917785835465, "loss": 5.890308590589904, "neff": 1.449734408429586}, "5": {"wavelength": 1010, "bend_radius": 0, "n": 1.4502917785835465, "loss": 5.822312088250171, "neff": 1.4497333335052323}, "6": {"wavelength": 1010, "bend_radius": 0, "n": 1.4502917785835465, "loss": 5.926441679283488, "neff": 1.4497332539573065}}