{"1": {"loss": 0.0543917388337499, "neff": 1.4507804717236579}, "2": {"loss": 0.05387994024046474, "neff": 1.4507789336091004}, "3": {"loss": 12.842609733288944, "neff": 1.449426737167704}, "4": {"loss": 12.899055626491089, "neff": 1.4494262099409663}, "5": {"loss": 9.023923712398883, "neff": 1.4494157432321044}, "6": {"loss": 9.00882015169921, "neff": 1.4494149383437926}}