{"1": {"loss": -1.0490793173298034e-10, "neff": 1.450782944473753}, "2": {"loss": 1.0704494830769016e-10, "neff": 1.450781375061042}, "3": {"loss": 6.484115183706238, "neff": 1.4494228680236187}, "4": {"loss": 6.472554766819887, "neff": 1.4494224086468381}, "5": {"loss": 6.492581573850037, "neff": 1.4494212207997708}, "6": {"loss": 6.435689302756248, "neff": 1.4494211450202195}}