{"1": {"loss": 0.1293777672464966, "neff": 1.450952642869045}, "2": {"loss": 0.1302724015798787, "neff": 1.4509510335871447}, "3": {"loss": 11.065752488456052, "neff": 1.449741472699103}, "4": {"loss": 11.063692347171854, "neff": 1.449740770652953}, "5": {"loss": 4.3215100168715335, "neff": 1.4496983381573791}, "6": {"loss": 4.332586115568633, "neff": 1.44969709468128}}