{"1": {"loss": 0.06522671601040486, "neff": 1.450826857612493}, "2": {"loss": 0.06579619218282354, "neff": 1.450825288840134}, "3": {"loss": 11.223303245021713, "neff": 1.4495086120665392}, "4": {"loss": 11.211809235662956, "neff": 1.449508045866464}, "5": {"loss": 6.641423343406491, "neff": 1.4494926220637758}, "6": {"loss": 6.641049579981314, "neff": 1.4494916822295612}}