{"1": {"wavelength": 1020, "bend_radius": 0.02, "n": 1.450167267865247, "loss": 0.21649268012518058, "neff": 1.4509753696044074}, "2": {"wavelength": 1020, "bend_radius": 0.02, "n": 1.450167267865247, "loss": 0.2219920214672708, "neff": 1.4509738871068347}, "3": {"wavelength": 1020, "bend_radius": 0.02, "n": 1.450167267865247, "loss": 19.58032216063935, "neff": 1.4496467373069746}, "4": {"wavelength": 1020, "bend_radius": 0.02, "n": 1.450167267865247, "loss": 19.665148584370396, "neff": 1.4496467313343666}, "5": {"wavelength": 1020, "bend_radius": 0.02, "n": 1.450167267865247, "loss": 10.501315688759083, "neff": 1.4496230226919857}, "6": {"wavelength": 1020, "bend_radius": 0.02, "n": 1.450167267865247, "loss": 10.54537320140731, "neff": 1.4496224121372783}}