{"1": {"loss": 0.023534841827540447, "neff": 1.450896622314252}, "2": {"loss": 0.023752205602965332, "neff": 1.4508949894560366}, "3": {"loss": 5.977909621669666, "neff": 1.4496257563577026}, "4": {"loss": 5.965581314029107, "neff": 1.4496251501876725}, "5": {"loss": 3.220645212030023, "neff": 1.4496100914209398}, "6": {"loss": 3.2247202593756072, "neff": 1.4496088823050879}}