{"1": {"n": 1.4524982860552091, "loss": 2.4583829521607047e-13, "neff": 1.4535237982564235}, "2": {"n": 1.4524982860552091, "loss": 3.4762705927251784e-12, "neff": 1.4535220263760957}, "3": {"n": 1.4524982860552091, "loss": 0.27816684286428317, "neff": 1.4523317543780099}, "4": {"n": 1.4524982860552091, "loss": 0.27235309213133313, "neff": 1.4523304804448374}, "5": {"n": 1.4524982860552091, "loss": 0.28021876011021885, "neff": 1.4523295864888077}, "6": {"n": 1.4524982860552091, "loss": 0.27218884892544354, "neff": 1.4523294750191216}, "wavelength": 850, "bend_radius": 0}