{"1": {"wavelength": 930, "bend_radius": 0.01, "n": 1.4513350097137934, "loss": 0.599190929579302, "neff": 1.4523436533386758}, "2": {"wavelength": 930, "bend_radius": 0.01, "n": 1.4513350097137934, "loss": 0.6059864850523967, "neff": 1.4523422091210023}, "3": {"wavelength": 930, "bend_radius": 0.01, "n": 1.4513350097137934, "loss": 28.03493593473756, "neff": 1.4512005307474052}, "4": {"wavelength": 930, "bend_radius": 0.01, "n": 1.4513350097137934, "loss": 27.92864361525589, "neff": 1.451200402294021}, "5": {"wavelength": 930, "bend_radius": 0.01, "n": 1.4513350097137934, "loss": 9.780669820512543, "neff": 1.4511117576366301}, "6": {"wavelength": 930, "bend_radius": 0.01, "n": 1.4513350097137934, "loss": 9.83412266967048, "neff": 1.4511108737204597}}