{"1": {"wavelength": 1000, "bend_radius": 0.025, "n": 1.450417409406875, "loss": 0.06744603458329398, "neff": 1.4512440968971658}, "2": {"wavelength": 1000, "bend_radius": 0.025, "n": 1.450417409406875, "loss": 0.06839220733058828, "neff": 1.451242565071097}, "3": {"wavelength": 1000, "bend_radius": 0.025, "n": 1.450417409406875, "loss": 11.509415770850953, "neff": 1.4499221710452561}, "4": {"wavelength": 1000, "bend_radius": 0.025, "n": 1.450417409406875, "loss": 11.550106245420087, "neff": 1.4499220936001833}, "5": {"wavelength": 1000, "bend_radius": 0.025, "n": 1.450417409406875, "loss": 6.8682165163617706, "neff": 1.4499069436860967}, "6": {"wavelength": 1000, "bend_radius": 0.025, "n": 1.450417409406875, "loss": 6.906353638984108, "neff": 1.44990620837309}}