{"1": {"loss": 1.1656176915022232, "neff": 1.4509408508231059}, "2": {"loss": 1.1706412036027163, "neff": 1.4509393980129546}, "3": {"loss": 45.602891590811076, "neff": 1.4497535353956403}, "4": {"loss": 45.59167097927487, "neff": 1.449752711497225}, "5": {"loss": 17.228070552178064, "neff": 1.449663751870321}, "6": {"loss": 17.254257433992237, "neff": 1.4496628954900175}}