{"1": {"n": 1.451199202758338, "loss": 7.024813498482334e-13, "neff": 1.4520948233318907}, "2": {"n": 1.451199202758338, "loss": 7.891239198930366e-13, "neff": 1.4520931709481553}, "3": {"n": 1.451199202758338, "loss": 1.8683275217358297, "neff": 1.4508093466297458}, "4": {"n": 1.451199202758338, "loss": 1.9367425907549682, "neff": 1.4508085938064583}, "5": {"n": 1.451199202758338, "loss": 2.0810652271338848, "neff": 1.4508076767230955}, "6": {"n": 1.451199202758338, "loss": 2.0039195891927792, "neff": 1.45080754051937}, "wavelength": 940, "bend_radius": 0.3}