{"1": {"loss": -8.371928779562333e-13, "neff": 1.4509094949105117}, "2": {"loss": -1.671602176853756e-12, "neff": 1.4509078095322108}, "3": {"loss": 1.5148204446839915, "neff": 1.4496356145243583}, "4": {"loss": 1.539688238757689, "neff": 1.4496348866193498}, "5": {"loss": 1.673645475844759, "neff": 1.449633799396003}, "6": {"loss": 1.6244551761548616, "neff": 1.4496337316160428}}