{"1": {"wavelength": 990, "bend_radius": 0.005, "n": 1.4505442353610596, "loss": 29.233368872502968, "neff": 1.4518172655998405}, "2": {"wavelength": 990, "bend_radius": 0.005, "n": 1.4505442353610596, "loss": 29.40532456805345, "neff": 1.45181675292845}, "3": {"wavelength": 990, "bend_radius": 0.005, "n": 1.4505442353610596, "loss": 264.0097740457528, "neff": 1.450807087840387}, "4": {"wavelength": 990, "bend_radius": 0.005, "n": 1.4505442353610596, "loss": 264.8142134097691, "neff": 1.4508067400135474}, "5": {"wavelength": 990, "bend_radius": 0.005, "n": 1.4505442353610596, "loss": 124.82603029198724, "neff": 1.4506308229850586}, "6": {"wavelength": 990, "bend_radius": 0.005, "n": 1.4505442353610596, "loss": 124.67991980608474, "neff": 1.4506307366303222}}