{"1": {"n": 1.4497997593262841, "loss": -5.694319243088925e-10, "neff": 1.4505407829244705}, "2": {"n": 1.4497997593262841, "loss": 5.747411485882221e-10, "neff": 1.45053929096942}, "3": {"n": 1.4497997593262841, "loss": 10.236539504179705, "neff": 1.4491492690000134}, "4": {"n": 1.4497997593262841, "loss": 9.863172762228592, "neff": 1.4491488758663336}, "5": {"n": 1.4497997593262841, "loss": 10.24429431528247, "neff": 1.449147707223138}, "6": {"n": 1.4497997593262841, "loss": 9.918296105601879, "neff": 1.4491476365266227}, "wavelength": 1050, "bend_radius": 0}