{"1": {"wavelength": 900, "bend_radius": 0, "n": 1.4517539550240655, "loss": -5.178305248902343e-13, "neff": 1.452706859137425}, "2": {"wavelength": 900, "bend_radius": 0, "n": 1.4517539550240655, "loss": 1.4295658757130022e-12, "neff": 1.4527051514651346}, "3": {"wavelength": 900, "bend_radius": 0, "n": 1.4517539550240655, "loss": 0.8779370078302533, "neff": 1.4514617057205677}, "4": {"wavelength": 900, "bend_radius": 0, "n": 1.4517539550240655, "loss": 0.8447893545485626, "neff": 1.4514607031820417}, "5": {"wavelength": 900, "bend_radius": 0, "n": 1.4517539550240655, "loss": 0.8970560484408151, "neff": 1.4514597982360038}, "6": {"wavelength": 900, "bend_radius": 0, "n": 1.4517539550240655, "loss": 0.8607312895746677, "neff": 1.4514597094889334}}