{"1": {"loss": 12.990683281817995, "neff": 1.451385908499062}, "2": {"loss": 13.01513728653465, "neff": 1.4513848143935597}, "3": {"loss": 126.42406133947094, "neff": 1.4505211402645914}, "4": {"loss": 126.45596497661582, "neff": 1.4505193150849855}, "5": {"loss": 59.81645467861795, "neff": 1.4503101589871523}, "6": {"loss": 59.93285881139616, "neff": 1.4503098611590814}}