{"wavelength": 800, "bend_radius": 0.005, "1": {"n": 1.4533172548587419, "loss": 4.218069820220356, "neff": 1.4548262420795535}, "2": {"n": 1.4533172548587419, "loss": 4.261826934950179, "neff": 1.4548254957367754}, "3": {"n": 1.4533172548587419, "loss": 48.46630268005296, "neff": 1.4540976502854275}, "4": {"n": 1.4533172548587419, "loss": 48.533484747996695, "neff": 1.4540972736981128}, "5": {"n": 1.4533172548587419, "loss": 22.614465833170303, "neff": 1.4538590694053957}, "6": {"n": 1.4533172548587419, "loss": 22.71656143897279, "neff": 1.4538590103475508}}