{"1": {"wavelength": 1000, "bend_radius": 0.045, "n": 1.450417409406875, "loss": 0.0017566567471133166, "neff": 1.4512329859910338}, "2": {"wavelength": 1000, "bend_radius": 0.045, "n": 1.450417409406875, "loss": 0.0014662899925560178, "neff": 1.4512314304395217}, "3": {"wavelength": 1000, "bend_radius": 0.045, "n": 1.450417409406875, "loss": 6.420793664907993, "neff": 1.449895205029001}, "4": {"wavelength": 1000, "bend_radius": 0.045, "n": 1.450417409406875, "loss": 6.408890148651975, "neff": 1.449895102126358}, "5": {"wavelength": 1000, "bend_radius": 0.045, "n": 1.450417409406875, "loss": 5.565710286329701, "neff": 1.4498908614671784}, "6": {"wavelength": 1000, "bend_radius": 0.045, "n": 1.450417409406875, "loss": 5.598941625641261, "neff": 1.4498901259963404}}