{"1": {"loss": 0.05213975617883262, "neff": 1.4509195041900884}, "2": {"loss": 0.053004786828161565, "neff": 1.4509178740606345}, "3": {"loss": 7.390493324510917, "neff": 1.4496712265548912}, "4": {"loss": 7.398788432242883, "neff": 1.4496705855244894}, "5": {"loss": 3.4079591293081144, "neff": 1.4496467155629504}, "6": {"loss": 3.414294854926941, "neff": 1.4496454710228563}}