{"1": {"loss": 0.6754324863153511, "neff": 1.45099486146033}, "2": {"loss": 0.6787009102387428, "neff": 1.450993360165895}, "3": {"loss": 30.541587802157906, "neff": 1.4498478778814825}, "4": {"loss": 30.53460420876187, "neff": 1.4498470236438825}, "5": {"loss": 10.851213779144695, "neff": 1.44975631940586}, "6": {"loss": 10.878946140121545, "neff": 1.4497552970033745}}