{"wavelength": 830, "bend_radius": 0.1, "1": {"n": 1.452815646249081, "loss": -3.4931784186724627e-12, "neff": 1.4538713637211562}, "2": {"n": 1.452815646249081, "loss": -2.9428817895413116e-12, "neff": 1.453869569867848}, "3": {"n": 1.452815646249081, "loss": 0.14722214109537865, "neff": 1.4527020198953422}, "4": {"n": 1.452815646249081, "loss": 0.175956247418885, "neff": 1.4527012575383729}, "5": {"n": 1.452815646249081, "loss": 0.17732678013292918, "neff": 1.4527003719076568}, "6": {"n": 1.452815646249081, "loss": 0.14892519395501583, "neff": 1.4526996299476018}}