{"1": {"n": 1.4497997593262841, "loss": 0.01652088883500459, "neff": 1.4505472121680127}, "2": {"n": 1.4497997593262841, "loss": 0.018880112608167826, "neff": 1.4505457336161736}, "3": {"n": 1.4497997593262841, "loss": 13.067195265631293, "neff": 1.4491636091590174}, "4": {"n": 1.4497997593262841, "loss": 13.017715436494079, "neff": 1.4491635905298281}, "5": {"n": 1.4497997593262841, "loss": 11.29844959473594, "neff": 1.449157965563949}, "6": {"n": 1.4497997593262841, "loss": 11.353205171358164, "neff": 1.449157489794986}, "wavelength": 1050, "bend_radius": 0.04}