{"wavelength": 830, "bend_radius": 0.025, "1": {"n": 1.452815646249081, "loss": 0.0010234532145217082, "neff": 1.4538850666894791}, "2": {"n": 1.452815646249081, "loss": 0.0010464605002655082, "neff": 1.4538833011473902}, "3": {"n": 1.452815646249081, "loss": 0.8809828013356967, "neff": 1.452731688788659}, "4": {"n": 1.452815646249081, "loss": 0.887974721115295, "neff": 1.4527311912491923}, "5": {"n": 1.452815646249081, "loss": 0.36493188058924897, "neff": 1.4527205632399283}, "6": {"n": 1.452815646249081, "loss": 0.3691605517709954, "neff": 1.4527185583833588}}