{"1": {"wavelength": 1040, "bend_radius": 0.05, "n": 1.4499213245971632, "loss": 0.0023194765117726685, "neff": 1.450680281172935}, "2": {"wavelength": 1040, "bend_radius": 0.05, "n": 1.4499213245971632, "loss": 0.002331504630288773, "neff": 1.4506787828583612}, "3": {"wavelength": 1040, "bend_radius": 0.05, "n": 1.4499213245971632, "loss": 10.279478609999702, "neff": 1.4493030233431397}, "4": {"wavelength": 1040, "bend_radius": 0.05, "n": 1.4499213245971632, "loss": 10.340830189410303, "neff": 1.449302994922827}, "5": {"wavelength": 1040, "bend_radius": 0.05, "n": 1.4499213245971632, "loss": 9.650520820069296, "neff": 1.4492995086509874}, "6": {"wavelength": 1040, "bend_radius": 0.05, "n": 1.4499213245971632, "loss": 9.695859979592598, "neff": 1.449298998741353}}