{"1": {"n": 1.451199202758338, "loss": -4.343710381960845e-08, "neff": 1.4520964311707314}, "2": {"n": 1.451199202758338, "loss": 6.154937091694768e-08, "neff": 1.4520947822394965}, "3": {"n": 1.451199202758338, "loss": 1.976237182803835, "neff": 1.450812312628164}, "4": {"n": 1.451199202758338, "loss": 1.995577091207272, "neff": 1.450812301357652}, "5": {"n": 1.451199202758338, "loss": 2.0002376331469067, "neff": 1.4508110451769067}, "6": {"n": 1.451199202758338, "loss": 2.0229871788931626, "neff": 1.4508101418306438}, "wavelength": 940, "bend_radius": 0.075}