{"1": {"wavelength": 880, "bend_radius": 0.015, "n": 1.452044078932333, "loss": 0.05388572032621355, "neff": 1.45306788001485}, "2": {"wavelength": 880, "bend_radius": 0.015, "n": 1.452044078932333, "loss": 0.05457359366340057, "neff": 1.453066237040942}, "3": {"wavelength": 880, "bend_radius": 0.015, "n": 1.452044078932333, "loss": 5.757388939548562, "neff": 1.4519006453567531}, "4": {"wavelength": 880, "bend_radius": 0.015, "n": 1.452044078932333, "loss": 5.796065895150427, "neff": 1.4519004499834576}, "5": {"wavelength": 880, "bend_radius": 0.015, "n": 1.452044078932333, "loss": 2.0503498133534457, "neff": 1.4518613181336657}, "6": {"wavelength": 880, "bend_radius": 0.015, "n": 1.452044078932333, "loss": 2.0681156716346214, "neff": 1.4518598821954183}}