{"1": {"loss": -1.74209577144329e-10, "neff": 1.4508530207489048}, "2": {"loss": 1.7332468275992564e-10, "neff": 1.450851386757404}, "3": {"loss": 3.041091909314172, "neff": 1.4495404134318195}, "4": {"loss": 3.1315557316136546, "neff": 1.4495399318924242}, "5": {"loss": 3.380756505161543, "neff": 1.4495388000960165}, "6": {"loss": 3.2896401070800088, "neff": 1.4495386902597915}}