{"1": {"loss": 39.95642998597463, "neff": 1.4512279890312747}, "2": {"loss": 40.027811481358896, "neff": 1.45122700530167}, "3": {"loss": 341.3742031289172, "neff": 1.4501669071001897}, "4": {"loss": 341.21630174133423, "neff": 1.450165389429177}, "5": {"loss": 163.53760427904461, "neff": 1.4500009879126836}, "6": {"loss": 163.59264303766935, "neff": 1.4500007603079776}}