{"1": {"wavelength": 920, "bend_radius": 0.015, "n": 1.4514726603407175, "loss": 0.11222814672244963, "neff": 1.4524397160732345}, "2": {"wavelength": 920, "bend_radius": 0.015, "n": 1.4514726603407175, "loss": 0.11371444858806035, "neff": 1.4524381296043538}, "3": {"wavelength": 920, "bend_radius": 0.015, "n": 1.4514726603407175, "loss": 9.921072610382016, "neff": 1.4512342368937525}, "4": {"wavelength": 920, "bend_radius": 0.015, "n": 1.4514726603407175, "loss": 9.977392698783374, "neff": 1.4512341300595888}, "5": {"wavelength": 920, "bend_radius": 0.015, "n": 1.4514726603407175, "loss": 3.8296442240639514, "neff": 1.4511930342577943}, "6": {"wavelength": 920, "bend_radius": 0.015, "n": 1.4514726603407175, "loss": 3.8561955234697556, "neff": 1.4511918854868373}}