{"1": {"loss": 0.08064419243285978, "neff": 1.4507530434164984}, "2": {"loss": 0.0801646154458052, "neff": 1.4507515310686088}, "3": {"loss": 16.056335218249785, "neff": 1.449380465345298}, "4": {"loss": 16.124118689602536, "neff": 1.449379950794328}, "5": {"loss": 11.643505629367867, "neff": 1.4493695588148812}, "6": {"loss": 11.620011499371415, "neff": 1.4493688384270982}}