{"1": {"n": 1.4524982860552091, "loss": 1.5380706495579604e-06, "neff": 1.4535283388971634}, "2": {"n": 1.4524982860552091, "loss": 2.0876574416226578e-06, "neff": 1.4535265765014325}, "3": {"n": 1.4524982860552091, "loss": 0.5617931177814975, "neff": 1.4523406738300095}, "4": {"n": 1.4524982860552091, "loss": 0.5531319008823182, "neff": 1.4523402454376064}, "5": {"n": 1.4524982860552091, "loss": 0.3467738889644641, "neff": 1.4523377984964636}, "6": {"n": 1.4524982860552091, "loss": 0.3424667381455601, "neff": 1.452335985230203}, "wavelength": 850, "bend_radius": 0.045}