{"1": {"wavelength": 960, "bend_radius": 0.015, "n": 1.4509326937135074, "loss": 0.21882115959662246, "neff": 1.4518436866877804}, "2": {"wavelength": 960, "bend_radius": 0.015, "n": 1.4509326937135074, "loss": 0.2219559970570903, "neff": 1.4518421584603207}, "3": {"wavelength": 960, "bend_radius": 0.015, "n": 1.4509326937135074, "loss": 16.169261608158468, "neff": 1.4505997100674908}, "4": {"wavelength": 960, "bend_radius": 0.015, "n": 1.4509326937135074, "loss": 16.241586922193004, "neff": 1.450599679157852}, "5": {"wavelength": 960, "bend_radius": 0.015, "n": 1.4509326937135074, "loss": 6.716088820231624, "neff": 1.450557812299002}, "6": {"wavelength": 960, "bend_radius": 0.015, "n": 1.4509326937135074, "loss": 6.7527361355019995, "neff": 1.4505569166299024}}