{"1": {"n": 1.452044078932333, "loss": -5.2779486583155984e-11, "neff": 1.4530268466571965}, "2": {"n": 1.452044078932333, "loss": 4.235494088850673e-11, "neff": 1.4530251145721567}, "3": {"n": 1.452044078932333, "loss": 0.5719576918001833, "neff": 1.4518030369121606}, "4": {"n": 1.452044078932333, "loss": 0.5591679478154784, "neff": 1.4518025575412992}, "5": {"n": 1.452044078932333, "loss": 0.5554355527265515, "neff": 1.4518016986120517}, "6": {"n": 1.452044078932333, "loss": 0.5837165741440825, "neff": 1.4518009702697379}, "wavelength": 880, "bend_radius": 0.1}