{"1": {"wavelength": 1030, "bend_radius": 0.1, "n": 1.4500438058602083, "loss": -3.748140414362027e-07, "neff": 1.4508135721000137}, "2": {"wavelength": 1030, "bend_radius": 0.1, "n": 1.4500438058602083, "loss": 3.8834275269336706e-07, "neff": 1.4508120525269461}, "3": {"wavelength": 1030, "bend_radius": 0.1, "n": 1.4500438058602083, "loss": 7.567902300518095, "neff": 1.449441857582735}, "4": {"wavelength": 1030, "bend_radius": 0.1, "n": 1.4500438058602083, "loss": 7.866794365816124, "neff": 1.44944168509939}, "5": {"wavelength": 1030, "bend_radius": 0.1, "n": 1.4500438058602083, "loss": 7.592813849236228, "neff": 1.449440541354458}, "6": {"wavelength": 1030, "bend_radius": 0.1, "n": 1.4500438058602083, "loss": 8.187097081776823, "neff": 1.4494402180036075}}