{"wavelength": 1000, "bend_radius": 0.025, "cladding_n": 1.450417409406875, "core_n": 1.452417409406875, "trench_n": 1.445417409406875, "deltan_core": 0.002, "deltan_ring": 0.005, "core_radius": 4.15e-06, "trench_ID": 9.96e-06, "trench_OD": 1.4940000000000001e-05, "1": {"n": 1.450417409406875, "loss": 0.05610339579755577, "neff": 1.4511550513539624, "mode_effective_area": 6.822326250608614e-11, "TE_polarization_fraction": 0.9999998969218787}, "2": {"n": 1.450417409406875, "loss": 0.05519554906584292, "neff": 1.4511520372810827, "mode_effective_area": 6.813684224988246e-11, "TE_polarization_fraction": 1.1949146026190438e-07}, "3": {"n": 1.450417409406875, "loss": 15.91065065594217, "neff": 1.4496138709874735, "mode_effective_area": 1.173713861355412e-10, "TE_polarization_fraction": 0.9996628880264686}, "4": {"n": 1.450417409406875, "loss": 16.05483054168047, "neff": 1.449606716923159, "mode_effective_area": 1.185001513088128e-10, "TE_polarization_fraction": 0.010762938745871944}, "5": {"n": 1.450417409406875, "loss": 9.615779254316875, "neff": 1.4495956546070428, "mode_effective_area": 1.1559878630439601e-10, "TE_polarization_fraction": 0.9893332899038964}, "6": {"n": 1.450417409406875, "loss": 9.605449524340566, "neff": 1.4495919690801917, "mode_effective_area": 1.1438912900153317e-10, "TE_polarization_fraction": 0.000356456662991155}}