{"wavelength": 1000, "bend_radius": 0.01, "cladding_n": 1.450417409406875, "core_n": 1.452417409406875, "trench_n": 1.445417409406875, "deltan_core": 0.002, "deltan_ring": 0.005, "core_radius": 4.15e-06, "trench_ID": 9.96e-06, "trench_OD": 1.4940000000000001e-05, "1": {"n": 1.450417409406875, "loss": 0.9902712050625834, "neff": 1.451218311627626, "mode_effective_area": 6.932078056236873e-11, "TE_polarization_fraction": 0.9999998673461149}, "2": {"n": 1.450417409406875, "loss": 0.9883539422652167, "neff": 1.4512149308976714, "mode_effective_area": 6.919184953945903e-11, "TE_polarization_fraction": 2.2108096867904083e-07}, "3": {"n": 1.450417409406875, "loss": 90.81000780750426, "neff": 1.449810531815095, "mode_effective_area": 1.2661373495581716e-10, "TE_polarization_fraction": 0.9999973247853835}, "4": {"n": 1.450417409406875, "loss": 92.15238367178007, "neff": 1.4498043329816457, "mode_effective_area": 1.2642015752052056e-10, "TE_polarization_fraction": 0.00011331030388281741}, "5": {"n": 1.450417409406875, "loss": 30.427548501380926, "neff": 1.449698808828252, "mode_effective_area": 1.2799637598508128e-10, "TE_polarization_fraction": 0.9998943298429219}, "6": {"n": 1.450417409406875, "loss": 30.453186830089635, "neff": 1.4496938329383364, "mode_effective_area": 1.2842271708894902e-10, "TE_polarization_fraction": 5.137124032424231e-06}}