{"wavelength": 1000, "bend_radius": 0.1, "cladding_n": 1.450417409406875, "core_n": 1.452417409406875, "trench_n": 1.445417409406875, "deltan_core": 0.002, "deltan_ring": 0.005, "core_radius": 4.15e-06, "trench_ID": 9.96e-06, "trench_OD": 1.4940000000000001e-05, "1": {"n": 1.450417409406875, "loss": -2.3352357392208261e-07, "neff": 1.4511440055639608, "mode_effective_area": 6.810097930578191e-11, "TE_polarization_fraction": 0.9999999022824088}, "2": {"n": 1.450417409406875, "loss": 2.6587242008169323e-07, "neff": 1.4511410555058808, "mode_effective_area": 6.802256184471799e-11, "TE_polarization_fraction": 1.0223026739244879e-07}, "3": {"n": 1.450417409406875, "loss": 7.360013164671993, "neff": 1.4495810588890166, "mode_effective_area": 1.1317529495310568e-10, "TE_polarization_fraction": 0.9949971285508021}, "4": {"n": 1.450417409406875, "loss": 7.167312468732416, "neff": 1.4495786533170234, "mode_effective_area": 1.1910849793035306e-10, "TE_polarization_fraction": 0.9495448226217328}, "5": {"n": 1.450417409406875, "loss": 7.3783054222317395, "neff": 1.4495747938771695, "mode_effective_area": 1.1274057462705858e-10, "TE_polarization_fraction": 0.005086279270092329}, "6": {"n": 1.450417409406875, "loss": 7.627547293875724, "neff": 1.4495733929634305, "mode_effective_area": 1.1941495195864148e-10, "TE_polarization_fraction": 0.05029572898890675}}