{"wavelength": 1000, "bend_radius": 0.05, "cladding_n": 1.450417409406875, "core_n": 1.452417409406875, "trench_n": 1.445417409406875, "deltan_core": 0.002, "deltan_ring": 0.005, "core_radius": 4.15e-06, "trench_ID": 9.96e-06, "trench_OD": 1.4940000000000001e-05, "1": {"n": 1.450417409406875, "loss": 0.0012452049228465559, "neff": 1.4511462091863392, "mode_effective_area": 6.812359194118067e-11, "TE_polarization_fraction": 0.9999999012098969}, "2": {"n": 1.450417409406875, "loss": 0.0010558506130813896, "neff": 1.4511432463646765, "mode_effective_area": 6.804356004512273e-11, "TE_polarization_fraction": 1.0566475292848157e-07}, "3": {"n": 1.450417409406875, "loss": 10.440427443131322, "neff": 1.4495875227271433, "mode_effective_area": 1.1408824766705998e-10, "TE_polarization_fraction": 0.9978267639824184}, "4": {"n": 1.450417409406875, "loss": 8.26555905018476, "neff": 1.449582422643972, "mode_effective_area": 1.42912531757349e-10, "TE_polarization_fraction": 0.7959076446362028}, "5": {"n": 1.450417409406875, "loss": 9.949493328885293, "neff": 1.4495795718334905, "mode_effective_area": 1.4407380159268209e-10, "TE_polarization_fraction": 0.2033902585401274}, "6": {"n": 1.450417409406875, "loss": 7.759343814844814, "neff": 1.449578205493873, "mode_effective_area": 1.1278445919485934e-10, "TE_polarization_fraction": 0.0022340664239578296}}