{"wavelength": 1000, "bend_radius": 0, "cladding_n": 1.450417409406875, "core_n": 1.452417409406875, "trench_n": 1.445417409406875, "deltan_core": 0.002, "deltan_ring": 0.005, "core_radius": 4.15e-06, "trench_ID": 9.96e-06, "trench_OD": 1.4940000000000001e-05, "1": {"n": 1.450417409406875, "loss": -7.433267219021376e-11, "neff": 1.4511432716564772, "mode_effective_area": 6.809366170692579e-11, "TE_polarization_fraction": 0.9999999026401194}, "2": {"n": 1.450417409406875, "loss": 8.11727016758386e-11, "neff": 1.451140325847717, "mode_effective_area": 6.801577805479007e-11, "TE_polarization_fraction": 1.0108703844653427e-07}, "3": {"n": 1.450417409406875, "loss": 7.173718039393732, "neff": 1.4495789119480484, "mode_effective_area": 1.1312416061250971e-10, "TE_polarization_fraction": 0.9928028358335115}, "4": {"n": 1.450417409406875, "loss": 7.012931590004738, "neff": 1.4495774640968175, "mode_effective_area": 1.167542049903407e-10, "TE_polarization_fraction": 0.9639955700529875}, "5": {"n": 1.450417409406875, "loss": 7.2588779087124555, "neff": 1.4495736514360502, "mode_effective_area": 1.1290797707576543e-10, "TE_polarization_fraction": 0.007300295900147225}, "6": {"n": 1.450417409406875, "loss": 7.090482980721653, "neff": 1.4495712786500086, "mode_effective_area": 1.1680002206633766e-10, "TE_polarization_fraction": 0.03587474353353607}}