{"wavelength": 1050, "bend_radius": 0, "cladding_n": 1.4497997593262841, "core_n": 1.4517997593262841, "trench_n": 1.4447997593262842, "deltan_core": 0.002, "deltan_ring": 0.005, "core_radius": 4.15e-06, "trench_ID": 9.96e-06, "trench_OD": 1.4940000000000001e-05, "1": {"n": 1.4497997593262841, "loss": -1.4578118837280276e-09, "neff": 1.450443641862423, "mode_effective_area": 7.172701861047235e-11, "TE_polarization_fraction": 0.9999998877435812}, "2": {"n": 1.4497997593262841, "loss": 1.513554209120315e-09, "neff": 1.4504405704215582, "mode_effective_area": 7.164427739732954e-11, "TE_polarization_fraction": 1.167676134240942e-07}, "3": {"n": 1.4497997593262841, "loss": 14.921938466594494, "neff": 1.4488231507545102, "mode_effective_area": 1.2600208880142996e-10, "TE_polarization_fraction": 0.9920392701237588}, "4": {"n": 1.4497997593262841, "loss": 14.467873659219272, "neff": 1.4488213214041543, "mode_effective_area": 1.3059624638377451e-10, "TE_polarization_fraction": 0.9609194923176592}, "5": {"n": 1.4497997593262841, "loss": 15.012535185629442, "neff": 1.448817628174914, "mode_effective_area": 1.2577709617849757e-10, "TE_polarization_fraction": 0.00806984237524674}, "6": {"n": 1.4497997593262841, "loss": 14.56515682379512, "neff": 1.4488150658876529, "mode_effective_area": 1.3062717064730236e-10, "TE_polarization_fraction": 0.03894544152247663}}