{"wavelength": 1050, "bend_radius": 0.05, "cladding_n": 1.4497997593262841, "core_n": 1.4517997593262841, "trench_n": 1.4447997593262842, "deltan_core": 0.002, "deltan_ring": 0.005, "core_radius": 4.15e-06, "trench_ID": 9.96e-06, "trench_OD": 1.4940000000000001e-05, "1": {"n": 1.4497997593262841, "loss": 0.007769286487720747, "neff": 1.4504466527413569, "mode_effective_area": 7.177969509421684e-11, "TE_polarization_fraction": 0.9999998861756736}, "2": {"n": 1.4497997593262841, "loss": 0.00649132052141691, "neff": 1.4504435631491424, "mode_effective_area": 7.169484365018619e-11, "TE_polarization_fraction": 1.2138324704149582e-07}, "3": {"n": 1.4497997593262841, "loss": 17.032476142510944, "neff": 1.4488327263424066, "mode_effective_area": 1.2630586241226095e-10, "TE_polarization_fraction": 0.9978055483794865}, "4": {"n": 1.4497997593262841, "loss": 16.239101784870552, "neff": 1.448826804270824, "mode_effective_area": 1.7324349821795434e-10, "TE_polarization_fraction": 0.6988064559875938}, "5": {"n": 1.4497997593262841, "loss": 16.860906094815462, "neff": 1.4488241713514791, "mode_effective_area": 1.7396359300800787e-10, "TE_polarization_fraction": 0.30119538719624994}, "6": {"n": 1.4497997593262841, "loss": 15.807124994922514, "neff": 1.448822517776342, "mode_effective_area": 1.2546698362330208e-10, "TE_polarization_fraction": 0.0022472508174981713}}