{"wavelength": 1050, "bend_radius": 0.01, "cladding_n": 1.4497997593262841, "core_n": 1.4517997593262841, "trench_n": 1.4447997593262842, "deltan_core": 0.002, "deltan_ring": 0.005, "core_radius": 4.15e-06, "trench_ID": 9.96e-06, "trench_OD": 1.4940000000000001e-05, "1": {"n": 1.4497997593262841, "loss": 1.9190655907349747, "neff": 1.4505207353640948, "mode_effective_area": 7.354207762079948e-11, "TE_polarization_fraction": 0.9999998491006883}, "2": {"n": 1.4497997593262841, "loss": 1.9161640928259913, "neff": 1.4505172034275062, "mode_effective_area": 7.341128459820341e-11, "TE_polarization_fraction": 2.399264378778816e-07}, "3": {"n": 1.4497997593262841, "loss": 141.90258139539145, "neff": 1.449068764233286, "mode_effective_area": 1.321124692431825e-10, "TE_polarization_fraction": 0.9999971712312542}, "4": {"n": 1.4497997593262841, "loss": 143.87825600060006, "neff": 1.4490625784715818, "mode_effective_area": 1.3186410078785124e-10, "TE_polarization_fraction": 0.00011234632815435525}, "5": {"n": 1.4497997593262841, "loss": 52.55304468628811, "neff": 1.448949944592746, "mode_effective_area": 1.400431849435011e-10, "TE_polarization_fraction": 0.9998951106875552}, "6": {"n": 1.4497997593262841, "loss": 52.60583047720832, "neff": 1.4489450713646184, "mode_effective_area": 1.404585133613509e-10, "TE_polarization_fraction": 5.554811221246082e-06}}