{"wavelength": 1050, "bend_radius": 0.1, "cladding_n": 1.4497997593262841, "core_n": 1.4517997593262841, "trench_n": 1.4447997593262842, "deltan_core": 0.002, "deltan_ring": 0.005, "core_radius": 4.15e-06, "trench_ID": 9.96e-06, "trench_OD": 1.4940000000000001e-05, "1": {"n": 1.4497997593262841, "loss": -1.3068436592497076e-06, "neff": 1.4504443940026153, "mode_effective_area": 7.17399256904635e-11, "TE_polarization_fraction": 0.9999998873514844}, "2": {"n": 1.4497997593262841, "loss": 4.814668153511549e-06, "neff": 1.4504413180224165, "mode_effective_area": 7.165666504307618e-11, "TE_polarization_fraction": 1.1791942626067481e-07}, "3": {"n": 1.4497997593262841, "loss": 15.989716318463513, "neff": 1.448825541002283, "mode_effective_area": 1.2594127202653385e-10, "TE_polarization_fraction": 0.9946592002887146}, "4": {"n": 1.4497997593262841, "loss": 14.852753108053463, "neff": 1.4488226068414776, "mode_effective_area": 1.339698457528906e-10, "TE_polarization_fraction": 0.942010781112611}, "5": {"n": 1.4497997593262841, "loss": 15.407335048205828, "neff": 1.448818852162827, "mode_effective_area": 1.2552305906980048e-10, "TE_polarization_fraction": 0.0054309176345060245}, "6": {"n": 1.4497997593262841, "loss": 15.600748756281334, "neff": 1.4488174242108713, "mode_effective_area": 1.3420988074077092e-10, "TE_polarization_fraction": 0.057823234555314476}}