{"wavelength": 1050, "bend_radius": 0.025, "cladding_n": 1.4497997593262841, "core_n": 1.4517997593262841, "trench_n": 1.4447997593262842, "deltan_core": 0.002, "deltan_ring": 0.005, "core_radius": 4.15e-06, "trench_ID": 9.96e-06, "trench_OD": 1.4940000000000001e-05, "1": {"n": 1.4497997593262841, "loss": 0.1437073046658461, "neff": 1.450455719109317, "mode_effective_area": 7.194854240995864e-11, "TE_polarization_fraction": 0.9999998814640215}, "2": {"n": 1.4497997593262841, "loss": 0.1409700084517759, "neff": 1.4504525748085768, "mode_effective_area": 7.185745554574996e-11, "TE_polarization_fraction": 1.353878865905582e-07}, "3": {"n": 1.4497997593262841, "loss": 29.715700186606462, "neff": 1.4488618008184158, "mode_effective_area": 1.288554777047624e-10, "TE_polarization_fraction": 0.9996797135476442}, "4": {"n": 1.4497997593262841, "loss": 30.015773439481013, "neff": 1.4488543129578497, "mode_effective_area": 1.2978313389936867e-10, "TE_polarization_fraction": 0.008004077822721726}, "5": {"n": 1.4497997593262841, "loss": 19.178767885355374, "neff": 1.4488408169510918, "mode_effective_area": 1.2809656232980138e-10, "TE_polarization_fraction": 0.9920768339347668}, "6": {"n": 1.4497997593262841, "loss": 19.18998638782632, "neff": 1.4488372556829723, "mode_effective_area": 1.270807914743685e-10, "TE_polarization_fraction": 0.00033953530858206286}}