{"wavelength": 800, "bend_radius": 0.05, "cladding_n": 1.4533172548587419, "core_n": 1.4553172548587419, "trench_n": 1.448317254858742, "deltan_core": 0.002, "deltan_ring": 0.005, "core_radius": 4.15e-06, "trench_ID": 9.96e-06, "trench_OD": 1.4940000000000001e-05, "1": {"n": 1.4533172548587419, "loss": 1.4136339206686594e-08, "neff": 1.4543789885428087, "mode_effective_area": 5.559080043308369e-11, "TE_polarization_fraction": 0.9999999500840481}, "2": {"n": 1.4533172548587419, "loss": 1.3154389647862766e-08, "neff": 1.454376485514947, "mode_effective_area": 5.552163922109981e-11, "TE_polarization_fraction": 5.5017250434681846e-08}, "3": {"n": 1.4533172548587419, "loss": 0.09239264173222028, "neff": 1.4531024771851169, "mode_effective_area": 7.167589559409718e-11, "TE_polarization_fraction": 0.971464081439132}, "4": {"n": 1.4533172548587419, "loss": 0.13885467147532612, "neff": 1.4531024741599587, "mode_effective_area": 7.034175515805405e-11, "TE_polarization_fraction": 0.9977197280328016}, "5": {"n": 1.4533172548587419, "loss": 0.09305811605713919, "neff": 1.4530979099046075, "mode_effective_area": 6.97711375835331e-11, "TE_polarization_fraction": 0.0023350124417190372}, "6": {"n": 1.4533172548587419, "loss": 0.13796892698750696, "neff": 1.4530972825562167, "mode_effective_area": 7.227086134147087e-11, "TE_polarization_fraction": 0.028434970605655537}}