{"wavelength": 800, "bend_radius": 0.025, "cladding_n": 1.4533172548587419, "core_n": 1.4553172548587419, "trench_n": 1.448317254858742, "deltan_core": 0.002, "deltan_ring": 0.005, "core_radius": 4.15e-06, "trench_ID": 9.96e-06, "trench_OD": 1.4940000000000001e-05, "1": {"n": 1.4533172548587419, "loss": 0.0002470871857113763, "neff": 1.4543875216914992, "mode_effective_area": 5.5421997782385445e-11, "TE_polarization_fraction": 0.9999999474913369}, "2": {"n": 1.4533172548587419, "loss": 0.00024756464475325386, "neff": 1.4543849844836558, "mode_effective_area": 5.534688680642773e-11, "TE_polarization_fraction": 6.908679073855421e-08}, "3": {"n": 1.4533172548587419, "loss": 0.3840679058346064, "neff": 1.4531139374453834, "mode_effective_area": 7.27018848343026e-11, "TE_polarization_fraction": 0.9990278528673251}, "4": {"n": 1.4533172548587419, "loss": 0.17514594458822952, "neff": 1.4531117667836826, "mode_effective_area": 7.707891338739342e-11, "TE_polarization_fraction": 0.9235073455746956}, "5": {"n": 1.4533172548587419, "loss": 0.3690111140173834, "neff": 1.4531085358199776, "mode_effective_area": 7.945991763099202e-11, "TE_polarization_fraction": 0.07638865619305694}, "6": {"n": 1.4533172548587419, "loss": 0.1595539136459103, "neff": 1.4531070129097277, "mode_effective_area": 7.039769574828551e-11, "TE_polarization_fraction": 0.0010057209826485872}}