{"wavelength": 800, "bend_radius": 0, "cladding_n": 1.4533172548587419, "core_n": 1.4553172548587419, "trench_n": 1.448317254858742, "deltan_core": 0.002, "deltan_ring": 0.005, "core_radius": 4.15e-06, "trench_ID": 9.96e-06, "trench_OD": 1.4940000000000001e-05, "1": {"n": 1.4533172548587419, "loss": -3.3111881339090396e-12, "neff": 1.454376145189481, "mode_effective_area": 5.564985172436625e-11, "TE_polarization_fraction": 0.9999999509464879}, "2": {"n": 1.4533172548587419, "loss": -4.106757557508059e-12, "neff": 1.4543736534525473, "mode_effective_area": 5.5582687516611985e-11, "TE_polarization_fraction": 5.030378298756349e-08}, "3": {"n": 1.4533172548587419, "loss": 0.08130855642732313, "neff": 1.4530994343759884, "mode_effective_area": 7.096112400871308e-11, "TE_polarization_fraction": 0.9764646248341723}, "4": {"n": 1.4533172548587419, "loss": 0.074449051916076, "neff": 1.453098857281972, "mode_effective_area": 6.966185355517515e-11, "TE_polarization_fraction": 0.9969420761293335}, "5": {"n": 1.4533172548587419, "loss": 0.07760833851192289, "neff": 1.453094909164505, "mode_effective_area": 6.960808185365388e-11, "TE_polarization_fraction": 0.003122934277063276}, "6": {"n": 1.4533172548587419, "loss": 0.08384673142690292, "neff": 1.4530937161545538, "mode_effective_area": 7.104022658334958e-11, "TE_polarization_fraction": 0.02343853086823036}}