{"wavelength": 800, "bend_radius": 0.01, "cladding_n": 1.4533172548587419, "core_n": 1.4553172548587419, "trench_n": 1.448317254858742, "deltan_core": 0.002, "deltan_ring": 0.005, "core_radius": 4.15e-06, "trench_ID": 9.96e-06, "trench_OD": 1.4940000000000001e-05, "1": {"n": 1.4533172548587419, "loss": 0.030095827110711317, "neff": 1.4544475047364214, "mode_effective_area": 5.4592983381808565e-11, "TE_polarization_fraction": 0.9999999291568342}, "2": {"n": 1.4533172548587419, "loss": 0.029959676716310096, "neff": 1.4544447165488776, "mode_effective_area": 5.447727111094903e-11, "TE_polarization_fraction": 1.6559594070167393e-07}, "3": {"n": 1.4533172548587419, "loss": 6.522191379744389, "neff": 1.4532255191438683, "mode_effective_area": 9.815288635998214e-11, "TE_polarization_fraction": 0.9999908278224625}, "4": {"n": 1.4533172548587419, "loss": 6.604005781724223, "neff": 1.45321985424814, "mode_effective_area": 9.790546143558946e-11, "TE_polarization_fraction": 0.00044329238276200614}, "5": {"n": 1.4533172548587419, "loss": 1.1902332456481337, "neff": 1.4531809195792098, "mode_effective_area": 7.733706824811332e-11, "TE_polarization_fraction": 0.9995726532893915}, "6": {"n": 1.4533172548587419, "loss": 1.1884298078574043, "neff": 1.4531757428396073, "mode_effective_area": 7.769606966217354e-11, "TE_polarization_fraction": 1.2100987784787585e-05}}