{"wavelength": 800, "bend_radius": 0.1, "cladding_n": 1.4533172548587419, "core_n": 1.4553172548587419, "trench_n": 1.448317254858742, "deltan_core": 0.002, "deltan_ring": 0.005, "core_radius": 4.15e-06, "trench_ID": 9.96e-06, "trench_OD": 1.4940000000000001e-05, "1": {"n": 1.4533172548587419, "loss": -2.17958216565341e-12, "neff": 1.4543768559860988, "mode_effective_area": 5.563495830668483e-11, "TE_polarization_fraction": 0.9999999507309647}, "2": {"n": 1.4533172548587419, "loss": 6.816897466866848e-13, "neff": 1.4543743614275788, "mode_effective_area": 5.5567294159314705e-11, "TE_polarization_fraction": 5.1483308746778886e-08}, "3": {"n": 1.4533172548587419, "loss": 0.0788031052172137, "neff": 1.4531001931754914, "mode_effective_area": 7.112006668991389e-11, "TE_polarization_fraction": 0.9754104879433411}, "4": {"n": 1.4533172548587419, "loss": 0.08083029069447792, "neff": 1.4530997521941191, "mode_effective_area": 6.98249783446768e-11, "TE_polarization_fraction": 0.9971586683113054}, "5": {"n": 1.4533172548587419, "loss": 0.0811396801471383, "neff": 1.453095657829998, "mode_effective_area": 6.964606621871327e-11, "TE_polarization_fraction": 0.0029035287298779943}, "6": {"n": 1.4533172548587419, "loss": 0.08072556896246187, "neff": 1.4530945990294517, "mode_effective_area": 7.13236165170259e-11, "TE_polarization_fraction": 0.02449229695827507}}