{"wavelength": 850, "bend_radius": 0.05, "cladding_n": 1.4524982860552091, "core_n": 1.4544982860552091, "trench_n": 1.4474982860552092, "deltan_core": 0.002, "deltan_ring": 0.005, "core_radius": 4.15e-06, "trench_ID": 9.96e-06, "trench_OD": 1.4940000000000001e-05, "1": {"n": 1.4524982860552091, "loss": 3.6749187680056826e-07, "neff": 1.4534764689447093, "mode_effective_area": 5.842753936057601e-11, "TE_polarization_fraction": 0.9999999398371711}, "2": {"n": 1.4524982860552091, "loss": 5.043483540241357e-07, "neff": 1.4534738604185466, "mode_effective_area": 5.835755775623233e-11, "TE_polarization_fraction": 6.555089552211332e-08}, "3": {"n": 1.4524982860552091, "loss": 0.49522897075167827, "neff": 1.4521186547066864, "mode_effective_area": 7.943472574966248e-11, "TE_polarization_fraction": 0.9976698558760854}, "4": {"n": 1.4524982860552091, "loss": 0.38906601071814084, "neff": 1.4521173168910224, "mode_effective_area": 8.257874284225143e-11, "TE_polarization_fraction": 0.9548118205587146}, "5": {"n": 1.4524982860552091, "loss": 0.3907493588380597, "neff": 1.4521129066639191, "mode_effective_area": 7.863791250438843e-11, "TE_polarization_fraction": 0.0023852981648952248}, "6": {"n": 1.4524982860552091, "loss": 0.4938754692467531, "neff": 1.4521127654925505, "mode_effective_area": 8.336206774867069e-11, "TE_polarization_fraction": 0.04507355548421598}}