{"wavelength": 850, "bend_radius": 0, "cladding_n": 1.4524982860552091, "core_n": 1.4544982860552091, "trench_n": 1.4474982860552092, "deltan_core": 0.002, "deltan_ring": 0.005, "core_radius": 4.15e-06, "trench_ID": 9.96e-06, "trench_OD": 1.4940000000000001e-05, "1": {"n": 1.4524982860552091, "loss": 4.971802889307497e-12, "neff": 1.453473639642505, "mode_effective_area": 5.846412229126204e-11, "TE_polarization_fraction": 0.9999999408382962}, "2": {"n": 1.4524982860552091, "loss": -1.9697048967263507e-12, "neff": 1.4534710438830258, "mode_effective_area": 5.839621006710748e-11, "TE_polarization_fraction": 6.091401689194604e-08}, "3": {"n": 1.4524982860552091, "loss": 0.34343524220319066, "neff": 1.4521138699582585, "mode_effective_area": 8.028570033628612e-11, "TE_polarization_fraction": 0.9730990969365844}, "4": {"n": 1.4524982860552091, "loss": 0.35757222161693414, "neff": 1.4521138210820577, "mode_effective_area": 7.86037088172483e-11, "TE_polarization_fraction": 0.9957166696733964}, "5": {"n": 1.4524982860552091, "loss": 0.35546462597931666, "neff": 1.4521095415080154, "mode_effective_area": 7.849716226930632e-11, "TE_polarization_fraction": 0.004362330040216219}, "6": {"n": 1.4524982860552091, "loss": 0.344367004565652, "neff": 1.452108009908755, "mode_effective_area": 8.035624213154186e-11, "TE_polarization_fraction": 0.026794873204445225}}