{"wavelength": 850, "bend_radius": 0.01, "cladding_n": 1.4524982860552091, "core_n": 1.4544982860552091, "trench_n": 1.4474982860552092, "deltan_core": 0.002, "deltan_ring": 0.005, "core_radius": 4.15e-06, "trench_ID": 9.96e-06, "trench_OD": 1.4940000000000001e-05, "1": {"n": 1.4524982860552091, "loss": 0.08425787357057629, "neff": 1.4535450366176366, "mode_effective_area": 5.7965735052920846e-11, "TE_polarization_fraction": 0.9999999157280473}, "2": {"n": 1.4524982860552091, "loss": 0.0839311822609746, "neff": 1.45354210709226, "mode_effective_area": 5.7846918630642225e-11, "TE_polarization_fraction": 1.762792634041536e-07}, "3": {"n": 1.4524982860552091, "loss": 15.02989157765899, "neff": 1.4522723277177814, "mode_effective_area": 1.079911415863086e-10, "TE_polarization_fraction": 0.9999950869560585}, "4": {"n": 1.4524982860552091, "loss": 15.246215627271537, "neff": 1.4522663883043452, "mode_effective_area": 1.0784389992209238e-10, "TE_polarization_fraction": 0.00021894663624667319}, "5": {"n": 1.4524982860552091, "loss": 3.289265414250196, "neff": 1.452205661406538, "mode_effective_area": 8.91884417369799e-11, "TE_polarization_fraction": 0.9997920391252761}, "6": {"n": 1.4524982860552091, "loss": 3.2886704239168054, "neff": 1.4522004986174273, "mode_effective_area": 8.95937961305918e-11, "TE_polarization_fraction": 7.299320532240809e-06}}