{"wavelength": 850, "bend_radius": 0.025, "cladding_n": 1.4524982860552091, "core_n": 1.4544982860552091, "trench_n": 1.4474982860552092, "deltan_core": 0.002, "deltan_ring": 0.005, "core_radius": 4.15e-06, "trench_ID": 9.96e-06, "trench_OD": 1.4940000000000001e-05, "1": {"n": 1.4524982860552091, "loss": 0.0013309579732256208, "neff": 1.4534849676360246, "mode_effective_area": 5.832585562317881e-11, "TE_polarization_fraction": 0.9999999368312604}, "2": {"n": 1.4524982860552091, "loss": 0.001326382144817024, "neff": 1.4534823204853693, "mode_effective_area": 5.824968999604983e-11, "TE_polarization_fraction": 7.942891318339279e-08}, "3": {"n": 1.4524982860552091, "loss": 1.2335592534187223, "neff": 1.4521338771117447, "mode_effective_area": 8.260525666758865e-11, "TE_polarization_fraction": 0.9993755690083949}, "4": {"n": 1.4524982860552091, "loss": 1.019104245099199, "neff": 1.4521287641105902, "mode_effective_area": 1.1489674864368256e-10, "TE_polarization_fraction": 0.33227902476586274}, "5": {"n": 1.4524982860552091, "loss": 0.7931893298420716, "neff": 1.4521267734174594, "mode_effective_area": 1.1301434114580796e-10, "TE_polarization_fraction": 0.6681232923620046}, "6": {"n": 1.4524982860552091, "loss": 0.5730163675146092, "neff": 1.4521231180166958, "mode_effective_area": 7.9546250549463e-11, "TE_polarization_fraction": 0.000650772867717778}}