{"wavelength": 850, "bend_radius": 0.1, "cladding_n": 1.4524982860552091, "core_n": 1.4544982860552091, "trench_n": 1.4474982860552092, "deltan_core": 0.002, "deltan_ring": 0.005, "core_radius": 4.15e-06, "trench_ID": 9.96e-06, "trench_OD": 1.4940000000000001e-05, "1": {"n": 1.4524982860552091, "loss": -1.1924039228631584e-11, "neff": 1.4534743468064155, "mode_effective_area": 5.8454851580868e-11, "TE_polarization_fraction": 0.9999999405880554}, "2": {"n": 1.4524982860552091, "loss": -1.070915754123988e-12, "neff": 1.453471747856365, "mode_effective_area": 5.838642159820566e-11, "TE_polarization_fraction": 6.2073803877541e-08}, "3": {"n": 1.4524982860552091, "loss": 0.3835083366627692, "neff": 1.4521150196051706, "mode_effective_area": 7.879634335795885e-11, "TE_polarization_fraction": 0.9963707986162518}, "4": {"n": 1.4524982860552091, "loss": 0.36528163575695005, "neff": 1.4521147272079642, "mode_effective_area": 8.072241231240335e-11, "TE_polarization_fraction": 0.9697963642935177}, "5": {"n": 1.4524982860552091, "loss": 0.36925108218100855, "neff": 1.452110381341427, "mode_effective_area": 7.851531361821254e-11, "TE_polarization_fraction": 0.0037009352330500266}, "6": {"n": 1.4524982860552091, "loss": 0.39749002455411414, "neff": 1.452109191305193, "mode_effective_area": 8.097268991446819e-11, "TE_polarization_fraction": 0.030093394358955198}}