{"wavelength": 900, "bend_radius": 0.025, "cladding_n": 1.4517539550240655, "core_n": 1.4537539550240655, "trench_n": 1.4467539550240656, "deltan_core": 0.002, "deltan_ring": 0.005, "core_radius": 4.15e-06, "trench_ID": 9.96e-06, "trench_OD": 1.4940000000000001e-05, "1": {"n": 1.4517539550240655, "loss": 0.005590560039400324, "neff": 1.4526571634411936, "mode_effective_area": 6.141897510827093e-11, "TE_polarization_fraction": 0.9999999247698157}, "2": {"n": 1.4517539550240655, "loss": 0.005543869591790611, "neff": 1.4526543994296288, "mode_effective_area": 6.134034670213813e-11, "TE_polarization_fraction": 9.135198093257775e-08}, "3": {"n": 1.4517539550240655, "loss": 3.3223400931808498, "neff": 1.4512361854356073, "mode_effective_area": 9.374912639795358e-11, "TE_polarization_fraction": 0.9995360811953269}, "4": {"n": 1.4517539550240655, "loss": 3.280533640398693, "neff": 1.4512300576256152, "mode_effective_area": 9.89963949301291e-11, "TE_polarization_fraction": 0.048007881967868364}, "5": {"n": 1.4517539550240655, "loss": 1.768661221398638, "neff": 1.4512253295081021, "mode_effective_area": 9.546150184807776e-11, "TE_polarization_fraction": 0.9522103483921639}, "6": {"n": 1.4517539550240655, "loss": 1.7022919811844723, "neff": 1.4512214249561612, "mode_effective_area": 9.016424005726824e-11, "TE_polarization_fraction": 0.00048641276017834717}}