{"wavelength": 900, "bend_radius": 0.01, "cladding_n": 1.4517539550240655, "core_n": 1.4537539550240655, "trench_n": 1.4467539550240656, "deltan_core": 0.002, "deltan_ring": 0.005, "core_radius": 4.15e-06, "trench_ID": 9.96e-06, "trench_OD": 1.4940000000000001e-05, "1": {"n": 1.4517539550240655, "loss": 0.21036219366463157, "neff": 1.4527178663153193, "mode_effective_area": 6.153644602053728e-11, "TE_polarization_fraction": 0.9999999008378986}, "2": {"n": 1.4517539550240655, "loss": 0.20975480274369582, "neff": 1.4527147892461625, "mode_effective_area": 6.141402601429205e-11, "TE_polarization_fraction": 1.8914131880353868e-07}, "3": {"n": 1.4517539550240655, "loss": 30.187743690016433, "neff": 1.4513985181453983, "mode_effective_area": 1.1537368679697609e-10, "TE_polarization_fraction": 0.9999965987386492}, "4": {"n": 1.4517539550240655, "loss": 30.640496979650955, "neff": 1.4513924180678563, "mode_effective_area": 1.1525931621255666e-10, "TE_polarization_fraction": 0.00015016542255661905}, "5": {"n": 1.4517539550240655, "loss": 7.783825543118083, "neff": 1.451312811056633, "mode_effective_area": 1.0209031752456491e-10, "TE_polarization_fraction": 0.9998588144365153}, "6": {"n": 1.4517539550240655, "loss": 7.786438944691989, "neff": 1.451307687040688, "mode_effective_area": 1.025165247748202e-10, "TE_polarization_fraction": 5.646600995856337e-06}}