{"wavelength": 900, "bend_radius": 0.05, "cladding_n": 1.4517539550240655, "core_n": 1.4537539550240655, "trench_n": 1.4467539550240656, "deltan_core": 0.002, "deltan_ring": 0.005, "core_radius": 4.15e-06, "trench_ID": 9.96e-06, "trench_OD": 1.4940000000000001e-05, "1": {"n": 1.4517539550240655, "loss": 7.47722390869454e-06, "neff": 1.4526486165174, "mode_effective_area": 6.145413791393076e-11, "TE_polarization_fraction": 0.9999999282019543}, "2": {"n": 1.4517539550240655, "loss": 1.0673684010238525e-05, "neff": 1.4526458955755006, "mode_effective_area": 6.138186123596397e-11, "TE_polarization_fraction": 7.757991057248747e-08}, "3": {"n": 1.4517539550240655, "loss": 1.4923947070768573, "neff": 1.4512170033134546, "mode_effective_area": 8.993552160020373e-11, "TE_polarization_fraction": 0.9977198755545331}, "4": {"n": 1.4517539550240655, "loss": 1.2783973513281168, "neff": 1.451214285792476, "mode_effective_area": 9.702011330795294e-11, "TE_polarization_fraction": 0.9255078766091364}, "5": {"n": 1.4517539550240655, "loss": 1.4914780424624727, "neff": 1.451210406290829, "mode_effective_area": 9.79758228949721e-11, "TE_polarization_fraction": 0.07437405551086351}, "6": {"n": 1.4517539550240655, "loss": 1.2777372108047618, "neff": 1.4512100004501265, "mode_effective_area": 8.895084625092115e-11, "TE_polarization_fraction": 0.002334044170450753}}