{"wavelength": 900, "bend_radius": 0.1, "cladding_n": 1.4517539550240655, "core_n": 1.4537539550240655, "trench_n": 1.4467539550240656, "deltan_core": 0.002, "deltan_ring": 0.005, "core_radius": 4.15e-06, "trench_ID": 9.96e-06, "trench_OD": 1.4940000000000001e-05, "1": {"n": 1.4517539550240655, "loss": -4.045290505624618e-10, "neff": 1.4526464839478632, "mode_effective_area": 6.146486705864674e-11, "TE_polarization_fraction": 0.9999999290602007}, "2": {"n": 1.4517539550240655, "loss": 3.7336830172870765e-10, "neff": 1.452643773709665, "mode_effective_area": 6.139418175199589e-11, "TE_polarization_fraction": 7.413821029281596e-08}, "3": {"n": 1.4517539550240655, "loss": 1.0591028457715397, "neff": 1.451212380648663, "mode_effective_area": 8.92104120258265e-11, "TE_polarization_fraction": 0.9957772463653308}, "4": {"n": 1.4517539550240655, "loss": 1.1462642415335302, "neff": 1.4512113381545848, "mode_effective_area": 9.207260140958134e-11, "TE_polarization_fraction": 0.9636056865420659}, "5": {"n": 1.4517539550240655, "loss": 1.1967204609764817, "neff": 1.4512071727589102, "mode_effective_area": 8.883909159302072e-11, "TE_polarization_fraction": 0.0042997653212184135}, "6": {"n": 1.4517539550240655, "loss": 1.1402784368674543, "neff": 1.4512058851133642, "mode_effective_area": 9.23609520729616e-11, "TE_polarization_fraction": 0.036275309894398165}}