{"wavelength": 900, "bend_radius": 0, "cladding_n": 1.4517539550240655, "core_n": 1.4537539550240655, "trench_n": 1.4467539550240656, "deltan_core": 0.002, "deltan_ring": 0.005, "core_radius": 4.15e-06, "trench_ID": 9.96e-06, "trench_OD": 1.4940000000000001e-05, "1": {"n": 1.4517539550240655, "loss": 2.194719455842839e-12, "neff": 1.4526457734572098, "mode_effective_area": 6.146861193211588e-11, "TE_polarization_fraction": 0.999999929346311}, "2": {"n": 1.4517539550240655, "loss": -3.284775777182738e-13, "neff": 1.4526430667813084, "mode_effective_area": 6.139845749496332e-11, "TE_polarization_fraction": 7.299098297595787e-08}, "3": {"n": 1.4517539550240655, "loss": 1.0938163728244459, "neff": 1.4512108566568203, "mode_effective_area": 8.901430838856705e-11, "TE_polarization_fraction": 0.9945986907926586}, "4": {"n": 1.4517539550240655, "loss": 1.1590336399896806, "neff": 1.4512103698738974, "mode_effective_area": 9.119815077026636e-11, "TE_polarization_fraction": 0.9699598728408352}, "5": {"n": 1.4517539550240655, "loss": 1.1196747324838467, "neff": 1.4512062325896713, "mode_effective_area": 8.885994667498132e-11, "TE_polarization_fraction": 0.005490710906766806}, "6": {"n": 1.4517539550240655, "loss": 1.1860129873703993, "neff": 1.4512043822039842, "mode_effective_area": 9.126198885650175e-11, "TE_polarization_fraction": 0.029925210854619314}}