{"wavelength": 950, "bend_radius": 0.01, "cladding_n": 1.4510651315237548, "core_n": 1.4530651315237548, "trench_n": 1.446065131523755, "deltan_core": 0.002, "deltan_ring": 0.005, "core_radius": 4.15e-06, "trench_ID": 9.96e-06, "trench_OD": 1.4940000000000001e-05, "1": {"n": 1.4510651315237548, "loss": 0.4757807377981588, "neff": 1.4519470459841566, "mode_effective_area": 6.531918752048359e-11, "TE_polarization_fraction": 0.9999998846500657}, "2": {"n": 1.4510651315237548, "loss": 0.47477139732399415, "neff": 1.451943817668402, "mode_effective_area": 6.51932147088487e-11, "TE_polarization_fraction": 2.0411167787923922e-07}, "3": {"n": 1.4510651315237548, "loss": 54.54489572229068, "neff": 1.4505831547296675, "mode_effective_area": 1.2125985258042922e-10, "TE_polarization_fraction": 0.9999971819350556}, "4": {"n": 1.4510651315237548, "loss": 55.37059912363023, "neff": 1.4505769772199626, "mode_effective_area": 1.21118758514736e-10, "TE_polarization_fraction": 0.00012329834404770483}, "5": {"n": 1.4510651315237548, "loss": 16.208324177519778, "neff": 1.4504823730993155, "mode_effective_area": 1.1524081815108835e-10, "TE_polarization_fraction": 0.9998847618420438}, "6": {"n": 1.4510651315237548, "loss": 16.218605011687796, "neff": 1.450477312177065, "mode_effective_area": 1.156724572341422e-10, "TE_polarization_fraction": 5.112975560457377e-06}}