{"wavelength": 950, "bend_radius": 0, "cladding_n": 1.4510651315237548, "core_n": 1.4530651315237548, "trench_n": 1.446065131523755, "deltan_core": 0.002, "deltan_ring": 0.005, "core_radius": 4.15e-06, "trench_ID": 9.96e-06, "trench_OD": 1.4940000000000001e-05, "1": {"n": 1.4510651315237548, "loss": -2.987890177987209e-12, "neff": 1.4518737049824322, "mode_effective_area": 6.467563181062395e-11, "TE_polarization_fraction": 0.9999999165660783}, "2": {"n": 1.4510651315237548, "loss": 2.8844165630630163e-12, "neff": 1.4518708812383707, "mode_effective_area": 6.460204888591034e-11, "TE_polarization_fraction": 8.643262219754364e-08}, "3": {"n": 1.4510651315237548, "loss": 3.0404135793322995, "neff": 1.4503708586976518, "mode_effective_area": 1.0065321574069108e-10, "TE_polarization_fraction": 0.9936359959391871}, "4": {"n": 1.4510651315237548, "loss": 3.0657451965442313, "neff": 1.450369863559069, "mode_effective_area": 1.0348050492089872e-10, "TE_polarization_fraction": 0.9669670939451148}, "5": {"n": 1.4510651315237548, "loss": 3.1043703778166214, "neff": 1.4503659012939754, "mode_effective_area": 1.0046103061330057e-10, "TE_polarization_fraction": 0.006461000527820082}, "6": {"n": 1.4510651315237548, "loss": 3.121809678675398, "neff": 1.450363766936035, "mode_effective_area": 1.035368405794672e-10, "TE_polarization_fraction": 0.032909999679288815}}