{"wavelength": 950, "bend_radius": 0.025, "cladding_n": 1.4510651315237548, "core_n": 1.4530651315237548, "trench_n": 1.446065131523755, "deltan_core": 0.002, "deltan_ring": 0.005, "core_radius": 4.15e-06, "trench_ID": 9.96e-06, "trench_OD": 1.4940000000000001e-05, "1": {"n": 1.4510651315237548, "loss": 0.01920499787117905, "neff": 1.4518852507252216, "mode_effective_area": 6.471503287728319e-11, "TE_polarization_fraction": 0.9999999114161345}, "2": {"n": 1.4510651315237548, "loss": 0.01896273984305529, "neff": 1.4518823639477434, "mode_effective_area": 6.463287284683444e-11, "TE_polarization_fraction": 1.047549082035335e-07}, "3": {"n": 1.4510651315237548, "loss": 7.723745382078236, "neff": 1.4504012903423267, "mode_effective_area": 1.0553868255283923e-10, "TE_polarization_fraction": 0.9996199188948824}, "4": {"n": 1.4510651315237548, "loss": 7.761208560920559, "neff": 1.4503945777187524, "mode_effective_area": 1.07446264891086e-10, "TE_polarization_fraction": 0.01826217023388685}, "5": {"n": 1.4510651315237548, "loss": 4.350055412999654, "neff": 1.4503865260233602, "mode_effective_area": 1.0391697975346799e-10, "TE_polarization_fraction": 0.9818672747516592}, "6": {"n": 1.4510651315237548, "loss": 4.317135428881808, "neff": 1.4503827138739933, "mode_effective_area": 1.0193114769371726e-10, "TE_polarization_fraction": 0.0004004316330724965}}