{"wavelength": 950, "bend_radius": 0.05, "cladding_n": 1.4510651315237548, "core_n": 1.4530651315237548, "trench_n": 1.446065131523755, "deltan_core": 0.002, "deltan_ring": 0.005, "core_radius": 4.15e-06, "trench_ID": 9.96e-06, "trench_OD": 1.4940000000000001e-05, "1": {"n": 1.4510651315237548, "loss": 0.00011737465051953553, "neff": 1.4518765853972735, "mode_effective_area": 6.468326082879801e-11, "TE_polarization_fraction": 0.9999999152776687}, "2": {"n": 1.4510651315237548, "loss": 0.00012965527015939876, "neff": 1.4518737459577062, "mode_effective_area": 6.460753019282771e-11, "TE_polarization_fraction": 9.100178770136249e-08}, "3": {"n": 1.4510651315237548, "loss": 4.0408760301054985, "neff": 1.4503783062047364, "mode_effective_area": 1.015565141330302e-10, "TE_polarization_fraction": 0.9977906927072581}, "4": {"n": 1.4510651315237548, "loss": 3.468410220270897, "neff": 1.450374291910812, "mode_effective_area": 1.1671129299443214e-10, "TE_polarization_fraction": 0.8742400928018196}, "5": {"n": 1.4510651315237548, "loss": 4.02323317923911, "neff": 1.4503710175996523, "mode_effective_area": 1.1777877912962934e-10, "TE_polarization_fraction": 0.12562964977945978}, "6": {"n": 1.4510651315237548, "loss": 3.4168386456906394, "neff": 1.450370075484294, "mode_effective_area": 1.0046429594555818e-10, "TE_polarization_fraction": 0.002262467929969475}}