{"wavelength": 950, "bend_radius": 0.1, "cladding_n": 1.4510651315237548, "core_n": 1.4530651315237548, "trench_n": 1.446065131523755, "deltan_core": 0.002, "deltan_ring": 0.005, "core_radius": 4.15e-06, "trench_ID": 9.96e-06, "trench_OD": 1.4940000000000001e-05, "1": {"n": 1.4510651315237548, "loss": -1.1881761537515215e-08, "neff": 1.4518744247102298, "mode_effective_area": 6.467740390522228e-11, "TE_polarization_fraction": 0.9999999162438835}, "2": {"n": 1.4510651315237548, "loss": 1.1743929915423416e-08, "neff": 1.4518715970462834, "mode_effective_area": 6.46032839512479e-11, "TE_polarization_fraction": 8.757433680648814e-08}, "3": {"n": 1.4510651315237548, "loss": 3.3970705038244233, "neff": 1.4503727053151216, "mode_effective_area": 1.0088793086468459e-10, "TE_polarization_fraction": 0.9953460814664302}, "4": {"n": 1.4510651315237548, "loss": 3.2794898615954367, "neff": 1.4503709471298827, "mode_effective_area": 1.0500729993519225e-10, "TE_polarization_fraction": 0.9568227921379883}, "5": {"n": 1.4510651315237548, "loss": 3.044615386466922, "neff": 1.4503669432007584, "mode_effective_area": 1.0036811297137283e-10, "TE_polarization_fraction": 0.0047406556402845666}, "6": {"n": 1.4510651315237548, "loss": 3.495318028399629, "neff": 1.4503655905945874, "mode_effective_area": 1.0533219216430845e-10, "TE_polarization_fraction": 0.043035656350107296}}